stop_id,stop_name,latitude,longitude
NSR:Quay:10000,Løkenåsveien,59.917833,10.965836
NSR:Quay:10001,Skrytastubben,60.182088,11.264876
NSR:Quay:10002,Øierudåsen,59.652138,10.66
NSR:Quay:10003,Glenneveien,59.91937,10.941887
NSR:Quay:10004,Skrytastubben,60.181895,11.26501
NSR:Quay:10005,Glenneveien,59.919508,10.941103
NSR:Quay:10006,Øierudåsen,59.652062,10.660048
NSR:Quay:10007,Rasta senter,59.924053,10.938158
NSR:Quay:10008,Rasta senter,59.923036,10.938687
NSR:Quay:10009,Øierud,59.650273,10.665056
NSR:Quay:10011,Ekebergveien,59.648976,10.666147
NSR:Quay:10013,Ekebergveien,59.648933,10.66604
NSR:Quay:10014,Skryta,60.177943,11.268319
NSR:Quay:10015,Skryta,60.177921,11.268121
NSR:Quay:10016,Røykåsveien,59.927906,10.93527
NSR:Quay:10017,Røykåsveien,59.928849,10.935382
NSR:Quay:10018,Haveråsveien,59.648593,10.668032
NSR:Quay:10019,Haveråsveien,59.648521,10.66799
NSR:Quay:10020,Njåls vei,59.933613,10.935624
NSR:Quay:10021,Njåls vei,59.933021,10.934883
NSR:Quay:10022,Odalen,59.653278,10.647123
NSR:Quay:10023,Odalen,59.653339,10.647064
NSR:Quay:10024,Røykås nordre,59.92885,10.931579
NSR:Quay:10027,Austad,60.175249,11.265905
NSR:Quay:10028,Austad,60.175225,11.26604
NSR:Quay:10029,Røykås,59.921491,10.932051
NSR:Quay:10030,Røykås,59.921384,10.931898
NSR:Quay:10031,Vestbyveien,59.654229,10.63707
NSR:Quay:10032,Vestbyveien,59.654108,10.637066
NSR:Quay:100329,Brånåslia,59.993097,11.026811
NSR:Quay:10033,Sønnaveien,59.915491,10.928966
NSR:Quay:100330,Brånåslia,59.992771,11.026829
NSR:Quay:10034,Sønnaveien,59.915536,10.929063
NSR:Quay:10036,Kleiva sør,59.91416,10.927427
NSR:Quay:10037,Kleiva sør,59.913977,10.928044
NSR:Quay:10038,Havstad,59.773598,10.707971
NSR:Quay:10039,Muri,60.173683,11.264607
NSR:Quay:10040,Muri,60.173751,11.264819
NSR:Quay:10041,Løkenåsfaret,59.918446,10.962355
NSR:Quay:10042,Solbukta,59.769984,10.708585
NSR:Quay:10043,Løkenåsfaret,59.918746,10.962175
NSR:Quay:10044,Slora,59.766978,10.70954
NSR:Quay:10045,Visperud,59.935317,10.934749
NSR:Quay:10046,Visperud,59.934982,10.935262
NSR:Quay:10047,Nedre Glenne,59.759414,10.706024
NSR:Quay:10048,Visperud,59.936533,10.937088
NSR:Quay:10049,Stubberud,60.169559,11.263371
NSR:Quay:10050,Stubberud,60.169519,11.26325
NSR:Quay:10051,Ullerud,59.666952,10.641463
NSR:Quay:10052,Ullerud,59.666547,10.643043
NSR:Quay:10053,Lørenskog stasjon,59.944406,10.944893
NSR:Quay:10054,Lørenskog stasjon,59.944553,10.944918
NSR:Quay:10055,Digerud veikryss,59.723502,10.609014
NSR:Quay:10056,Digerud veikryss,59.724085,10.60936
NSR:Quay:10057,Strømsbergveien,59.941812,11.002824
NSR:Quay:10058,Strømsbergveien,59.942992,11.003602
NSR:Quay:10059,Stasjonsveien,59.945411,11.006404
NSR:Quay:10060,Digerud gård,59.721591,10.610371
NSR:Quay:10061,Stasjonsveien,59.945462,11.006667
NSR:Quay:100614,Brages veg,60.170272,11.139493
NSR:Quay:100615,Brages veg,60.170443,11.1393
NSR:Quay:100619,Ørajordet,59.528557,10.689231
NSR:Quay:100620,Gamlevegen,60.076296,11.128735
NSR:Quay:100621,Vestby kirke,59.601816,10.731835
NSR:Quay:100622,Gretes vei,59.599901,10.701622
NSR:Quay:100623,Gretes vei,59.600082,10.701866
NSR:Quay:100624,Pepperstadmarka,59.604963,10.709851
NSR:Quay:100625,Pepperstadmarka,59.604697,10.707255
NSR:Quay:100627,Son havn nord,59.526289,10.689598
NSR:Quay:100628,Son havn nord,59.526068,10.68974
NSR:Quay:10063,Julset,60.162284,11.262419
NSR:Quay:100632,Fossum snuplass,59.961209,10.621483
NSR:Quay:100634,Stortorvet,59.913153,10.745149
NSR:Quay:10064,Julset,60.162098,11.262875
NSR:Quay:10065,Frydenlundsgata,59.948731,11.010846
NSR:Quay:10066,Digerud,59.720393,10.617299
NSR:Quay:100662,Sætreskogen,59.769319,10.819382
NSR:Quay:10067,Frydenlundsgata,59.948824,11.011015
NSR:Quay:10068,Digerud,59.720655,10.615328
NSR:Quay:10069,Huseby,59.692096,10.702129
NSR:Quay:10070,Frydenbergveien,59.942324,11.014043
NSR:Quay:10071,Huseby,59.692211,10.702229
NSR:Quay:10072,Frydenbergveien,59.9422,11.014046
NSR:Quay:100721,Orderudtoppen,59.968591,11.247052
NSR:Quay:10073,Stokstadvegen,60.166016,11.261791
NSR:Quay:10074,Strømmen storsenter,59.946735,11.005825
NSR:Quay:10075,Billitt,59.690043,10.694099
NSR:Quay:10076,Stokstadvegen,60.166,11.261617
NSR:Quay:10077,Strømmen storsenter,59.947191,11.004873
NSR:Quay:10078,Billitt,59.690224,10.695046
NSR:Quay:10079,Strømmen stasjon,59.948911,11.001979
NSR:Quay:10080,Tomter,59.68748,10.678641
NSR:Quay:10081,Strømmen stasjon,59.948828,11.001737
NSR:Quay:10082,Tomter,59.687526,10.679722
NSR:Quay:10083,Strømmen stasjon,59.94887,11.001855
NSR:Quay:10084,Strømmen stasjon,59.948796,11.001622
NSR:Quay:10085,Skjetten senter,59.967954,10.998875
NSR:Quay:100855,Fossum snuplass,59.961218,10.621448
NSR:Quay:10086,Skjetten senter,59.967699,10.999313
NSR:Quay:10087,Heer,59.685394,10.66107
NSR:Quay:10088,Skrythagen,60.179509,11.267504
NSR:Quay:10090,Skrythagen,60.179615,11.26759
NSR:Quay:10091,Bråtejordet,59.954102,11.001247
NSR:Quay:10092,Bråtejordet,59.954425,11.000619
NSR:Quay:10093,Ottarsrud,59.684683,10.667947
NSR:Quay:10094,Ottarsrud,59.684615,10.668344
NSR:Quay:10095,Olavsgaard,59.979094,11.001306
NSR:Quay:10096,Olavsgaard,59.979142,11.001322
NSR:Quay:10097,Olavsgaard,59.979296,11.001383
NSR:Quay:10098,Olavsgaard,59.979244,11.001359
NSR:Quay:10100,Olavsgaard,59.979037,11.001281
NSR:Quay:10102,Olavsgaard,59.979193,11.00134
NSR:Quay:10103,Horgen,59.688598,10.732822
NSR:Quay:10104,Horgen,59.688824,10.733946
NSR:Quay:10105,Stokstad,60.156384,11.28936
NSR:Quay:10106,Stokstad,60.156475,11.28924
NSR:Quay:10107,Svømmehallen,59.96139,10.996462
NSR:Quay:10108,Svømmehallen,59.961245,10.995963
NSR:Quay:10109,Horgenmyra,59.686079,10.729077
NSR:Quay:10110,Horgenmyra,59.685914,10.729123
NSR:Quay:10111,Hellerud,59.980775,10.973513
NSR:Quay:10112,Hellerud,59.980562,10.970549
NSR:Quay:10113,Bakker gård,59.684641,10.717595
NSR:Quay:10114,Bakker gård,59.684767,10.717641
NSR:Quay:10115,Hellerudsletta,59.981364,10.980374
NSR:Quay:10116,Hellerudsletta,59.981553,10.977997
NSR:Quay:10117,Gosenveien,59.68521,10.725266
NSR:Quay:10118,Gosenveien,59.685257,10.725003
NSR:Quay:10119,Berg,60.161432,11.299471
NSR:Quay:10120,Berg,60.161409,11.299251
NSR:Quay:10121,Plantasjen,59.981333,10.989128
NSR:Quay:10122,Plantasjen,59.981151,10.988978
NSR:Quay:101225,Kolbotn torg,59.81176,10.796578
NSR:Quay:10123,Røed,59.68588,10.705659
NSR:Quay:10124,Røed,59.685666,10.705713
NSR:Quay:10126,Gislerud,59.679009,10.663945
NSR:Quay:10127,Gislerud,59.679477,10.664124
NSR:Quay:10128,Guldhaug-Tømte,59.960962,10.98323
NSR:Quay:10129,Dyrløkke,59.673882,10.655692
NSR:Quay:10130,Dyrløkke,59.673716,10.65559
NSR:Quay:10131,Jødal,60.168001,11.302652
NSR:Quay:10132,Jødal,60.168067,11.302515
NSR:Quay:10133,Nordens vei,59.967755,11.006246
NSR:Quay:101335,Welhavens gate,59.921521,10.730022
NSR:Quay:101336,Welhavens gate,59.921537,10.730059
NSR:Quay:10134,Nordens vei,59.96769,11.006608
NSR:Quay:10136,Rosbakkløkka,59.667914,10.659445
NSR:Quay:10137,Solvangen,59.971947,11.007067
NSR:Quay:10138,Fugleveien,59.66629,10.659804
NSR:Quay:10139,Tårnbyveien,59.973413,11.004747
NSR:Quay:10140,Tårnbyveien,59.972841,11.005377
NSR:Quay:101400,Sars' gate,59.921494,10.771223
NSR:Quay:101401,Sars' gate,59.921614,10.771708
NSR:Quay:10141,Trolldalen,59.66463,10.657216
NSR:Quay:10142,Trolldalen,59.665144,10.658358
NSR:Quay:10143,Mittun,60.171751,11.305551
NSR:Quay:10144,Mittun,60.171909,11.305739
NSR:Quay:10145,Breidablikk,59.962368,10.994804
NSR:Quay:10146,Breidablikk,59.962827,10.994666
NSR:Quay:101465,Hausmanns bru,59.914722,10.760357
NSR:Quay:101466,Hausmanns bru,59.914362,10.759633
NSR:Quay:10147,Dueveien,59.663864,10.655719
NSR:Quay:10148,Landskronaveien,59.968805,10.992832
NSR:Quay:10149,Landskronaveien,59.968665,10.992822
NSR:Quay:10150,Skorkeberg,59.660105,10.650102
NSR:Quay:10151,Skorkeberg,59.659988,10.649676
NSR:Quay:10152,Sagdalen skole,59.950847,11.011686
NSR:Quay:10153,Sagdalen skole,59.950985,11.011879
NSR:Quay:10154,Ullerudsletta,59.670194,10.648826
NSR:Quay:10155,Ullerudsletta,59.669665,10.648013
NSR:Quay:10156,Vardeåsen,60.020483,11.050932
NSR:Quay:10157,Algarheim skole,60.144899,11.251391
NSR:Quay:10158,Holterteigen,59.66286,10.646248
NSR:Quay:10159,Holterteigen,59.662575,10.646331
NSR:Quay:101591,Rustad,59.729749,10.992371
NSR:Quay:101592,Rustad,59.729646,10.992269
NSR:Quay:101593,Rustadstuen,59.726809,11.000471
NSR:Quay:101594,Rustadstuen,59.72692,11.000431
NSR:Quay:101595,Ski sykehus,59.724168,10.842897
NSR:Quay:101596,Ski sykehus,59.725008,10.841899
NSR:Quay:101597,Fugleåsen,59.771902,10.852856
NSR:Quay:10160,Vardekroken,60.019204,11.047002
NSR:Quay:10161,Vardekroken,60.018914,11.047303
NSR:Quay:10162,Seiersten,59.667155,10.639261
NSR:Quay:10163,Seiersten,59.667089,10.637587
NSR:Quay:10164,Vardeveien,60.016536,11.051736
NSR:Quay:10165,Vardeveien,60.015615,11.051994
NSR:Quay:10166,Seiersten skole,59.667597,10.639561
NSR:Quay:101669,Herslebs gate,59.919787,10.76169
NSR:Quay:10167,Lurudveien,60.011269,11.047314
NSR:Quay:101670,Herslebs gate,59.919413,10.762222
NSR:Quay:10168,Lurudveien,60.011243,11.047606
NSR:Quay:10169,Rulnes,60.141037,11.20864
NSR:Quay:10170,Rulnes,60.140951,11.211116
NSR:Quay:10171,Lysne,59.666288,10.636268
NSR:Quay:10172,Lysne,59.666009,10.634741
NSR:Quay:10173,Berger geopark,60.016478,11.059979
NSR:Quay:101739,Sundet,59.923068,11.169287
NSR:Quay:10174,Berger geopark,60.015315,11.057474
NSR:Quay:101741,Sofienbergparken,59.923184,10.761119
NSR:Quay:101742,Sofienbergparken,59.923591,10.761315
NSR:Quay:10175,Grøndal,59.663326,10.633953
NSR:Quay:10176,Industriveien,60.009402,11.042923
NSR:Quay:10177,Industriveien,60.008963,11.04163
NSR:Quay:101777,Wessels plass,59.91229,10.739278
NSR:Quay:101778,Kvadraturen,59.910232,10.74512
NSR:Quay:10178,Lauten nordre,60.087761,11.181657
NSR:Quay:10179,Drøbak kirke,59.665165,10.628114
NSR:Quay:10180,Drøbak kirke,59.665262,10.628065
NSR:Quay:10181,Søndre Berger,60.011965,11.066896
NSR:Quay:10182,Hestefaret,60.00707,11.039457
NSR:Quay:10183,Skrivergårdskogen,59.667021,10.631904
NSR:Quay:10184,Hestefaret,60.006536,11.0385
NSR:Quay:10185,Skrivergårdskogen,59.667735,10.630866
NSR:Quay:10186,Sagdalen,59.957262,11.016991
NSR:Quay:10187,Sagdalen,59.956865,11.01517
NSR:Quay:10188,Sagdalen,59.957789,11.016465
NSR:Quay:101886,Stortorvet,59.913131,10.745198
NSR:Quay:101887,Tinghuset,59.915198,10.741324
NSR:Quay:101888,Tinghuset,59.91513,10.741255
NSR:Quay:10189,Drøbak brygge,59.657896,10.630045
NSR:Quay:10192,Løkendalen,60.097435,11.174665
NSR:Quay:10193,Tandberg,59.983056,11.017479
NSR:Quay:10194,Tandberg,59.982232,11.013783
NSR:Quay:10195,Drøbak,59.660983,10.627754
NSR:Quay:10196,Kjellerholen,59.97937,11.014322
NSR:Quay:10197,Kjellerholen,59.979814,11.01337
NSR:Quay:101973,Øvre Sogn,59.956267,10.722227
NSR:Quay:10199,Kjeller bru,59.980226,11.010436
NSR:Quay:10200,Kjeller bru,59.980143,11.010929
NSR:Quay:10201,Oscarsborg vestre kai,59.674387,10.604194
NSR:Quay:102011,Prost Hallings vei,59.916555,10.819669
NSR:Quay:102013,Bryn skole,59.913831,10.822893
NSR:Quay:102015,Fougners vei,59.924853,10.780756
NSR:Quay:102016,Fougners vei,59.924752,10.781659
NSR:Quay:102017,Løren,59.929785,10.790245
NSR:Quay:102018,Løren,59.929861,10.790361
NSR:Quay:10202,Flatby,60.097745,11.188749
NSR:Quay:10203,Flatby,60.098023,11.188639
NSR:Quay:10204,Kjeller,59.973246,11.042421
NSR:Quay:102043,Nordeng,59.723653,10.783776
NSR:Quay:102044,Nordeng,59.723817,10.783569
NSR:Quay:102046,Fugleveien,59.668048,10.65975
NSR:Quay:10205,Kjeller,59.972954,11.041284
NSR:Quay:102053,Løken,59.795829,11.46562
NSR:Quay:102054,Sætre bussterminal,59.68065,10.530071
NSR:Quay:102059,Bjørkelangen skole,59.874285,11.559269
NSR:Quay:10206,Kjeller,59.972172,11.044132
NSR:Quay:102060,Bjørkelangen skole,59.874454,11.560109
NSR:Quay:10207,Drøbak torg,59.662827,10.629617
NSR:Quay:10208,Drøbak torg,59.663375,10.629543
NSR:Quay:102096,Nationaltheatret,59.91522,10.730601
NSR:Quay:10210,Vestengveien,59.974489,11.032746
NSR:Quay:10211,Storgata,59.660446,10.630082
NSR:Quay:10212,Vestengveien,59.974559,11.033404
NSR:Quay:102124,Øvre Sogn,59.956184,10.721994
NSR:Quay:102125,Gaustadveien,59.95399,10.717995
NSR:Quay:102126,Gaustadveien,59.953957,10.717764
NSR:Quay:102127,Gaustad sykehus,59.951398,10.716404
NSR:Quay:10213,Storgata,59.660918,10.629938
NSR:Quay:10214,Fritidshuset,59.970825,11.048156
NSR:Quay:10215,Håøya,59.70205,10.568247
NSR:Quay:10216,Fritidshuset,59.970783,11.047882
NSR:Quay:10217,Stokker,60.068402,11.214775
NSR:Quay:102177,Rud,59.866442,11.530275
NSR:Quay:10218,Stokker,60.068371,11.214471
NSR:Quay:10219,Holtveien,59.976387,11.023753
NSR:Quay:10220,Holtveien,59.976287,11.023608
NSR:Quay:10221,Nesoddtangen,59.870848,10.657275
NSR:Quay:10222,Nesoddtangen,59.871064,10.656741
NSR:Quay:102220,Gran,59.77208,10.986073
NSR:Quay:10223,Åråsen,59.961242,11.059813
NSR:Quay:10224,Nesoddtangen,59.870521,10.656698
NSR:Quay:10225,Åråsen,59.961511,11.061194
NSR:Quay:102259,Lurudveien,60.010598,11.047163
NSR:Quay:10226,Nesoddtangen,59.870475,10.656773
NSR:Quay:102260,Lurudveien,60.010513,11.047099
NSR:Quay:102261,Søndre Berger,60.011914,11.067044
NSR:Quay:10227,Prestmoen,60.079285,11.147515
NSR:Quay:10228,Nesoddtangen,59.870655,10.656626
NSR:Quay:10229,Nesoddtangen,59.870719,10.656596
NSR:Quay:10230,St. Magnus plass,59.959701,11.056758
NSR:Quay:10231,Nesoddtangen,59.870585,10.65666
NSR:Quay:102319,Majorstuen,59.929088,10.71591
NSR:Quay:10232,St. Magnus plass,59.959752,11.056218
NSR:Quay:10233,Nesoddtangen,59.870793,10.656564
NSR:Quay:102382,Søndre Mangen,59.955163,11.763262
NSR:Quay:102393,Lillestrøm bussterminal,59.954422,11.042437
NSR:Quay:10240,Tangen terrasse,59.863918,10.662433
NSR:Quay:10241,Stortorget,59.957834,11.050639
NSR:Quay:10242,Stortorget,59.957689,11.050905
NSR:Quay:102424,Strømsdalen,59.948269,11.027108
NSR:Quay:102425,Strømsdalen,59.947664,11.026317
NSR:Quay:10244,Ullensaker kirke,60.084248,11.163834
NSR:Quay:10245,Nedre Movei,59.866548,10.662116
NSR:Quay:102455,Kløvervegen,60.13697,11.212771
NSR:Quay:102456,Kløvervegen,60.13792,11.211966
NSR:Quay:102457,Rustadgrenda,59.781628,10.466916
NSR:Quay:10246,Roseveien,59.966411,11.065097
NSR:Quay:102463,Flatbyseter,60.133532,11.213404
NSR:Quay:102464,Flatbyseter,60.134635,11.214584
NSR:Quay:10247,Roseveien,59.967913,11.0654
NSR:Quay:10248,Tangenåsen,59.856418,10.662862
NSR:Quay:10249,Tangenåsen,59.856361,10.662317
NSR:Quay:10250,Villvinveien,59.97185,11.066851
NSR:Quay:10251,Villvinveien,59.972152,11.067103
NSR:Quay:10254,Ullensaker prestegård,60.081255,11.168332
NSR:Quay:10255,Ullensaker prestegård,60.081151,11.169904
NSR:Quay:10256,Nordre Hovin,59.931198,10.828346
NSR:Quay:10257,Nordre Hovin,59.931223,10.828646
NSR:Quay:102587,Steilene,59.816335,10.615522
NSR:Quay:10259,Postnord,59.934337,10.848076
NSR:Quay:10260,Postnord,59.934531,10.848712
NSR:Quay:10263,Postens godssenter,59.934393,10.850949
NSR:Quay:10264,Postens godssenter,59.934063,10.851735
NSR:Quay:102648,Wilses vei,59.92937,10.623071
NSR:Quay:102649,Wilses vei,59.929382,10.623188
NSR:Quay:10265,Flaskebekk,59.86065,10.652897
NSR:Quay:102650,Ruglandveien,59.945329,10.631306
NSR:Quay:102651,Ruglandveien,59.945351,10.631536
NSR:Quay:102652,Ringhøyden seniorsenter,59.916448,10.595351
NSR:Quay:102653,Ringhøyden seniorsenter,59.916395,10.595332
NSR:Quay:102654,Kalkbrennerveien,59.932619,10.585853
NSR:Quay:102655,Kalkbrennerveien,59.932621,10.586003
NSR:Quay:102656,Grevlingbakken,59.939541,10.588996
NSR:Quay:102657,Grevlingbakken,59.939477,10.588803
NSR:Quay:102658,Sørhalla,59.909228,10.555201
NSR:Quay:102659,Sørhalla,59.909314,10.555512
NSR:Quay:10266,Skibakk,60.080767,11.153556
NSR:Quay:102661,Solbergbekken,59.905434,10.543356
NSR:Quay:102662,Conradis vei,59.902358,10.531372
NSR:Quay:102663,Daletoppen,59.833635,10.455036
NSR:Quay:102664,Jørgensløkka,59.836007,10.454339
NSR:Quay:102665,Båstadveien,59.833508,10.450841
NSR:Quay:102666,Alexander Langes vei,59.84579,10.456667
NSR:Quay:102667,Kjonebråten,59.826725,10.429561
NSR:Quay:102668,Bondivann stasjon,59.820321,10.432205
NSR:Quay:102669,Bondivann stasjon,59.820283,10.432323
NSR:Quay:10267,Flaskebekktjernet,59.847911,10.653777
NSR:Quay:102672,Øvre Måsan,59.826723,10.393732
NSR:Quay:10268,Flaskebekktjernet,59.848419,10.654582
NSR:Quay:10269,Lindeberg,59.93313,10.88255
NSR:Quay:102699,Seterbråten,59.833007,10.827826
NSR:Quay:10270,Lindeberg,59.93307,10.882669
NSR:Quay:10271,Varden,59.842139,10.65006
NSR:Quay:10272,Lindeberg T,59.932917,10.881073
NSR:Quay:10273,Varden,59.841499,10.648568
NSR:Quay:10274,Lindeberg T,59.932845,10.88081
NSR:Quay:102745,Rustad skole,59.665489,10.809557
NSR:Quay:10275,Håkonskastet,59.837519,10.645449
NSR:Quay:10276,Håkonskastet,59.83793,10.645899
NSR:Quay:102762,Arne Garborgs vei,59.936489,10.971525
NSR:Quay:102763,Arne Garborgs vei,59.93643,10.971579
NSR:Quay:102764,Nordre Furu,59.673853,10.699051
NSR:Quay:10277,Lindeberghjemmet,59.930737,10.875864
NSR:Quay:10278,Lindeberghjemmet,59.93093,10.875958
NSR:Quay:10279,Ekko,60.076777,11.143709
NSR:Quay:10280,Ekko,60.076487,11.142779
NSR:Quay:10281,Jeriko skole,59.935204,10.886668
NSR:Quay:10282,Jeriko skole,59.934751,10.884651
NSR:Quay:10283,Sjøstrand,59.851683,10.649016
NSR:Quay:102838,Tullinløkka,59.916865,10.737178
NSR:Quay:102839,Tullinløkka,59.916767,10.737272
NSR:Quay:10284,Furuset skole,59.937546,10.892703
NSR:Quay:10285,Skoklefall gård,59.841271,10.676023
NSR:Quay:10286,Skoklefall gård,59.840724,10.674194
NSR:Quay:10287,Skoklefall gård,59.841648,10.673912
NSR:Quay:10288,Ullinsheim,60.080961,11.18151
NSR:Quay:10289,Ullinsheim,60.081055,11.184458
NSR:Quay:10290,Ullinsheim,60.080859,11.182939
NSR:Quay:10291,Ullinsheim,60.081449,11.182674
NSR:Quay:10292,Furuset skole,59.937325,10.892614
NSR:Quay:10293,Hellvikskog,59.841476,10.678673
NSR:Quay:10294,Hellvikskog,59.841522,10.678038
NSR:Quay:10295,Furuset skole,59.937034,10.892306
NSR:Quay:10296,Skoklefall kirke,59.846692,10.67005
NSR:Quay:10297,Skoklefall kirke,59.846786,10.671842
NSR:Quay:10298,Skoklefall kirke,59.84541,10.671155
NSR:Quay:10299,Ullern,60.112662,11.146947
NSR:Quay:102997,Kampen,59.912295,10.779763
NSR:Quay:10301,Furuset skole,59.938012,10.891735
NSR:Quay:10302,Skoklekroken,59.848633,10.662771
NSR:Quay:10303,Skoklekroken,59.848302,10.664069
NSR:Quay:10304,Furuset,59.941256,10.896994
NSR:Quay:10305,Furuset,59.94132,10.896901
NSR:Quay:10306,Ildjernet,59.843637,10.641358
NSR:Quay:10309,Ommen,59.803644,10.606667
NSR:Quay:10310,Haug,60.107935,11.150458
NSR:Quay:10311,Haug,60.107945,11.150584
NSR:Quay:10312,Nordre Gran,59.941915,10.902734
NSR:Quay:10313,Nordre Gran,59.941813,10.902745
NSR:Quay:10316,Gransletta,59.944945,10.899709
NSR:Quay:10317,Gransletta,59.944702,10.899685
NSR:Quay:10318,Fjellstrand,59.794168,10.606431
NSR:Quay:10319,Vestre Haugen,59.94907,10.895897
NSR:Quay:10320,Vestre Haugen,59.947829,10.896935
NSR:Quay:10321,Berger veiskille,59.83136,10.677729
NSR:Quay:10322,Berger veiskille,59.832465,10.677563
NSR:Quay:103227,Vennevålvegen,60.116924,11.544469
NSR:Quay:10323,Haugsdyet,60.104255,11.153033
NSR:Quay:10324,Haugsdyet,60.104378,11.15314
NSR:Quay:10328,Hellvik,59.842379,10.686661
NSR:Quay:10329,Hellvik,59.842286,10.686854
NSR:Quay:10330,Ellingsrudåsen,59.936623,10.915676
NSR:Quay:10331,Ellingsrudåsen,59.936569,10.915597
NSR:Quay:10332,Solåsen,59.838448,10.688485
NSR:Quay:10333,Solåsen,59.83927,10.688809
NSR:Quay:10334,Ellingsrudåsen T,59.936482,10.917183
NSR:Quay:10335,Ellingsrudåsen T,59.936638,10.9171
NSR:Quay:10336,Bogstad,60.093367,11.160575
NSR:Quay:10338,Edvard Munchs vei,59.938927,10.911108
NSR:Quay:10339,Edvard Munchs vei,59.93898,10.910931
NSR:Quay:10340,Berger,59.833337,10.684234
NSR:Quay:10341,Berger,59.834084,10.686355
NSR:Quay:10343,Ekelund,59.832442,10.681806
NSR:Quay:10344,Ekelund,59.832485,10.681321
NSR:Quay:10345,Karihaugen,59.937621,10.926872
NSR:Quay:10346,Karihaugen,59.93755,10.926488
NSR:Quay:103460,Enebakkhallen,59.764251,11.14847
NSR:Quay:10347,Berger stadion,59.834492,10.676627
NSR:Quay:10348,Berger stadion,59.835521,10.677204
NSR:Quay:10349,Løken,60.096499,11.161519
NSR:Quay:10350,Løken,60.096387,11.161337
NSR:Quay:10351,IKEA Furuset,59.934622,10.870926
NSR:Quay:10352,IKEA Furuset,59.934856,10.871556
NSR:Quay:10353,Sunnaas,59.835278,10.643679
NSR:Quay:10354,Sunnaas,59.835126,10.643346
NSR:Quay:103544,Søndre Furu,59.670448,10.697365
NSR:Quay:10355,Sam Eydes vei,59.936755,10.880831
NSR:Quay:10356,Sam Eydes vei,59.936923,10.880705
NSR:Quay:103566,Udnes skole,60.090169,11.361145
NSR:Quay:10357,Torneveien,59.746296,10.61749
NSR:Quay:103571,Fenstad garasje,60.227636,11.385103
NSR:Quay:10358,Torneveien,59.746333,10.61772
NSR:Quay:10359,Alnaparkveien,59.939275,10.880459
NSR:Quay:103593,Bjørningstad,60.104898,11.384218
NSR:Quay:103594,Bjørningstad,60.104895,11.384009
NSR:Quay:10360,Bjørnemyr,59.832142,10.640876
NSR:Quay:103607,Folkets hus,59.717767,10.816061
NSR:Quay:103608,Markveien,59.715718,10.815257
NSR:Quay:103609,Finstad skole,59.714665,10.820189
NSR:Quay:10361,Alnaparkveien,59.940411,10.881569
NSR:Quay:103610,Villenga,59.71279,10.820769
NSR:Quay:10362,Bjørnemyr,59.830364,10.641619
NSR:Quay:10364,Brauta,60.08989,11.161967
NSR:Quay:10365,To vest,59.828332,10.639414
NSR:Quay:103659,Fjuk bedehus,59.991864,11.374798
NSR:Quay:10366,Prof. Birkelands vei,59.943721,10.885305
NSR:Quay:103660,Fjuk bedehus,59.991911,11.374691
NSR:Quay:10367,To vest,59.827421,10.637858
NSR:Quay:103675,Korsveien,59.934551,11.150404
NSR:Quay:10368,Prof. Birkelands vei,59.943475,10.884852
NSR:Quay:103684,Økri,59.924439,10.46694
NSR:Quay:103685,Økri,59.924157,10.46819
NSR:Quay:103686,Nybrua,59.922587,10.456474
NSR:Quay:10369,Fjordvangen,59.829221,10.678502
NSR:Quay:10370,Skjønhaug,59.929758,10.870333
NSR:Quay:103709,Neskollen,60.12573,11.340264
NSR:Quay:10371,Fjordvangen,59.830346,10.678389
NSR:Quay:10372,Skjønhaug,59.929743,10.8697
NSR:Quay:10373,Alværn,59.821797,10.634078
NSR:Quay:10374,Alværn,59.821945,10.634398
NSR:Quay:10375,Trosterudkrysset,59.928024,10.865473
NSR:Quay:10376,Trosterudkrysset,59.928076,10.865275
NSR:Quay:10377,Hauger,60.086692,11.161999
NSR:Quay:10379,Trosterudkrysset,59.929552,10.865098
NSR:Quay:10380,Trosterudkrysset,59.929404,10.865993
NSR:Quay:10381,Alværn ungdomsskole,59.820939,10.633676
NSR:Quay:10382,Karlstad,59.803404,10.669742
NSR:Quay:10383,Kjelsrud,59.931395,10.862021
NSR:Quay:10384,Karlstad,59.803466,10.669838
NSR:Quay:10385,Kjelsrud,59.932572,10.861337
NSR:Quay:103855,Kleiverveien,59.757207,10.401167
NSR:Quay:10386,Bjerklund,59.803353,10.665753
NSR:Quay:10387,Kjelsrud,59.931677,10.859119
NSR:Quay:103876,Torneveien,59.746741,10.618385
NSR:Quay:10388,Bjerklund,59.803428,10.665329
NSR:Quay:10389,Kjelsrud,59.932836,10.859765
NSR:Quay:10390,Myra nordre,59.802334,10.6607
NSR:Quay:10391,Myra nordre,59.802358,10.660579
NSR:Quay:103923,Holmsbu kirke,59.557637,10.43758
NSR:Quay:103924,Folkestad skole,59.550686,10.46466
NSR:Quay:103925,Folkestad skole,59.550767,10.46462
NSR:Quay:10394,Alfasetveien,59.936854,10.858443
NSR:Quay:10396,Alfasetveien,59.937247,10.858658
NSR:Quay:10397,Myra søndre,59.801124,10.6572
NSR:Quay:10398,Myra søndre,59.801061,10.657259
NSR:Quay:10399,Kirkerud,59.795835,10.64679
NSR:Quay:103990,Bråset,59.741716,10.386468
NSR:Quay:104005,Grefsenplatået,59.955907,10.785669
NSR:Quay:104006,Grefsenplatået,59.956015,10.785809
NSR:Quay:104007,Grefsen stadion,59.960314,10.784511
NSR:Quay:104008,Grefsen stadion,59.9599,10.784929
NSR:Quay:104009,Glads vei,59.952265,10.785262
NSR:Quay:10401,Kirkerud,59.795834,10.646967
NSR:Quay:104010,Glads vei,59.952338,10.785401
NSR:Quay:104011,Doktor Smiths vei,59.949529,10.790138
NSR:Quay:104012,Doktor Smiths vei,59.950127,10.790122
NSR:Quay:104013,Disen,59.946322,10.787475
NSR:Quay:104014,Disen,59.946292,10.787783
NSR:Quay:104015,Grefsenveien,59.942512,10.773025
NSR:Quay:104016,Grefsenveien,59.942798,10.773586
NSR:Quay:104017,Torshov,59.934504,10.764373
NSR:Quay:104018,Torshov,59.934749,10.764764
NSR:Quay:10402,Trosterud,59.928746,10.864449
NSR:Quay:104020,Biermanns gate,59.930655,10.761122
NSR:Quay:104021,Biermanns gate,59.930173,10.76113
NSR:Quay:104022,Jernbanetorget,59.912237,10.750119
NSR:Quay:104023,Jernbanetorget,59.912322,10.749658
NSR:Quay:104024,St. Halvards plass,59.905996,10.767758
NSR:Quay:104025,St. Halvards plass,59.906249,10.767956
NSR:Quay:104026,Munkegata,59.908527,10.768147
NSR:Quay:104027,Munkegata,59.908087,10.76775
NSR:Quay:104028,Oslo bussterminal,59.911076,10.759847
NSR:Quay:104029,Oslo bussterminal,59.911109,10.759252
NSR:Quay:10403,Trosterud,59.929457,10.864204
NSR:Quay:104030,Solli,59.914834,10.718713
NSR:Quay:104031,Solli,59.914873,10.719277
NSR:Quay:104032,Niels Juels gate,59.91633,10.714974
NSR:Quay:104033,Niels Juels gate,59.916358,10.71531
NSR:Quay:104036,Lille Frogner allé,59.918001,10.71218
NSR:Quay:104037,Lille Frogner allé,59.917866,10.712225
NSR:Quay:104038,Elisenberg,59.919402,10.708781
NSR:Quay:104039,Elisenberg,59.919585,10.708666
NSR:Quay:10404,Fjell gård,59.794923,10.640514
NSR:Quay:104042,Frogner plass,59.921771,10.705364
NSR:Quay:104043,Frogner plass,59.921735,10.705651
NSR:Quay:104044,Rosenhoff,59.930229,10.778122
NSR:Quay:104045,Rosenhoff,59.930442,10.778288
NSR:Quay:104046,Storo,59.945282,10.778449
NSR:Quay:104047,Storo,59.945238,10.778639
NSR:Quay:104048,Sofienberg,59.922876,10.771481
NSR:Quay:104049,Sofienberg,59.923129,10.772057
NSR:Quay:10405,Fjell gård,59.795012,10.639886
NSR:Quay:104050,Lakkegata skole,59.920674,10.768675
NSR:Quay:104051,Lakkegata skole,59.920527,10.768184
NSR:Quay:104052,Bogstadveien,59.926119,10.721605
NSR:Quay:104053,Bogstadveien,59.926336,10.72143
NSR:Quay:104054,Heimdalsgata,59.9183,10.760483
NSR:Quay:104055,Heimdalsgata,59.918454,10.761283
NSR:Quay:104058,Holbergs plass,59.91864,10.734482
NSR:Quay:104059,Holbergs plass,59.918788,10.7346
NSR:Quay:104060,Homansbyen,59.922612,10.726588
NSR:Quay:104061,Homansbyen,59.92252,10.726503
NSR:Quay:104062,Frydenlund,59.920884,10.733168
NSR:Quay:104063,Stensgata,59.929504,10.732929
NSR:Quay:104064,Stensgata,59.929617,10.733125
NSR:Quay:104065,Dalsbergstien,59.923418,10.731736
NSR:Quay:104066,Dalsbergstien,59.923608,10.731494
NSR:Quay:104067,Bislett,59.925887,10.730971
NSR:Quay:104068,Bislett,59.926056,10.731196
NSR:Quay:104070,Mølla,59.598256,10.473163
NSR:Quay:104073,Nadderudjordet,59.928206,10.590042
NSR:Quay:104077,Korsveien,59.934002,11.151603
NSR:Quay:104078,Engerkleiva,59.934436,11.154588
NSR:Quay:104079,Engerkleiva,59.934024,11.156174
NSR:Quay:10408,Folkvangveien,59.941027,10.917401
NSR:Quay:104080,Faldalsveien,59.929978,11.164454
NSR:Quay:104081,Faldalsveien,59.929739,11.16462
NSR:Quay:10409,Folkvangveien,59.940997,10.917846
NSR:Quay:10410,Toppåsveien,59.828018,10.803975
NSR:Quay:10411,Toppåsveien,59.828161,10.803855
NSR:Quay:10412,Bjørnheim,59.94191,10.91331
NSR:Quay:10413,Bjørnheim,59.942206,10.912868
NSR:Quay:10414,Nordbråtan,59.825056,10.80474
NSR:Quay:10415,Nordbråtan,59.824846,10.804531
NSR:Quay:104158,Blaker kirke,60.00116,11.300914
NSR:Quay:104159,Blaker kirke,60.000846,11.301429
NSR:Quay:10416,Høystakkveien,59.946186,10.905261
NSR:Quay:104160,Værhaugstubben,59.996691,11.302544
NSR:Quay:10417,Liakollen,59.829376,10.799137
NSR:Quay:104177,Tveita T,59.913474,10.842189
NSR:Quay:10418,Liakollen,59.829331,10.799327
NSR:Quay:10421,Mortensrud,59.849304,10.829588
NSR:Quay:10422,Høybråten kirke,59.944211,10.910955
NSR:Quay:10423,Mortensrud,59.849326,10.829754
NSR:Quay:10424,Høybråten kirke,59.944563,10.90977
NSR:Quay:10425,Solbakken,59.944409,10.916733
NSR:Quay:10426,Mortensrud T,59.849831,10.828853
NSR:Quay:10427,Solbakken,59.944331,10.916915
NSR:Quay:10428,Mortensrud T,59.849654,10.829145
NSR:Quay:10429,Mortensrud T,59.850042,10.828614
NSR:Quay:10430,Mortensrud T,59.849466,10.829304
NSR:Quay:10431,Mortensrud T,59.849305,10.829449
NSR:Quay:10432,Mortensrud T,59.849154,10.829644
NSR:Quay:10433,Bikuben,59.944264,10.924503
NSR:Quay:10434,Bikuben,59.944358,10.924627
NSR:Quay:104368,Ski stasjon Jernbaneveien,59.719055,10.835966
NSR:Quay:104369,Ski stasjon Jernbaneveien,59.718705,10.83599
NSR:Quay:10437,Karl Andersens vei,59.941656,10.925855
NSR:Quay:10438,Aspervegen,60.10941,11.138586
NSR:Quay:10439,Karl Andersens vei,59.94158,10.925885
NSR:Quay:10440,Aspervegen,60.109345,11.138731
NSR:Quay:104409,Middelalderparken,59.90642,10.764182
NSR:Quay:10441,Lofsrudhøgda,59.846479,10.828601
NSR:Quay:104410,Middelalderparken,59.906112,10.764716
NSR:Quay:104413,Majorstuen,59.928682,10.71605
NSR:Quay:104414,Majorstuen,59.928533,10.716329
NSR:Quay:10442,Lofsrudhøgda,59.846492,10.828671
NSR:Quay:10443,Granliveien,59.940092,10.928835
NSR:Quay:10444,Granliveien,59.940454,10.928331
NSR:Quay:10445,Brunas vei,59.843903,10.830186
NSR:Quay:10446,Brunas vei,59.843874,10.830055
NSR:Quay:10447,Fjellborg,59.942627,10.93215
NSR:Quay:10448,Fjellborg,59.942606,10.932043
NSR:Quay:104486,Botner,59.825957,11.485734
NSR:Quay:104487,Botner,59.826065,11.485788
NSR:Quay:10449,Blakkens vei,59.841535,10.831846
NSR:Quay:10450,Blakkens vei,59.8415,10.831707
NSR:Quay:10451,Vardeheim,59.944613,10.930353
NSR:Quay:10452,Vardeheim,59.944637,10.930474
NSR:Quay:104525,Middelalderparken,59.906335,10.764289
NSR:Quay:104526,Middelalderparken,59.906166,10.764767
NSR:Quay:104527,Hoff,59.924301,10.674905
NSR:Quay:104528,Hoff,59.924355,10.674634
NSR:Quay:10453,Husåsskogen,60.251472,11.590635
NSR:Quay:104531,Ullern,59.9247,10.659809
NSR:Quay:104532,Ullern,59.92444,10.659813
NSR:Quay:104533,Furulund,59.919867,10.650627
NSR:Quay:10455,Oredalen,59.840299,10.828046
NSR:Quay:10456,Oredalen,59.83979,10.829502
NSR:Quay:104562,Gamlevegen,60.076828,11.127096
NSR:Quay:10457,Høybråten park,59.94568,10.933526
NSR:Quay:10458,Høybråten park,59.945862,10.933786
NSR:Quay:10459,Bjørnerud,59.843889,10.819068
NSR:Quay:10460,Bjørnerud,59.844048,10.819111
NSR:Quay:10461,Rommen,59.962042,10.909451
NSR:Quay:10462,Rommen,59.96213,10.909467
NSR:Quay:10467,Grinner,60.225446,11.376225
NSR:Quay:104714,Sogstieika,59.657191,10.641796
NSR:Quay:104715,Sogstieika,59.657173,10.641737
NSR:Quay:104716,Sogstikollen,59.660473,10.639414
NSR:Quay:104717,Sogstikollen,59.660338,10.639315
NSR:Quay:10472,Mortensrudkrysset,59.849548,10.836208
NSR:Quay:10476,Mortensrudkrysset,59.850309,10.832836
NSR:Quay:10477,Sveiva,59.963197,10.900294
NSR:Quay:104775,Gamle Vevelstadvei,59.75359,10.82966
NSR:Quay:104776,Gamle Vevelstadvei,59.753192,10.829524
NSR:Quay:10478,Sveiva,59.963713,10.901712
NSR:Quay:10479,Liavegen,60.238588,11.553905
NSR:Quay:10480,Liavegen,60.23902,11.552961
NSR:Quay:10481,Dalsåsen,59.849922,10.835953
NSR:Quay:10482,Stenbråten,59.849397,10.824532
NSR:Quay:10483,Stenbråten,59.84977,10.825286
NSR:Quay:10484,Romsåsfoten,59.960329,10.89509
NSR:Quay:10485,Romsåsfoten,59.96077,10.89638
NSR:Quay:10486,Kantarellen legesenter,59.848748,10.816585
NSR:Quay:104864,Mastemyr hotell,59.821905,10.782164
NSR:Quay:104865,Mastemyr hotell,59.822685,10.78159
NSR:Quay:10487,Kantarellen legesenter,59.848709,10.816273
NSR:Quay:104871,Nybrua,59.917312,10.758705
NSR:Quay:104872,Nybrua,59.916803,10.757868
NSR:Quay:10488,Stovner,59.96226,10.92333
NSR:Quay:10489,Stovner,59.9622,10.92338
NSR:Quay:10490,Kantarellen terrasse,59.849246,10.814927
NSR:Quay:10491,Kantarellen terrasse,59.848843,10.814677
NSR:Quay:10492,Stovner T,59.961111,10.922666
NSR:Quay:10493,Stovner T,59.961291,10.922996
NSR:Quay:10494,Stovner T,59.961552,10.922803
NSR:Quay:10495,Togstad sør,60.229607,11.566084
NSR:Quay:10496,Togstad sør,60.229513,11.565889
NSR:Quay:10497,Kantarellen,59.85017,10.812427
NSR:Quay:10498,Kantarellen,59.849901,10.813425
NSR:Quay:10499,Øvre Fossum,59.958802,10.926585
NSR:Quay:10500,Øvre Fossum,59.958969,10.926485
NSR:Quay:105001,Gopperudåsen,59.644286,11.332473
NSR:Quay:105002,Gopperudåsen,59.644543,11.333245
NSR:Quay:10501,Tangen,59.847823,10.810472
NSR:Quay:10502,Tangen,59.84772,10.810292
NSR:Quay:105023,Nybrua,59.922748,10.457134
NSR:Quay:10503,Olaus Fjørtofts vei,59.95936,10.930042
NSR:Quay:105033,Gamleveien,59.443692,10.674639
NSR:Quay:10504,Olaus Fjørtofts vei,59.959286,10.931085
NSR:Quay:10506,Johnny Svorkmos vei,59.956948,10.935044
NSR:Quay:10507,Johnny Svorkmos vei,59.957551,10.934095
NSR:Quay:105077,Skytta servicesenter,59.991322,10.906903
NSR:Quay:10508,Vestli,59.972726,10.929592
NSR:Quay:10509,Vestli,59.972727,10.929707
NSR:Quay:10510,Bjørnholt nedre,59.836298,10.835473
NSR:Quay:10511,Bjørnholt nedre,59.836456,10.834756
NSR:Quay:10512,Ingeborgrud,60.232359,11.517207
NSR:Quay:105120,Måna sør,59.69727,10.656792
NSR:Quay:10513,Ingeborgrud,60.231769,11.516005
NSR:Quay:10514,Vestli T,59.971295,10.928374
NSR:Quay:10515,Bjørnholt øvre,59.836699,10.833882
NSR:Quay:10516,Bjørnholt øvre,59.836215,10.834507
NSR:Quay:10517,Gullberget,59.968551,10.922682
NSR:Quay:10518,Gullberget,59.96868,10.922446
NSR:Quay:10519,Mina Beiteplukks vei,59.831912,10.835164
NSR:Quay:10520,Mina Beiteplukks vei,59.831699,10.834083
NSR:Quay:10521,Jacobine Ryes vei,59.96627,10.918887
NSR:Quay:10522,Jacobine Ryes vei,59.966249,10.918694
NSR:Quay:10523,Nyjordet,59.831167,10.837632
NSR:Quay:10524,Nyjordet,59.831016,10.837466
NSR:Quay:10525,Rommi,59.966504,10.907471
NSR:Quay:10526,Rommi,59.966876,10.908592
NSR:Quay:105273,Storgata,59.914054,10.751941
NSR:Quay:105274,Storgata,59.913816,10.750876
NSR:Quay:10528,Bjørndal senter,59.826313,10.835819
NSR:Quay:10529,Bjørndal senter,59.825659,10.835459
NSR:Quay:105305,Storgata,59.913819,10.750908
NSR:Quay:105306,Storgata,59.914039,10.751884
NSR:Quay:10532,Meklenborg,59.824292,10.835526
NSR:Quay:10533,Meklenborg,59.823626,10.835663
NSR:Quay:10534,Bånkallstubben,59.973234,10.918771
NSR:Quay:10535,Bånkallstubben,59.973823,10.919533
NSR:Quay:105351,Sandmoveien,60.085761,10.868056
NSR:Quay:10536,Bjørndal,59.821265,10.83996
NSR:Quay:10537,Bjørndal,59.821369,10.839587
NSR:Quay:105377,Fossumsvingen,59.982299,11.255421
NSR:Quay:105378,Fossumsvingen,59.982364,11.255083
NSR:Quay:10538,Tokerudbekken,59.975614,10.925713
NSR:Quay:10539,Tokerudbekken,59.976054,10.92803
NSR:Quay:10540,Fagerheim,60.238857,11.542948
NSR:Quay:105408,Kolbotn sentrum,59.810364,10.804925
NSR:Quay:10541,Fagerheim,60.238979,11.544777
NSR:Quay:10542,Langteigåsen,59.817894,10.839925
NSR:Quay:10544,Langteigåsen,59.818018,10.840011
NSR:Quay:105447,Myrhus,60.104587,11.194468
NSR:Quay:105448,Løkendalen,60.097313,11.174796
NSR:Quay:10545,Haugenstua torg,59.952706,10.908981
NSR:Quay:105466,Kværnerbyen,59.904739,10.785339
NSR:Quay:105467,Kværnerbyen,59.904345,10.786321
NSR:Quay:10548,Bjørnholt skole,59.834448,10.837967
NSR:Quay:105484,Emma Hjorths vei,59.899884,10.495894
NSR:Quay:105485,Emma Hjorths vei,59.899614,10.495798
NSR:Quay:105486,Hamang terrasse,59.896884,10.501291
NSR:Quay:105487,Hamang terrasse,59.897149,10.500559
NSR:Quay:105488,Bjørnegård bru,59.893288,10.510539
NSR:Quay:105489,Bjørnegård bru,59.893311,10.510909
NSR:Quay:10549,Bjørnholt skole,59.83432,10.838302
NSR:Quay:10550,Haavard Martinsens vei,59.95464,10.898714
NSR:Quay:105553,Elvetangen,60.111391,10.848028
NSR:Quay:10556,Jernkroken,59.954256,10.896973
NSR:Quay:10557,Togstad,60.23407,11.560651
NSR:Quay:105580,Leirhusbakken,60.407257,11.246164
NSR:Quay:10559,Togstad,60.23356,11.561351
NSR:Quay:10561,Smedstua,59.952918,10.913517
NSR:Quay:10562,Smedstua,59.953196,10.913174
NSR:Quay:10563,Klemetsrud skole,59.834374,10.843492
NSR:Quay:10564,Klemetsrud skole,59.834278,10.843318
NSR:Quay:10565,Haugenstua skole,59.953933,10.922191
NSR:Quay:105652,Makrellbekken,59.941768,10.672539
NSR:Quay:10566,Haugenstua skole,59.952559,10.92177
NSR:Quay:10567,Maurtuveien,59.83231,10.852443
NSR:Quay:10568,Maurtuveien,59.832375,10.851292
NSR:Quay:10569,Smiuvegen,59.952847,10.923876
NSR:Quay:10570,Smiuvegen,59.953011,10.92368
NSR:Quay:10571,Solbakken,60.112854,11.355773
NSR:Quay:10572,Solbakken,60.112644,11.355709
NSR:Quay:10573,Godheim,59.832895,10.860656
NSR:Quay:10574,Godheim,59.832816,10.85958
NSR:Quay:10575,Jorines vei,59.953041,10.928741
NSR:Quay:10576,Jorines vei,59.953007,10.928304
NSR:Quay:10577,Store Stensrud,59.828749,10.866412
NSR:Quay:10579,Store Stensrud,59.828303,10.866586
NSR:Quay:10580,Stovnerfaret,59.954806,10.934213
NSR:Quay:10581,Stovnerfaret,59.954896,10.934151
NSR:Quay:10582,Hanåveien,59.823591,10.872906
NSR:Quay:10583,Hanåveien,59.824042,10.871833
NSR:Quay:10584,Tomteråsen,60.108577,11.371799
NSR:Quay:10585,Stovner bru,59.946792,10.93944
NSR:Quay:105853,Tangerudbakken,59.561923,10.459545
NSR:Quay:105854,Tangerudbakken,59.561907,10.459733
NSR:Quay:10586,Stovner bru,59.946983,10.939274
NSR:Quay:10587,Lille Stensrud,59.819958,10.876513
NSR:Quay:10588,Lille Stensrud,59.819708,10.877001
NSR:Quay:10591,Sværsvann bru,59.818157,10.888355
NSR:Quay:10592,Sværsvann bru,59.817294,10.891346
NSR:Quay:10593,Tjonerudveien,59.952307,10.938338
NSR:Quay:105930,Vestre Refsum,60.04985,11.177908
NSR:Quay:105931,Vestre Refsum,60.049826,11.177771
NSR:Quay:10594,Sværsvann,59.818358,10.887336
NSR:Quay:10595,Sværsvann,59.818428,10.887516
NSR:Quay:10596,Stovnerbakken,59.954685,10.935763
NSR:Quay:10597,Trekanten,60.099279,11.366909
NSR:Quay:10598,Trekanten,60.098626,11.366877
NSR:Quay:10599,Trekanten,60.098709,11.366952
NSR:Quay:10600,Engersbråten,59.814415,10.882553
NSR:Quay:106007,Nepebråtan,59.609638,10.474619
NSR:Quay:106008,Nepebråtan,59.60975,10.474801
NSR:Quay:10601,Engersbråten,59.813786,10.882071
NSR:Quay:106017,Sommerro,59.829164,10.830435
NSR:Quay:106018,Sommerro,59.82931,10.830309
NSR:Quay:10602,Romsås,59.962567,10.892678
NSR:Quay:106026,Stortorvet,59.912826,10.745675
NSR:Quay:10603,Romsås,59.962505,10.892725
NSR:Quay:10604,Dalssvingen,59.850255,10.837353
NSR:Quay:10605,Dalssvingen,59.850255,10.837484
NSR:Quay:10606,Tiurleiken,59.963043,10.890227
NSR:Quay:10607,Romsås senter,59.96465,10.895254
NSR:Quay:10608,Udnes skole,60.090125,11.361033
NSR:Quay:10609,Orremyr,59.965169,10.898354
NSR:Quay:10610,Dalsroa,59.848214,10.840043
NSR:Quay:10611,Dalsroa,59.848275,10.840625
NSR:Quay:106111,Jupitervegen,60.119271,11.35245
NSR:Quay:106112,Jupitervegen,60.119305,11.352613
NSR:Quay:10612,Gangtunnelen,59.962232,10.896836
NSR:Quay:10613,Brenna,59.846399,10.84224
NSR:Quay:10614,Brenna,59.846456,10.842299
NSR:Quay:10615,Ravnkollen,59.9652,10.889554
NSR:Quay:106157,Ulvenkrysset,59.919633,10.817159
NSR:Quay:10616,Bratli,59.844521,10.843712
NSR:Quay:10617,Bratli,59.844275,10.843659
NSR:Quay:106175,Oppgarden,60.319511,11.284635
NSR:Quay:106176,Oppgarden,60.319288,11.28474
NSR:Quay:10618,Ravnkollbakken,59.967025,10.890144
NSR:Quay:106180,Tangenvegen,60.469063,11.173841
NSR:Quay:106181,Tangenvegen,60.469496,11.173697
NSR:Quay:10619,Heimvard,60.220251,11.392543
NSR:Quay:10620,Heimvard,60.21943,11.393171
NSR:Quay:10621,Heimvard,60.219668,11.391755
NSR:Quay:10622,Romsås kirke,59.968406,10.890474
NSR:Quay:10623,Pasop,59.842368,10.846116
NSR:Quay:10624,Pasop,59.842292,10.846108
NSR:Quay:10625,Røverkollen,59.971787,10.899371
NSR:Quay:10626,Karlsrud T,59.879756,10.805896
NSR:Quay:10627,Karlsrud T,59.879654,10.805754
NSR:Quay:10628,Øvre Svarttjern,59.971854,10.9044
NSR:Quay:10629,Lambertseter,59.873534,10.810166
NSR:Quay:10630,Lambertseter,59.873562,10.810324
NSR:Quay:10631,Fenstad garasje,60.227502,11.384338
NSR:Quay:10633,Fenstad garasje,60.2279,11.384188
NSR:Quay:10634,Svarttjern,59.969336,10.905561
NSR:Quay:10635,Lambertseter T,59.873488,10.81011
NSR:Quay:10637,Lambertseter T,59.873459,10.810517
NSR:Quay:10638,Emanuelfjell,59.966845,10.900342
NSR:Quay:10639,Rødtvet,59.951344,10.859288
NSR:Quay:10640,Rødtvet,59.951423,10.859253
NSR:Quay:10641,Lambertseter senter,59.873335,10.812263
NSR:Quay:10642,Lambertseter senter,59.873502,10.81239
NSR:Quay:10643,Rødtvet T,59.950901,10.860954
NSR:Quay:10644,Norheim,60.223639,11.388837
NSR:Quay:10645,Norheim,60.223459,11.388772
NSR:Quay:10646,Gina Krogs vei,59.875376,10.816118
NSR:Quay:10647,Gina Krogs vei,59.875267,10.816083
NSR:Quay:10648,Rødtvet T,59.949219,10.854677
NSR:Quay:10649,Søndre Hellerud,59.871609,10.805217
NSR:Quay:10650,Søndre Hellerud,59.871628,10.806041
NSR:Quay:10651,Kalbakken,59.95455,10.86687
NSR:Quay:10652,Kalbakken,59.95458,10.86673
NSR:Quay:10653,Lambertseterveien,59.871247,10.807175
NSR:Quay:10654,Lambertseterveien,59.87129,10.806974
NSR:Quay:106541,Syverudveien,59.701457,10.740431
NSR:Quay:106542,Syverudveien,59.701539,10.740836
NSR:Quay:10655,Flaen,59.954703,10.868635
NSR:Quay:10656,Flaen,59.95456,10.867887
NSR:Quay:106580,Steinerud,60.315679,11.256
NSR:Quay:106581,Steinerud,60.316078,11.256484
NSR:Quay:10660,Vormsund,60.153939,11.414409
NSR:Quay:10662,Mylskerudveien,59.874693,10.805418
NSR:Quay:10663,Mylskerudveien,59.875218,10.805231
NSR:Quay:10664,Kalbakkveien,59.951637,10.864872
NSR:Quay:10665,Kalbakkveien,59.951317,10.865626
NSR:Quay:10666,Munkelia,59.868862,10.81258
NSR:Quay:10667,Munkelia,59.868879,10.812746
NSR:Quay:10668,Kalbakkstubben,59.950835,10.866353
NSR:Quay:10669,Kalbakkstubben,59.95024,10.866291
NSR:Quay:10670,Munkelia T,59.868413,10.813229
NSR:Quay:106705,Horgenveien,59.687762,10.731497
NSR:Quay:10671,Munkelia T,59.868041,10.813503
NSR:Quay:10674,Kulmoen,60.144061,11.399922
NSR:Quay:106740,Måna sør,59.698139,10.658525
NSR:Quay:10675,Kulmoen,60.144645,11.401539
NSR:Quay:10676,Kulmoen,60.144266,11.401027
NSR:Quay:106761,Nybrua,59.917224,10.758601
NSR:Quay:106762,Nybrua,59.916828,10.757942
NSR:Quay:10677,Langbølgen,59.865573,10.814385
NSR:Quay:10678,Langbølgen,59.865782,10.81446
NSR:Quay:10681,Bergkrystallen,59.867035,10.821702
NSR:Quay:10682,Bergkrystallen,59.867117,10.82174
NSR:Quay:106822,Gamle Sætreveg,60.243557,11.199521
NSR:Quay:106823,Gamle Sætreveg,60.243226,11.198982
NSR:Quay:106824,Smedbråtavegen,60.23983,11.187489
NSR:Quay:10683,Sagstuveien,59.954266,10.880595
NSR:Quay:106830,Kabelgata,59.927082,10.811926
NSR:Quay:10684,Sagstuveien,59.954031,10.880534
NSR:Quay:106846,Nærby,59.787682,11.522209
NSR:Quay:10685,Bergkrystallen T,59.866676,10.82193
NSR:Quay:10686,Grorud skole,59.958359,10.882851
NSR:Quay:10687,Grorud skole,59.958175,10.882739
NSR:Quay:10688,Stein skole,60.135873,11.375447
NSR:Quay:106887,Sætre bussterminal,59.680493,10.530353
NSR:Quay:10689,Stein skole,60.135678,11.374243
NSR:Quay:10690,Blåfjellet,59.86867,10.814817
NSR:Quay:106903,Fornebu vest,59.894015,10.621392
NSR:Quay:106904,Oksenøya,59.898547,10.610417
NSR:Quay:106905,Storøya skole,59.893952,10.609953
NSR:Quay:10691,Blåfjellet,59.86952,10.814973
NSR:Quay:10692,Ammerud,59.958295,10.871929
NSR:Quay:10693,Ammerud,59.958236,10.872026
NSR:Quay:106932,Holmlia stasjon,59.834438,10.797525
NSR:Quay:10694,Mellombølgen,59.869902,10.815431
NSR:Quay:10695,Ammerud T,59.958161,10.870701
NSR:Quay:10696,Glimmerveien,59.870364,10.820455
NSR:Quay:106965,Ski stasjon Jernbaneveien,59.718866,10.835603
NSR:Quay:10697,Ammerud,59.95757,10.872195
NSR:Quay:106971,Bryn brannstasjon,59.912646,10.813031
NSR:Quay:10698,Ammerud,59.958252,10.875027
NSR:Quay:10699,Feltspatveien,59.873058,10.820645
NSR:Quay:10700,Ammerudhellinga,59.962671,10.872514
NSR:Quay:10701,Delerud,60.1316,11.353641
NSR:Quay:10702,Delerud,60.131817,11.35584
NSR:Quay:10704,Marmorveien,59.874549,10.821651
NSR:Quay:10705,Ammerud skole,59.964454,10.871787
NSR:Quay:10706,Nylænde,59.875714,10.819446
NSR:Quay:10707,Alundamveien,59.966449,10.870261
NSR:Quay:10708,Seterbråten,59.833174,10.827909
NSR:Quay:10709,Breisjøgrenda,59.969003,10.871119
NSR:Quay:10712,Huken,59.971602,10.874147
NSR:Quay:10713,Åsly,60.137203,11.379907
NSR:Quay:10714,Åsly,60.137067,11.379822
NSR:Quay:107142,Lillestrøm kirke,59.958456,11.048805
NSR:Quay:107143,Lillestrøm kirke,59.95849,11.049068
NSR:Quay:10715,Ammerudlunden,59.960724,10.87223
NSR:Quay:10716,Ulsrud,59.8894,10.849586
NSR:Quay:10717,Ulsrud,59.889448,10.849712
NSR:Quay:10718,Grorud,59.961371,10.880783
NSR:Quay:10719,Grorud,59.96146,10.88078
NSR:Quay:10720,Ulsrud T,59.88965,10.849138
NSR:Quay:10721,Ulsrud T,59.889635,10.849313
NSR:Quay:10722,Grorud T,59.961041,10.882865
NSR:Quay:10723,Grorud T,59.96096,10.883554
NSR:Quay:10724,Grorud T,59.960896,10.882875
NSR:Quay:10725,Grorud T,59.960751,10.882883
NSR:Quay:10726,Grorud T,59.960944,10.882871
NSR:Quay:10727,Grorud T,59.960799,10.88288
NSR:Quay:10728,Grorud T,59.960993,10.882868
NSR:Quay:10730,Østbyveien,59.888806,10.843082
NSR:Quay:10731,Østbyveien,59.888697,10.84356
NSR:Quay:10732,Jøranstien,59.888423,10.836213
NSR:Quay:10733,Råbukkvegen,60.132559,11.360097
NSR:Quay:10734,Jøranstien,59.887873,10.835596
NSR:Quay:10735,Råbukkvegen,60.132651,11.360121
NSR:Quay:10736,Grorudkrysset,59.959895,10.885214
NSR:Quay:10737,Ulsrudveien,59.892528,10.84879
NSR:Quay:10738,Ulsrudveien,59.892433,10.848852
NSR:Quay:10739,Grorudkrysset,59.959695,10.886319
NSR:Quay:10740,Grorudkrysset,59.959302,10.885971
NSR:Quay:10741,Østmarkveien,59.8919,10.854991
NSR:Quay:10742,Østmarkveien,59.891604,10.854959
NSR:Quay:10743,Grorud senter,59.961709,10.882257
NSR:Quay:10744,Olav Nygards veg,59.8883,10.85181
NSR:Quay:10745,Olav Nygards veg,59.88898,10.8527
NSR:Quay:10746,Furukollen,60.113967,11.493829
NSR:Quay:10747,Furukollen,60.114092,11.493848
NSR:Quay:10748,Hagelundveien,59.965398,10.883471
NSR:Quay:10749,Bøler,59.88428,10.84537
NSR:Quay:10750,Bøler,59.884197,10.84541
NSR:Quay:10751,Skogstad,59.967995,10.881953
NSR:Quay:107511,Vormsund skole,60.15951,11.431146
NSR:Quay:107512,Vormsund skole,60.159491,11.431253
NSR:Quay:107515,Vormsund skole,60.159474,11.431346
NSR:Quay:10752,Lillomarka barnehage,59.97006,10.876832
NSR:Quay:10753,Bøler T,59.883549,10.843039
NSR:Quay:107539,Skøyen stasjon,59.92277,10.678523
NSR:Quay:10754,Bøler T,59.883397,10.843058
NSR:Quay:10755,Bøler T,59.883655,10.844622
NSR:Quay:10756,Bredtvet,59.946038,10.862968
NSR:Quay:10757,Bredtvet,59.94623,10.863266
NSR:Quay:10759,Minisuper`n,60.115146,11.492493
NSR:Quay:10760,Minisuper`n,60.115049,11.492464
NSR:Quay:10765,Martin Linges vei,59.880336,10.839941
NSR:Quay:10766,Martin Linges vei,59.880401,10.839759
NSR:Quay:10768,Bogerud,59.87606,10.841985
NSR:Quay:10769,Bogerud,59.87606,10.842143
NSR:Quay:107691,Spetalenvegen,60.331005,11.20437
NSR:Quay:107692,Spetalenvegen,60.330867,11.204302
NSR:Quay:10770,Nedre Kalbakkvei,59.942634,10.858752
NSR:Quay:10771,Nedre Kalbakkvei,59.942855,10.85924
NSR:Quay:10772,Sandbergvegen,60.105414,11.504891
NSR:Quay:10773,Bogerud T,59.875283,10.841956
NSR:Quay:10774,Bogerud T,59.875077,10.841985
NSR:Quay:10775,Nyland stasjon,59.944088,10.869577
NSR:Quay:10776,Nyland stasjon,59.944195,10.8704
NSR:Quay:10777,Welding Olsens vei,59.870428,10.84717
NSR:Quay:10778,Welding Olsens vei,59.870568,10.847459
NSR:Quay:107801,Kville,59.954582,11.355485
NSR:Quay:107803,Ånerud gård,59.962366,11.368072
NSR:Quay:107804,Ånerudstua,59.965347,11.373489
NSR:Quay:10782,Skullerudveien,59.867337,10.844037
NSR:Quay:10783,Skullerudveien,59.867439,10.844281
NSR:Quay:107858,Minnemoen,60.404058,11.194993
NSR:Quay:10787,Skullerud,59.866537,10.840169
NSR:Quay:10788,Skullerud,59.866544,10.840019
NSR:Quay:10790,Skullerud,59.867307,10.840091
NSR:Quay:107914,Kolstadkrysset,59.777139,11.675325
NSR:Quay:10794,Skullerud,59.866984,10.84
NSR:Quay:107944,Kolsås,59.91448,10.501484
NSR:Quay:10795,Skullerud,59.866005,10.839359
NSR:Quay:10796,Skullerud,59.866297,10.83981
NSR:Quay:10797,Skullerud,59.867148,10.840046
NSR:Quay:10800,Grorud stasjon,59.950021,10.885214
NSR:Quay:10801,Sletnervegen,60.109209,11.537863
NSR:Quay:10802,Sletnervegen,60.109156,11.538034
NSR:Quay:10803,Langerudhjemmet,59.869568,10.835234
NSR:Quay:10804,Langerudhjemmet,59.869165,10.83646
NSR:Quay:10805,Bekkenstenveien,59.953293,10.886134
NSR:Quay:108095,Skrubben,59.647618,10.638876
NSR:Quay:10810,Skullerudbakken,59.863948,10.837334
NSR:Quay:108105,Storhagen,60.134548,11.159789
NSR:Quay:10811,Skullerudbakken,59.863958,10.837192
NSR:Quay:10813,Skullerudkrysset,59.863666,10.83197
NSR:Quay:10814,Skullerudkrysset,59.863437,10.83205
NSR:Quay:10815,Ødegård,60.110585,11.520917
NSR:Quay:10816,Ødegård,60.110716,11.520603
NSR:Quay:10818,Ryen,59.89573,10.804861
NSR:Quay:10819,Ryen,59.895653,10.804898
NSR:Quay:10820,Vestbyveien,59.95278,10.890793
NSR:Quay:10821,Ryen T,59.895274,10.806231
NSR:Quay:10822,Ryen T,59.895262,10.805231
NSR:Quay:108237,Mostua,60.046678,10.869217
NSR:Quay:108238,Mostua,60.046696,10.868872
NSR:Quay:10824,Ryen T,59.895371,10.80437
NSR:Quay:10825,Økern,59.928281,10.806073
NSR:Quay:108250,Bjørnveien,59.946447,10.685428
NSR:Quay:108251,Skovseth,60.338439,11.287393
NSR:Quay:10826,Ryen T,59.896336,10.804804
NSR:Quay:10827,Økern,59.928208,10.806108
NSR:Quay:10828,Dragsjøvegen,60.112297,11.501476
NSR:Quay:10829,Dragsjøvegen,60.112345,11.501063
NSR:Quay:10830,Dragsjøvegen,60.112187,11.50124
NSR:Quay:10831,Ryen T,59.895974,10.802726
NSR:Quay:10832,Økern T,59.928403,10.807017
NSR:Quay:10833,Ryen T,59.895921,10.802538
NSR:Quay:108332,Odins vei,59.760992,10.458686
NSR:Quay:10834,Økern T,59.92824,10.806886
NSR:Quay:10836,Ryenberget,59.897529,10.802685
NSR:Quay:10837,Ryenberget,59.897521,10.802551
NSR:Quay:10839,Ryensvingen,59.894316,10.806011
NSR:Quay:10841,Ryensvingen,59.894483,10.805912
NSR:Quay:10842,Auli mølle,60.110236,11.553897
NSR:Quay:10843,Auli mølle,60.109996,11.552832
NSR:Quay:108449,Oslo Hospital,59.904737,10.766978
NSR:Quay:10846,Økern aldershjem,59.932511,10.808334
NSR:Quay:10847,Sandstuveien,59.891114,10.809833
NSR:Quay:10848,Sandstuveien,59.891278,10.809748
NSR:Quay:108486,Nåkkves vei,59.918281,10.846167
NSR:Quay:108487,Fjell,59.750923,11.294369
NSR:Quay:10850,Manglerud,59.898039,10.812736
NSR:Quay:10851,Manglerud,59.89799,10.81284
NSR:Quay:108527,Vallerud Gård,60.049131,11.141124
NSR:Quay:108528,Vallerud Gård,60.049096,11.141132
NSR:Quay:10853,Manglerud T,59.898321,10.813639
NSR:Quay:10854,Manglerud T,59.897926,10.813621
NSR:Quay:10855,Ulven torg,59.925668,10.81177
NSR:Quay:10856,Ulven torg,59.925512,10.811867
NSR:Quay:10857,Rolstad,60.236151,11.36961
NSR:Quay:10858,Rolstad,60.23611,11.36939
NSR:Quay:10859,Rolstad,60.235816,11.371971
NSR:Quay:10860,Manglerud senter,59.896989,10.814559
NSR:Quay:108604,Formerveien,59.900706,10.843948
NSR:Quay:10861,Risløkka,59.932513,10.822957
NSR:Quay:10862,Manglerud senter,59.896669,10.813736
NSR:Quay:10863,Risløkka,59.932433,10.823016
NSR:Quay:10864,Traktorveien,59.900378,10.814382
NSR:Quay:10865,Risløkkalléen,59.93054,10.822552
NSR:Quay:10866,Risløkkalléen,59.931377,10.824111
NSR:Quay:10867,Manglerudveien,59.899814,10.803385
NSR:Quay:10868,Manglerudveien,59.899977,10.803393
NSR:Quay:10869,Nedre Valstad,60.241916,11.356226
NSR:Quay:108696,Hafsteinveien,59.797461,11.401797
NSR:Quay:108697,Hafsteinveien,59.797428,11.40162
NSR:Quay:10870,Nedre Risløkka,59.930178,10.811808
NSR:Quay:10871,Nedre Valstad,60.241736,11.356323
NSR:Quay:10872,Nedre Risløkka,59.929806,10.811416
NSR:Quay:10873,Furuveien,59.903872,10.80308
NSR:Quay:10874,Furuveien,59.903009,10.802203
NSR:Quay:10875,Rabbeveien,59.932023,10.813948
NSR:Quay:10878,Anton Tschudis vei,59.935425,10.815552
NSR:Quay:10879,Lundliveien,59.935918,10.811333
NSR:Quay:10880,Ihle meieri,60.253084,11.340927
NSR:Quay:10881,Ihle meieri,60.252497,11.341815
NSR:Quay:10882,Høyenhall,59.906136,10.819487
NSR:Quay:10883,Høyenhall,59.906187,10.819613
NSR:Quay:10884,Vollebekk,59.935903,10.831221
NSR:Quay:10885,Vollebekk,59.935935,10.831052
NSR:Quay:10886,Høyenhall T,59.906861,10.81954
NSR:Quay:10887,Høyenhall T,59.906962,10.819127
NSR:Quay:10888,Vollebekkveien,59.937487,10.825414
NSR:Quay:10889,Vollebekkveien,59.936263,10.825911
NSR:Quay:108899,Ekerholt,59.60698,10.707703
NSR:Quay:10890,Bryn senter,59.905094,10.821729
NSR:Quay:108905,Nordmyrvegen,60.224162,11.145914
NSR:Quay:108906,Nordmyrvegen,60.224194,11.14603
NSR:Quay:10891,Orresvingen,60.216319,11.385918
NSR:Quay:10892,Orresvingen,60.216187,11.385556
NSR:Quay:10893,Kroklia,59.937131,10.819479
NSR:Quay:10894,Kroklia,59.937084,10.81961
NSR:Quay:108947,Østre Sundby,59.704342,10.763199
NSR:Quay:10895,Bryn senter,59.903535,10.822606
NSR:Quay:10896,Bryn senter,59.903535,10.822496
NSR:Quay:10897,Øvre Risløkka,59.938053,10.823781
NSR:Quay:10898,Øvre Risløkka,59.938258,10.823596
NSR:Quay:10899,Rognerud,59.902106,10.825578
NSR:Quay:10900,Rognerud,59.901735,10.825119
NSR:Quay:10901,Økernbråten,59.939353,10.825117
NSR:Quay:10902,Økernbråten,59.940025,10.825559
NSR:Quay:109020,Majorstuen,59.928152,10.716369
NSR:Quay:109021,Majorstuen,59.92858,10.717482
NSR:Quay:10903,Manglerud skole,59.894308,10.821056
NSR:Quay:10904,Manglerud skole,59.894693,10.820782
NSR:Quay:10905,Linderud,59.941019,10.838461
NSR:Quay:10906,Linderud,59.940954,10.838544
NSR:Quay:10907,Skuronnveien,59.892059,10.821871
NSR:Quay:10908,Idrettsvegen,60.218814,11.389743
NSR:Quay:10909,Skuronnveien,59.891792,10.821785
NSR:Quay:109102,Vansum,60.123486,11.394773
NSR:Quay:109103,Fjellsrud skole,59.937326,10.977241
NSR:Quay:10911,Linderud T,59.941381,10.838632
NSR:Quay:109117,Holbergs plass,59.917743,10.735308
NSR:Quay:109118,Holbergs plass,59.917663,10.732852
NSR:Quay:109119,Huitfeldts gate,59.915242,10.725796
NSR:Quay:10912,Linderud T,59.941408,10.838463
NSR:Quay:10913,Treskeveien,59.889152,10.817926
NSR:Quay:10914,Treskeveien,59.889084,10.81802
NSR:Quay:10915,Linne hotell,59.939993,10.828089
NSR:Quay:10916,Linne hotell,59.939442,10.831023
NSR:Quay:10917,Abildsø,59.879736,10.82495
NSR:Quay:109176,Mellemveien,59.947692,11.375712
NSR:Quay:109177,Mellemveien,59.947493,11.375712
NSR:Quay:10918,Abildsø,59.880039,10.826814
NSR:Quay:10919,Abildsø,59.879484,10.826326
NSR:Quay:10920,Abildsø,59.880323,10.825763
NSR:Quay:10921,Nedre Vollebekk,59.933549,10.827477
NSR:Quay:10922,Nedre Vollebekk,59.933725,10.827517
NSR:Quay:109224,Holbergs plass,59.919941,10.735638
NSR:Quay:10923,Aulifeltet,60.03781,11.364608
NSR:Quay:10924,Smedberg,59.884904,10.8177
NSR:Quay:109244,Holbergs plass,59.917952,10.736765
NSR:Quay:109248,Historisk museum,59.916904,10.73511
NSR:Quay:10925,Smedberg,59.884032,10.819055
NSR:Quay:10926,Siemens,59.938003,10.837337
NSR:Quay:10927,Alléen,59.888539,10.813854
NSR:Quay:10929,Alléen,59.887786,10.814573
NSR:Quay:109293,Farverstua,59.955091,11.388673
NSR:Quay:109294,Farverstua,59.954935,11.388492
NSR:Quay:109295,Solberg,59.782746,11.411107
NSR:Quay:109296,Solberg,59.782837,11.411201
NSR:Quay:10930,Vollebekk,59.935775,10.83297
NSR:Quay:10931,Vollebekk,59.936395,10.833499
NSR:Quay:10932,Veitvetveien,59.940427,10.856606
NSR:Quay:10933,Veitvetveien,59.940364,10.853111
NSR:Quay:10934,Bogerudmyra,59.881813,10.833515
NSR:Quay:109344,Granheim,60.003298,11.327265
NSR:Quay:109345,Granheim,60.003231,11.327386
NSR:Quay:10935,Bogerudmyra,59.882158,10.834298
NSR:Quay:10936,Auli senter,60.033898,11.352273
NSR:Quay:109368,Dølitangen,60.272515,11.292288
NSR:Quay:109369,Dølitangen,60.272489,11.29221
NSR:Quay:10937,Auli senter,60.033666,11.350948
NSR:Quay:10938,Veitvet,59.944524,10.847049
NSR:Quay:10939,Veitvet,59.944578,10.846936
NSR:Quay:10940,Lille Langerud,59.87656,10.828346
NSR:Quay:10941,Lille Langerud,59.875815,10.828236
NSR:Quay:10942,Veitvet,59.945286,10.843337
NSR:Quay:10943,Veitvet,59.945662,10.846349
NSR:Quay:109432,Jansrud,59.681485,11.46948
NSR:Quay:109433,Jansrud,59.681568,11.469456
NSR:Quay:10944,Langerudveien,59.873715,10.829816
NSR:Quay:10945,Langerudveien,59.873824,10.829494
NSR:Quay:10946,Veitvetstubben,59.943714,10.841288
NSR:Quay:109468,Gressholmen,59.884524,10.724789
NSR:Quay:10947,Veitvetstubben,59.943701,10.841709
NSR:Quay:10948,Godlia,59.907146,10.835835
NSR:Quay:109483,Hjellebøl,59.760916,11.455417
NSR:Quay:109484,Furuset T,59.940395,10.898759
NSR:Quay:109485,Furuset T,59.940459,10.898129
NSR:Quay:109489,Gladbakk,60.088346,11.196007
NSR:Quay:10949,Godlia,59.907151,10.835993
NSR:Quay:10950,Linderudsletta,59.943794,10.83591
NSR:Quay:10951,Nylandsvegen,60.039848,11.370345
NSR:Quay:10952,Nylandsvegen,60.039737,11.369838
NSR:Quay:109527,Øysjøfoss,59.948316,11.800868
NSR:Quay:10953,Skøyenåsen,59.899,10.83672
NSR:Quay:109539,Nationaltheatret,59.914094,10.730319
NSR:Quay:10954,Skøyenåsen,59.899007,10.836575
NSR:Quay:109542,Høgtun,60.348709,11.285311
NSR:Quay:10955,Linderudsletta,59.944213,10.835054
NSR:Quay:10956,Linderudsletta,59.944508,10.835797
NSR:Quay:10957,Skøyenåsen T,59.900597,10.835929
NSR:Quay:10958,Skøyenåsen T,59.900511,10.836637
NSR:Quay:10959,Linderud senter,59.94369,10.836685
NSR:Quay:10962,Skøyenkroken,59.897893,10.837959
NSR:Quay:109625,Åvolvegen,60.177636,11.419258
NSR:Quay:10963,Skøyenkroken,59.897597,10.838428
NSR:Quay:10964,Øvre Lunden,59.943009,10.828722
NSR:Quay:10965,Øvre Lunden,59.943297,10.829223
NSR:Quay:109651,Majorstuen,59.92994,10.713384
NSR:Quay:109652,Majorstuen,59.929419,10.713794
NSR:Quay:10966,Kjærnsmo,60.024667,11.406298
NSR:Quay:10967,Kjærnsmo,60.024505,11.406169
NSR:Quay:109673,Sagmarka,60.476012,11.024281
NSR:Quay:109674,Sagmarka,60.47609,11.024378
NSR:Quay:109676,Soløstvegen,60.316281,11.219828
NSR:Quay:109677,Soløstvegen,60.316209,11.219997
NSR:Quay:10968,Kolåsbakken,59.944374,10.832034
NSR:Quay:10969,Kolåsbakken,59.944446,10.832203
NSR:Quay:109698,Flaskebekkrysset,59.850022,10.657554
NSR:Quay:109699,Flaskebekkrysset,59.850251,10.656719
NSR:Quay:10970,Skøyenåsveien,59.899151,10.840816
NSR:Quay:109700,Flaskebekkrysset,59.849991,10.655242
NSR:Quay:109701,Flaskebekkrysset,59.850172,10.655482
NSR:Quay:10971,Skøyenåsveien,59.89906,10.840982
NSR:Quay:109719,Pettersbråtan øst,60.282914,11.072491
NSR:Quay:10972,Haraldrudveien,59.924545,10.82565
NSR:Quay:10973,Haraldrudveien,59.924407,10.825712
NSR:Quay:109746,Lauten nordre,60.087809,11.181502
NSR:Quay:10975,Skøyenlia,59.902075,10.841081
NSR:Quay:10976,Persveien,59.922682,10.816373
NSR:Quay:10977,Persveien,59.922954,10.816316
NSR:Quay:10980,Huserteiet,60.011612,11.399909
NSR:Quay:10981,Travbanen,59.942246,10.811719
NSR:Quay:10982,Huserteiet,60.011603,11.400096
NSR:Quay:109823,Frognerseteren,59.977753,10.674967
NSR:Quay:109824,Frognerseteren,59.977729,10.675192
NSR:Quay:10985,Bjerke,59.942633,10.807513
NSR:Quay:10986,Østensjø skole,59.89897,10.831972
NSR:Quay:10987,Østensjø skole,59.899448,10.832568
NSR:Quay:109872,Skogveien,59.547552,10.564106
NSR:Quay:10988,Bjerke,59.942258,10.808742
NSR:Quay:10989,Refstadsvingen,59.941705,10.816888
NSR:Quay:10990,Refstadsvingen,59.9418,10.816893
NSR:Quay:10991,Oppsal kirke,59.900775,10.842041
NSR:Quay:10992,Oppsal kirke,59.900931,10.841913
NSR:Quay:10993,Bjerkedalen park,59.940361,10.82229
NSR:Quay:10994,Aulitoppen,60.046711,11.376388
NSR:Quay:10995,Oppsal,59.892932,10.840062
NSR:Quay:10996,Bjerkedalen park,59.940336,10.822011
NSR:Quay:10997,Aulitoppen,60.046142,11.376638
NSR:Quay:10998,Oppsal,59.892882,10.839957
NSR:Quay:10999,Oppsal senter,59.893061,10.840419
NSR:Quay:11000,Oppsal senter,59.893043,10.840655
NSR:Quay:11001,Brobekk,59.944092,10.81788
NSR:Quay:11002,Brobekk,59.944229,10.817298
NSR:Quay:11003,Løypeveien,59.896345,10.841615
NSR:Quay:11004,Løypeveien,59.896345,10.841773
NSR:Quay:11005,Auli kapell,60.03697,11.398082
NSR:Quay:11006,Auli kapell,60.036888,11.397986
NSR:Quay:11007,Årvoll senter,59.944226,10.807913
NSR:Quay:11008,Årvoll senter,59.945377,10.808857
NSR:Quay:11009,Vetlandsveien,59.900159,10.846864
NSR:Quay:11010,Vetlandsveien,59.900086,10.846781
NSR:Quay:11011,Årvollveien,59.946175,10.812014
NSR:Quay:11012,Årvollveien,59.946236,10.811987
NSR:Quay:11013,Solbergliveien,59.899828,10.851786
NSR:Quay:11014,Solbergliveien,59.901034,10.851196
NSR:Quay:11015,Bjerke,59.942697,10.811464
NSR:Quay:11016,Kampheimveien,59.897772,10.852368
NSR:Quay:11017,Kampheimveien,59.897852,10.852561
NSR:Quay:11021,Eftasåsen,59.896177,10.854071
NSR:Quay:11022,Eftasåsen,59.896262,10.854294
NSR:Quay:11023,Tonsenhagen,59.946079,10.828512
NSR:Quay:11024,Tonsenhagen,59.946015,10.828322
NSR:Quay:110241,Tofte skole,59.540811,10.554884
NSR:Quay:110242,Tofte skole,59.540842,10.554179
NSR:Quay:11025,Tonsenhagen,59.946393,10.828188
NSR:Quay:11026,Carl Berners plass,59.925828,10.779763
NSR:Quay:11027,Carl Berners plass,59.925981,10.7796
NSR:Quay:11028,Tonsenhagen torg,59.947314,10.821458
NSR:Quay:11029,Tonsenhagen torg,59.947243,10.822493
NSR:Quay:11034,Stig,59.947137,10.817869
NSR:Quay:11035,Stig,59.947278,10.817518
NSR:Quay:11036,Carl Berners plass,59.926789,10.77659
NSR:Quay:11037,Carl Berners plass,59.926775,10.77674
NSR:Quay:11043,Carl Berners plass,59.927058,10.776947
NSR:Quay:11044,Carl Berners plass,59.926555,10.776405
NSR:Quay:11045,Østgård skole,60.120193,11.530076
NSR:Quay:11048,Carl Berners plass,59.926625,10.775209
NSR:Quay:11049,Carl Berners plass,59.92639,10.77525
NSR:Quay:11050,Lofthus,59.947136,10.803278
NSR:Quay:11052,Lofthus,59.947391,10.802803
NSR:Quay:11053,Rosenhoff,59.930581,10.778312
NSR:Quay:110539,Ødegård,59.816559,11.370506
NSR:Quay:11054,Rosenhoff,59.930108,10.778092
NSR:Quay:110540,Ødegård,59.816699,11.370158
NSR:Quay:11055,Årrundveien,59.945673,10.804716
NSR:Quay:11056,Årrundveien,59.945379,10.804783
NSR:Quay:110561,Drammen sykehus Brakerøya,59.743042,10.233885
NSR:Quay:110562,Drammen sykehus Brakerøya,59.743944,10.235935
NSR:Quay:110567,Rikshospitalet,59.947825,10.718869
NSR:Quay:11057,Sinsenterrassen,59.934,10.77898
NSR:Quay:11058,Sinsenterrassen,59.934274,10.779296
NSR:Quay:110586,Rikshospitalet,59.949408,10.717772
NSR:Quay:11059,Aker sykehus,59.940943,10.797761
NSR:Quay:11060,Droggetoppen,60.130342,11.488869
NSR:Quay:11061,Droggetoppen,60.130443,11.489256
NSR:Quay:11064,Aker sykehus,59.940518,10.797257
NSR:Quay:11065,Hasle,59.924402,10.794682
NSR:Quay:110653,Lykkebo,59.770762,11.278253
NSR:Quay:11066,Hasle,59.924324,10.794733
NSR:Quay:11067,Sinsenveien,59.934371,10.792606
NSR:Quay:11068,Sinsenveien,59.934647,10.79248
NSR:Quay:11069,Hasle,59.923154,10.792469
NSR:Quay:11070,Hasle,59.923478,10.792517
NSR:Quay:11071,Lørenvangen,59.931975,10.799987
NSR:Quay:11072,Lørenvangen,59.932984,10.797565
NSR:Quay:11073,Fuglefjellet,60.124687,11.38033
NSR:Quay:110745,Klommestein,59.660365,10.680192
NSR:Quay:11075,Hasle,59.924377,10.792265
NSR:Quay:11076,Hasle,59.92457,10.7934
NSR:Quay:11077,Sinsen,59.93719,10.78187
NSR:Quay:110776,Ringstad,59.962475,11.326244
NSR:Quay:11078,Sinsen,59.93717,10.78174
NSR:Quay:110788,Haugli,60.003693,11.324042
NSR:Quay:11079,Haslevangen,59.925157,10.79411
NSR:Quay:11080,Haslevangen,59.925734,10.795607
NSR:Quay:110805,Odins vei,59.761047,10.457855
NSR:Quay:11081,Sinsen T,59.936576,10.782014
NSR:Quay:110814,Tønsager,60.336097,11.271037
NSR:Quay:110815,Tønsager,60.335919,11.270978
NSR:Quay:11082,Sinsen T,59.936203,10.7824
NSR:Quay:11083,Einars vei,59.924521,10.788695
NSR:Quay:11084,Einars vei,59.92465,10.787115
NSR:Quay:11085,Sinsenkrysset,59.938119,10.786673
NSR:Quay:11086,Udnes barnepark,60.100643,11.364914
NSR:Quay:11087,Udnes barnepark,60.100548,11.364903
NSR:Quay:11088,Sinsenkrysset,59.936806,10.785989
NSR:Quay:110883,Bjørkemoen,60.189205,11.449883
NSR:Quay:110884,Bjørkemoen,60.189208,11.45012
NSR:Quay:11089,Carl Berners plass T,59.926031,10.777328
NSR:Quay:11090,Carl Berners plass T,59.925922,10.777609
NSR:Quay:110906,Bergsvik,59.73144,11.007182
NSR:Quay:110908,Vestby ungdomsskole,59.595487,10.755202
NSR:Quay:11091,Sinsenkrysset,59.93816,10.785559
NSR:Quay:110913,Postkassene,59.911913,10.850873
NSR:Quay:11092,Tøyen stasjon,59.920186,10.781887
NSR:Quay:110923,Skedsmokorset,60.00413,11.031192
NSR:Quay:110926,Knud Bryns vei,59.928359,10.823759
NSR:Quay:110927,Knud Bryns vei,59.928447,10.823861
NSR:Quay:11093,Tøyen stasjon,59.919246,10.780503
NSR:Quay:110939,Bøler,59.726148,11.176422
NSR:Quay:11094,Sinsenkrysset,59.939259,10.783258
NSR:Quay:110940,Bøler,59.726093,11.176344
NSR:Quay:11095,Sinsenkrysset,59.938979,10.783532
NSR:Quay:110957,Hagamyren,59.674594,11.546293
NSR:Quay:110958,Hagamyren,59.674525,11.546151
NSR:Quay:11096,Ensjøveien,59.916872,10.780069
NSR:Quay:11097,Ensjøveien,59.91668,10.78031
NSR:Quay:110973,Bjerkås,59.792496,10.484435
NSR:Quay:11098,Franshusvegen,60.145138,11.347852
NSR:Quay:110980,Rykkinntoppen,59.934245,10.476596
NSR:Quay:110981,Bøveien,59.766431,10.448569
NSR:Quay:110982,Bøveien,59.766414,10.448776
NSR:Quay:110983,Fossumveien,59.764681,10.443615
NSR:Quay:110984,Fossumveien,59.765543,10.443578
NSR:Quay:110985,Dalveien,59.791658,10.481413
NSR:Quay:110986,Dalveien,59.791503,10.481193
NSR:Quay:110987,Bekkenstenveien,59.952335,10.886054
NSR:Quay:11099,Franshusvegen,60.145029,11.347651
NSR:Quay:110999,Grorud stasjon,59.949605,10.890613
NSR:Quay:11100,Sinsenkrysset,59.937186,10.786286
NSR:Quay:111000,Grorud stasjon,59.949607,10.889334
NSR:Quay:111001,Grorud stasjon,59.949012,10.88909
NSR:Quay:111002,Grorud stasjon,59.948535,10.888447
NSR:Quay:111006,Svangerudvegen,60.269421,11.231254
NSR:Quay:111007,Svangerudvegen,60.269439,11.232213
NSR:Quay:11101,Hasle kirke,59.921751,10.78579
NSR:Quay:111011,Presterud,60.042602,11.184895
NSR:Quay:111012,Presterud,60.042298,11.185498
NSR:Quay:11102,Hasle kirke,59.922137,10.786504
NSR:Quay:111028,Fjellstuveien,59.95046,10.937916
NSR:Quay:111029,Fjellstuveien,59.950537,10.938571
NSR:Quay:11103,Grefsen stasjon,59.941855,10.781399
NSR:Quay:111030,Kjølstad,59.985937,11.335823
NSR:Quay:111031,Kjølstad,59.9858,11.336297
NSR:Quay:11104,Grefsen stasjon,59.941726,10.781708
NSR:Quay:11105,Grefsen stasjon,59.94228,10.781297
NSR:Quay:11106,Ensjø,59.913723,10.787727
NSR:Quay:111061,Grefsen stadion,59.960117,10.785323
NSR:Quay:11107,Ensjø,59.913797,10.78777
NSR:Quay:11108,Grefsen stasjon,59.940782,10.78137
NSR:Quay:11109,Ensjø T,59.91482,10.787142
NSR:Quay:11110,Ensjø T,59.91499,10.78723
NSR:Quay:11111,Grefsen stasjon,59.941338,10.781617
NSR:Quay:11112,Blakermoen,60.129613,11.405552
NSR:Quay:11114,Gladengveien,59.9199,10.794126
NSR:Quay:11115,Storo,59.944832,10.778484
NSR:Quay:111152,Kruttverket,60.0505,10.859174
NSR:Quay:11116,Gladengveien,59.919768,10.793866
NSR:Quay:111169,Homansbyen,59.922837,10.725628
NSR:Quay:11117,Storo,59.94481,10.778368
NSR:Quay:111170,Homansbyen,59.922892,10.725947
NSR:Quay:111177,Hallangsvingen,59.717886,10.623329
NSR:Quay:11118,Storo,59.945465,10.777322
NSR:Quay:11121,Valle,59.917938,10.798919
NSR:Quay:11122,Valle,59.917122,10.800228
NSR:Quay:11123,Storo,59.945258,10.77824
NSR:Quay:11124,Storo,59.945258,10.778806
NSR:Quay:11125,Fyrstikktorget,59.914728,10.800864
NSR:Quay:11126,Haga stasjon,60.053459,11.375825
NSR:Quay:11127,Haga stasjon,60.053472,11.376109
NSR:Quay:11128,Storo,59.945688,10.778886
NSR:Quay:11129,Fyrstikktorget,59.913699,10.800537
NSR:Quay:11130,Storo,59.945849,10.779321
NSR:Quay:111302,Bålsrud,60.4441,11.194516
NSR:Quay:111303,Bålsrud,60.444206,11.194589
NSR:Quay:11131,Helsfyr T,59.913031,10.799925
NSR:Quay:111318,Fjellhaug,60.294479,11.243371
NSR:Quay:111319,Fjellhaug,60.293857,11.24338
NSR:Quay:11132,Storo,59.944781,10.77994
NSR:Quay:11133,Storo,59.945011,10.77997
NSR:Quay:11134,Helsfyr,59.912642,10.801401
NSR:Quay:11135,Helsfyr,59.912697,10.801446
NSR:Quay:11136,Nydalen stasjon,59.952716,10.76985
NSR:Quay:111369,Gaustad sykehus,59.952585,10.716703
NSR:Quay:11137,Gullbekken,60.208229,11.564945
NSR:Quay:11138,Nydalen stasjon,59.953114,10.769351
NSR:Quay:111385,Slemmestad brygge,59.784518,10.499633
NSR:Quay:11139,Gullbekken,60.20826,11.565122
NSR:Quay:111397,Thune,59.922133,10.68451
NSR:Quay:11140,Helsfyr T,59.912481,10.801328
NSR:Quay:111400,Furulund,59.920269,10.649429
NSR:Quay:11142,Helsfyr T,59.912842,10.801242
NSR:Quay:11143,Helsfyr T,59.913117,10.802253
NSR:Quay:11144,Helsfyr T,59.913271,10.80257
NSR:Quay:11145,Helsfyr T,59.912651,10.801143
NSR:Quay:11146,Helsfyr T,59.913021,10.801991
NSR:Quay:111472,Frøyhov,60.068633,11.364884
NSR:Quay:111473,Frøyhov,60.068631,11.365051
NSR:Quay:11148,Helsfyr T,59.912619,10.800422
NSR:Quay:111482,Ås videregående skole,59.664446,10.797892
NSR:Quay:11149,Lillo terrasse,59.951078,10.775536
NSR:Quay:11150,Lillo terrasse,59.951602,10.774734
NSR:Quay:11151,Nydalen,59.949532,10.765338
NSR:Quay:111513,Rosenborg,59.923512,10.72286
NSR:Quay:11152,Helsfyr,59.912163,10.800837
NSR:Quay:11153,Nydalen,59.949433,10.765322
NSR:Quay:11154,Helsfyr,59.912208,10.800231
NSR:Quay:11155,Berger,60.198077,11.564801
NSR:Quay:11156,Berger,60.19932,11.564651
NSR:Quay:11158,Nydalen T,59.948984,10.767771
NSR:Quay:111583,Åsletta,60.309137,11.299664
NSR:Quay:11159,Etterstad skole,59.910032,10.795489
NSR:Quay:11160,Etterstad skole,59.909126,10.794716
NSR:Quay:11161,Nydalen T,59.948633,10.769834
NSR:Quay:11162,Nydalen T,59.948842,10.769504
NSR:Quay:111621,Hedum,59.949813,11.533974
NSR:Quay:11163,Etterstad vest,59.906956,10.796945
NSR:Quay:111633,Herbernveien,59.901747,10.692878
NSR:Quay:11164,Tamburveien,59.951098,10.768879
NSR:Quay:111646,Riddervolds gate,59.91786,10.724177
NSR:Quay:11165,Tamburveien,59.950607,10.768385
NSR:Quay:11166,Munkerudteiet,60.060344,11.392184
NSR:Quay:111669,Kjustad,59.942939,11.192577
NSR:Quay:11167,Munkerudteiet,60.059655,11.391334
NSR:Quay:11168,Etterstad sør,59.907586,10.801932
NSR:Quay:11169,Disen,59.946151,10.787448
NSR:Quay:11170,Disen,59.946295,10.787853
NSR:Quay:11171,Disen,59.945879,10.786966
NSR:Quay:111711,Thune,59.92202,10.684893
NSR:Quay:111713,Abbediengen,59.924252,10.670922
NSR:Quay:111714,Abbediengen,59.924188,10.670699
NSR:Quay:11172,Disen,59.946314,10.787399
NSR:Quay:111721,Voksen skog,59.974787,10.644446
NSR:Quay:11173,Etterstadkroken,59.909759,10.803758
NSR:Quay:11176,Brynseng,59.90921,10.812089
NSR:Quay:111766,Fraurud,60.297429,11.276793
NSR:Quay:111767,Fraurud,60.296952,11.276698
NSR:Quay:11177,Brynseng,59.909319,10.812127
NSR:Quay:11178,Brynseng,59.90924,10.812097
NSR:Quay:11179,Brynseng,59.909136,10.812065
NSR:Quay:11180,Nordre Åsen,59.944237,10.786597
NSR:Quay:111803,Sjøvik,60.234296,11.159979
NSR:Quay:111804,Sjøvik,60.234336,11.159946
NSR:Quay:11181,Nordre Åsen,59.944175,10.78667
NSR:Quay:11182,Aschehougs vei,59.946507,10.792581
NSR:Quay:11183,Aschehougs vei,59.946475,10.792691
NSR:Quay:11184,Brynseng T,59.909288,10.814181
NSR:Quay:11185,Brynseng T,59.91,10.813484
NSR:Quay:11186,Brynseng T,59.909466,10.813707
NSR:Quay:11187,Haga samfunnshus,60.056303,11.383783
NSR:Quay:11188,Haga samfunnshus,60.056285,11.382287
NSR:Quay:11189,Sanatoriet,59.949575,10.792933
NSR:Quay:111892,Strandveien,59.912785,10.639054
NSR:Quay:111895,Sandaker,59.942661,10.771282
NSR:Quay:11190,Sanatoriet,59.949716,10.79337
NSR:Quay:111908,Tigerplassen bensin,59.446128,10.684519
NSR:Quay:11191,Brynsengveien,59.912083,10.815954
NSR:Quay:11192,Doktor Smiths vei,59.950189,10.790106
NSR:Quay:11193,Doktor Smiths vei,59.949501,10.790146
NSR:Quay:11194,Brynsengveien,59.91149,10.815678
NSR:Quay:111942,Kringler-Slattum skole,60.17083,10.993597
NSR:Quay:111944,Solvangtangen,60.315314,11.069911
NSR:Quay:111945,Solvangtangen,60.315928,11.069659
NSR:Quay:11195,Glads vei,59.952383,10.785407
NSR:Quay:111953,Slemdal T,59.95085,10.693125
NSR:Quay:111954,Slemdal T,59.950796,10.693281
NSR:Quay:11196,Glads vei,59.952218,10.785262
NSR:Quay:11197,Bryn brannstasjon,59.912733,10.813806
NSR:Quay:11198,Grefsenplatået,59.955875,10.785667
NSR:Quay:11199,Støverud,60.055533,11.403833
NSR:Quay:11200,Grefsenplatået,59.956052,10.785814
NSR:Quay:11201,Støverud,60.055403,11.404173
NSR:Quay:11202,Teisenkrysset,59.916755,10.812148
NSR:Quay:11203,Akebakken,59.952541,10.796959
NSR:Quay:11204,Akebakken,59.952742,10.797375
NSR:Quay:11205,Teisenkrysset,59.917049,10.810625
NSR:Quay:11206,Grefsenkollveien,59.9514,10.795942
NSR:Quay:11207,Valle Hovin,59.918749,10.808447
NSR:Quay:11208,Grefsenseteren,59.955343,10.798434
NSR:Quay:11209,Grefsenseteren,59.955444,10.798651
NSR:Quay:11210,Teisenkrysset,59.917832,10.81044
NSR:Quay:11211,Nybergvegen,60.05803,11.392935
NSR:Quay:11212,Nybergvegen,60.057095,11.393782
NSR:Quay:11213,Teisenkrysset,59.917728,10.811757
NSR:Quay:11214,Trollveiskrysset,59.958386,10.798107
NSR:Quay:11215,Trollveiskrysset,59.958452,10.798289
NSR:Quay:11217,Kirketomta,59.959977,10.797589
NSR:Quay:11218,Kirketomta,59.960098,10.797423
NSR:Quay:11219,Klosterheim,59.91285,10.821828
NSR:Quay:11220,Klosterheim,59.913024,10.821767
NSR:Quay:11221,Gulldalen,59.962594,10.795846
NSR:Quay:11222,Gulldalen,59.962657,10.795948
NSR:Quay:11223,Heia,59.964988,10.796286
NSR:Quay:11224,Heia,59.964913,10.796176
NSR:Quay:11225,Bryn skole,59.913859,10.824406
NSR:Quay:11226,Bryn skole,59.913906,10.824733
NSR:Quay:11227,Stadionvegen,60.056288,11.39584
NSR:Quay:11228,Stadionvegen,60.056394,11.395612
NSR:Quay:11229,Rønningen,59.966712,10.7955
NSR:Quay:11230,Rønningen,59.96677,10.795596
NSR:Quay:11231,Ulvenkrysset,59.918964,10.816483
NSR:Quay:11232,Rundhaugen,59.968576,10.79591
NSR:Quay:11233,Rundhaugen,59.968593,10.79576
NSR:Quay:11234,Ulvenkrysset,59.918624,10.816303
NSR:Quay:11235,Kokkim,60.056789,11.407942
NSR:Quay:11236,Kokkim,60.057107,11.408548
NSR:Quay:11237,Kokkim,60.056756,11.408175
NSR:Quay:11238,Kjelsås stasjon,59.965745,10.781925
NSR:Quay:11239,Kjelsås stasjon,59.965592,10.782625
NSR:Quay:11240,Fjellhus,59.920915,10.825302
NSR:Quay:11241,Ole Deviks vei,59.922352,10.830562
NSR:Quay:11242,Kjelsås,59.964317,10.785251
NSR:Quay:11243,Ole Deviks vei,59.923258,10.832678
NSR:Quay:11244,Kjelsås,59.964191,10.784739
NSR:Quay:11245,Kjelsåsalléen,59.962988,10.783955
NSR:Quay:11246,Caspar Storms vei,59.919797,10.830001
NSR:Quay:11247,Kjelsåsalléen,59.963205,10.784285
NSR:Quay:11248,Caspar Storms vei,59.919733,10.829749
NSR:Quay:11249,Grenihagen,60.201339,11.482057
NSR:Quay:11250,Grenihagen,60.201339,11.48167
NSR:Quay:11251,Kjelsåsalléen,59.963174,10.782885
NSR:Quay:11252,Kjelsåsalléen,59.963115,10.783255
NSR:Quay:11253,Fretex,59.91691,10.827177
NSR:Quay:11254,Fretex,59.916887,10.8269
NSR:Quay:11255,Grefsen stadion,59.960079,10.785659
NSR:Quay:11259,Grefsen stadion,59.960278,10.784532
NSR:Quay:11262,Grefsen stadion,59.959934,10.784902
NSR:Quay:11264,Brårud,60.20806,11.338317
NSR:Quay:11265,Brårud,60.208565,11.338577
NSR:Quay:11266,Brårud,60.208588,11.339521
NSR:Quay:11267,Lyngåsveien,59.956188,10.788979
NSR:Quay:11268,Lyngåsveien,59.956577,10.788424
NSR:Quay:11271,Brannvaktveien,59.953661,10.792447
NSR:Quay:11272,Brannvaktveien,59.953573,10.792308
NSR:Quay:11273,Hellerud,59.91003,10.82986
NSR:Quay:11274,Hellerud,59.9101,10.82984
NSR:Quay:11275,Grefsenlia,59.950592,10.796755
NSR:Quay:11276,Hellerud,59.910418,10.831468
NSR:Quay:11277,Hellerud,59.910532,10.831758
NSR:Quay:11278,Frysja,59.966757,10.773937
NSR:Quay:11279,Brårudfeltet,60.207859,11.334567
NSR:Quay:11280,Brårudfeltet,60.20816,11.330367
NSR:Quay:11281,Tveten gård,59.911627,10.837978
NSR:Quay:11282,Tveten gård,59.911158,10.836615
NSR:Quay:11283,Stillatorvet,59.966418,10.775788
NSR:Quay:11284,Stillatorvet,59.965803,10.777663
NSR:Quay:11286,Brekke,59.969226,10.774463
NSR:Quay:11287,Ullevål stadion,59.946879,10.732205
NSR:Quay:11289,Ullevål stadion,59.946754,10.732194
NSR:Quay:11290,Låveggveien,60.198398,11.33913
NSR:Quay:11291,Låveggveien,60.198362,11.338993
NSR:Quay:11299,Ullevål stadion,59.949775,10.732065
NSR:Quay:11300,Blindern vgs.,59.951087,10.728752
NSR:Quay:11301,Blindern vgs.,59.951139,10.728905
NSR:Quay:11302,Nåkkves vei,59.91827,10.846
NSR:Quay:11303,Blekstad,60.188793,11.352914
NSR:Quay:11304,Blekstad,60.188873,11.352989
NSR:Quay:11307,Solvang,59.953753,10.728018
NSR:Quay:11308,Solvang,59.954084,10.728984
NSR:Quay:11309,Tveita,59.914007,10.842138
NSR:Quay:11310,Tveita,59.91398,10.84224
NSR:Quay:11311,Ullevål stadion,59.949438,10.729877
NSR:Quay:11312,Tveita T,59.913964,10.8425
NSR:Quay:11313,Tveita T,59.913819,10.842269
NSR:Quay:11314,Ullevål stadion T,59.947263,10.732862
NSR:Quay:11315,Ullevål stadion T,59.94718,10.732701
NSR:Quay:11316,Tveita,59.914334,10.845864
NSR:Quay:11317,Berg,59.951262,10.744524
NSR:Quay:11318,Tveita,59.913191,10.840864
NSR:Quay:11319,Berg,59.951188,10.744801
NSR:Quay:11320,Aurstad,60.176313,11.35562
NSR:Quay:11321,Aurstad,60.176373,11.355725
NSR:Quay:11322,Berg,59.951886,10.743148
NSR:Quay:11323,Tveita,59.912924,10.844257
NSR:Quay:11324,Berg,59.951924,10.744473
NSR:Quay:11325,Tveita bedriftsområde,59.915279,10.847352
NSR:Quay:11326,Tveita bedriftsområde,59.916522,10.849262
NSR:Quay:11329,Stordamveien,59.911222,10.847602
NSR:Quay:11330,Østhellinga,59.947566,10.749663
NSR:Quay:11331,Stordamveien,59.911531,10.846408
NSR:Quay:11332,Østhellinga,59.947215,10.749393
NSR:Quay:11333,Greni,60.16804,11.365426
NSR:Quay:11334,Greni,60.168033,11.365265
NSR:Quay:11335,Tåsen allé,59.944155,10.748529
NSR:Quay:11337,Tåsen allé,59.944156,10.748223
NSR:Quay:11338,Postkassene,59.912369,10.851397
NSR:Quay:11339,Tåsen,59.953587,10.752327
NSR:Quay:11340,Haugerud,59.922216,10.854554
NSR:Quay:11341,Tåsen,59.953702,10.752437
NSR:Quay:11342,Haugerud,59.922176,10.854683
NSR:Quay:11343,Tåsen senter,59.952806,10.751184
NSR:Quay:11344,Tåsen senter,59.952057,10.750833
NSR:Quay:11345,Tåsen senter,59.951991,10.75068
NSR:Quay:11346,Tåsen senter,59.952766,10.751576
NSR:Quay:11347,Haugerud T,59.92204,10.855227
NSR:Quay:11348,Haugerud T,59.921848,10.854728
NSR:Quay:11349,Svanfoss,60.216193,11.355046
NSR:Quay:11350,Svanfoss,60.216456,11.354813
NSR:Quay:11351,Haugerudveien,59.918616,10.851536
NSR:Quay:11352,Haugerudveien,59.918577,10.851333
NSR:Quay:11353,Bergrådveien,59.953309,10.757064
NSR:Quay:11354,Bergrådveien,59.953199,10.757364
NSR:Quay:11355,Øvre Stabburvei,59.953925,10.760921
NSR:Quay:11356,Øvre Stabburvei,59.954206,10.760725
NSR:Quay:11357,Haugerudveien,59.917513,10.851421
NSR:Quay:11358,Haugerudveien,59.917363,10.851054
NSR:Quay:11362,Blåsbortveien,59.95086,10.761049
NSR:Quay:11363,Blåsbortveien,59.950792,10.760832
NSR:Quay:11364,Fenstad kirke,60.213261,11.378612
NSR:Quay:11365,Fenstad kirke,60.21333,11.378416
NSR:Quay:11367,Godals vei,59.94788,10.759995
NSR:Quay:11368,Godals vei,59.947355,10.760049
NSR:Quay:11371,Østhorn,59.956718,10.75016
NSR:Quay:11372,Østhorn,59.956579,10.750149
NSR:Quay:11373,Trosterud,59.92714,10.86518
NSR:Quay:11374,Trosterud,59.92721,10.86515
NSR:Quay:11375,Grinderveien,60.217918,11.387234
NSR:Quay:11376,Grinderveien,60.217861,11.387394
NSR:Quay:11377,Havnabakken,59.959196,10.75421
NSR:Quay:11378,Doktor Dedichens vei,59.924466,10.858084
NSR:Quay:11379,Doktor Dedichens vei,59.924582,10.860173
NSR:Quay:11380,Doktor Dedichens vei,59.92568,10.860782
NSR:Quay:11381,Havnabakken,59.959165,10.754859
NSR:Quay:11382,Haukåsen skole,59.922353,10.863445
NSR:Quay:11383,Haukåsen skole,59.922356,10.863639
NSR:Quay:11384,Nordberghjemmet,59.961427,10.744331
NSR:Quay:11385,Nordberghjemmet,59.961311,10.74479
NSR:Quay:11386,Fagerholt,59.923514,10.867584
NSR:Quay:11387,Fagerholt,59.92356,10.867758
NSR:Quay:11388,Holstein,59.960608,10.740453
NSR:Quay:11389,Holstein,59.960539,10.740386
NSR:Quay:11392,Lutvann skole,59.925786,10.869596
NSR:Quay:11393,Lutvann skole,59.925707,10.869668
NSR:Quay:11394,Kongleveien,59.960876,10.73442
NSR:Quay:11395,Kongleveien,59.961406,10.736368
NSR:Quay:11396,Lutvannsveien,59.92577,10.872852
NSR:Quay:11397,Lutvannsveien,59.925317,10.872777
NSR:Quay:11398,Nordbergveien,59.957709,10.732704
NSR:Quay:11399,Nordbergveien,59.957658,10.732889
NSR:Quay:11400,Kringsjå,59.963701,10.734842
NSR:Quay:11401,Kringsjå,59.963711,10.735008
NSR:Quay:11402,Ole Messelts vei,59.924695,10.872251
NSR:Quay:11404,Kringsjå,59.964134,10.734327
NSR:Quay:11405,Kringsjå,59.964062,10.734187
NSR:Quay:11406,Trasop skole,59.903772,10.851335
NSR:Quay:11407,Trasop skole,59.904525,10.851054
NSR:Quay:11411,Sognsvann,59.967316,10.733833
NSR:Quay:11412,Hellerudfaret,59.905546,10.851279
NSR:Quay:11413,Skibakken,59.959462,10.764094
NSR:Quay:11414,Skibakken,59.959099,10.764233
NSR:Quay:11415,Trasoppveien,59.910329,10.849098
NSR:Quay:11416,Trasoppveien,59.910587,10.847768
NSR:Quay:11417,Korsvollbakken,59.958042,10.762498
NSR:Quay:11418,Korsvollbakken,59.958115,10.762404
NSR:Quay:11419,Rundtjernveien,59.915522,10.850673
NSR:Quay:11420,Rundtjernveien,59.915015,10.850595
NSR:Quay:11424,Korsvoll,59.962028,10.765464
NSR:Quay:11425,Korsvoll,59.962833,10.765821
NSR:Quay:11426,Hellerud terrasse,59.913258,10.856769
NSR:Quay:11429,Hellerudgrenda,59.912928,10.858996
NSR:Quay:11430,Hellerudgrenda,59.912867,10.859076
NSR:Quay:11431,Brekkekrysset,59.966939,10.766425
NSR:Quay:11432,Brekkekrysset,59.967196,10.766599
NSR:Quay:11433,Krokstien,59.910509,10.860066
NSR:Quay:11434,Svensenga,59.963208,10.769603
NSR:Quay:11435,Svensenga,59.964187,10.770885
NSR:Quay:11436,Grankollveien,59.911682,10.860629
NSR:Quay:11439,Frøen,59.934569,10.708888
NSR:Quay:11440,Landeroveien,59.916038,10.857051
NSR:Quay:11441,Frøen,59.934594,10.709318
NSR:Quay:11442,Alfaset,59.930915,10.856037
NSR:Quay:11443,Frøensalléen,59.935337,10.709776
NSR:Quay:11444,Frøensalléen,59.935355,10.709961
NSR:Quay:11445,Alfaset,59.931259,10.856659
NSR:Quay:11446,Alna senter,59.927254,10.846438
NSR:Quay:11447,Steinerud,59.939153,10.70438
NSR:Quay:11448,Alna senter,59.927892,10.846872
NSR:Quay:11449,Steinerud,59.939118,10.70424
NSR:Quay:11450,Steinerud T,59.939148,10.704557
NSR:Quay:11453,Alnabruveien,59.923961,10.835845
NSR:Quay:11454,Alnabruveien,59.924064,10.834655
NSR:Quay:11455,Risalléen,59.945056,10.704742
NSR:Quay:11456,Tittutveien,59.925611,10.843635
NSR:Quay:11457,Risbakken,59.943752,10.700112
NSR:Quay:11458,Smalvollveien,59.924563,10.842795
NSR:Quay:11459,Smalvollveien,59.924407,10.842575
NSR:Quay:11460,Vinderen,59.942638,10.704779
NSR:Quay:11461,Vinderen,59.9422,10.704586
NSR:Quay:11465,Vinderen T,59.94247,10.704173
NSR:Quay:11466,Vinderen T,59.942638,10.704082
NSR:Quay:11468,Arvesetveien,59.928772,10.847046
NSR:Quay:11469,Postens verksteder,59.9321,10.844193
NSR:Quay:11470,Postens verksteder,59.931471,10.844514
NSR:Quay:11471,Viggo Hansteens vei,59.943075,10.700501
NSR:Quay:11472,Viggo Hansteens vei,59.943309,10.698642
NSR:Quay:11473,Vinderen T,59.942864,10.705353
NSR:Quay:11474,Riddervolds plass,59.918324,10.718966
NSR:Quay:11475,Riddervolds plass,59.918301,10.718713
NSR:Quay:11476,Elvestad sykehjem,60.101608,11.437266
NSR:Quay:11477,Elvestad sykehjem,60.101469,11.436958
NSR:Quay:11478,Gaustad,59.94597,10.710203
NSR:Quay:11479,Gaustad,59.9457,10.71005
NSR:Quay:11482,Gaustad T,59.946464,10.710905
NSR:Quay:11483,Gaustad T,59.9461,10.710559
NSR:Quay:11484,Frydenlund,59.9209,10.733122
NSR:Quay:11485,Gaustad,59.945545,10.716029
NSR:Quay:11486,Gaustad,59.946275,10.712212
NSR:Quay:11487,Bislett,59.925739,10.732052
NSR:Quay:11488,Bislett,59.925756,10.731738
NSR:Quay:11489,Gaustadalléen,59.945547,10.717453
NSR:Quay:11490,Gaustadalléen,59.945759,10.717697
NSR:Quay:11491,Folvell,60.097537,11.431266
NSR:Quay:11492,Bislett,59.925851,10.730947
NSR:Quay:11493,Folvell,60.097559,11.431097
NSR:Quay:11494,Bislett,59.926109,10.731218
NSR:Quay:11498,Stensgata,59.929651,10.733146
NSR:Quay:11499,Stensgata,59.929475,10.73291
NSR:Quay:11502,Adamstuen,59.932635,10.734903
NSR:Quay:11504,Adamstuen,59.932718,10.734536
NSR:Quay:11505,Ris,59.948084,10.704321
NSR:Quay:11506,Ris,59.948016,10.704774
NSR:Quay:11507,Adamstuen,59.932639,10.734627
NSR:Quay:11508,Adamstuen,59.932834,10.734882
NSR:Quay:11509,Lundsvegen,60.080022,11.452947
NSR:Quay:11510,Lundsvegen,60.08005,11.453134
NSR:Quay:11511,Ris T,59.948389,10.704066
NSR:Quay:11512,Ris T,59.947978,10.704986
NSR:Quay:11513,Sofies plass,59.924197,10.734892
NSR:Quay:11514,Sofies plass,59.924256,10.735037
NSR:Quay:11517,Slemdal,59.950938,10.694447
NSR:Quay:11518,Slemdal,59.950812,10.694399
NSR:Quay:11519,St. Hanshaugen,59.923957,10.739841
NSR:Quay:11520,St. Hanshaugen,59.924574,10.739951
NSR:Quay:11522,Slemdal T,59.951158,10.69384
NSR:Quay:11523,Slemdal T,59.951531,10.693401
NSR:Quay:11524,Fjellfotvegen sør,60.08768,11.461819
NSR:Quay:11525,Fjellfotvegen sør,60.08783,11.461567
NSR:Quay:11526,Fjellfotvegen sør,60.087688,11.461192
NSR:Quay:11527,Fjellfotvegen sør,60.087648,11.461675
NSR:Quay:11528,St. Hanshaugen,59.924365,10.741904
NSR:Quay:11529,Grimelundsveien,59.944763,10.692449
NSR:Quay:11530,Grimelundsveien,59.944763,10.692937
NSR:Quay:11531,St. Hanshaugen,59.923356,10.739447
NSR:Quay:11532,Tråkka,59.946215,10.688904
NSR:Quay:11533,Tråkka,59.945436,10.689826
NSR:Quay:11534,Stensberggata,59.921978,10.741306
NSR:Quay:11535,Stensberggata,59.922607,10.74108
NSR:Quay:11536,Dalsveien,59.948695,10.688871
NSR:Quay:11539,Nordahl Bruns gate,59.919226,10.743602
NSR:Quay:11540,Stasjonsveien,59.950196,10.68889
NSR:Quay:11542,Gateteiet,60.086376,11.459848
NSR:Quay:11543,Gateteiet,60.086245,11.459623
NSR:Quay:11544,Colletts gate,59.927028,10.738581
NSR:Quay:11545,Colletts gate,59.92704,10.738873
NSR:Quay:11546,Holmenhavna,59.95069,10.680621
NSR:Quay:11547,Holmenhavna,59.950796,10.680513
NSR:Quay:11548,Alexander Kiellands plass,59.927869,10.749253
NSR:Quay:11549,Alexander Kiellands plass,59.928635,10.74939
NSR:Quay:11550,Alexander Kiellands plass,59.928867,10.749631
NSR:Quay:11551,Alexander Kiellands plass,59.927867,10.748896
NSR:Quay:11552,Gråkammen,59.955033,10.701515
NSR:Quay:11553,Gråkammen,59.955042,10.701711
NSR:Quay:11554,Telthusbakken,59.924566,10.750396
NSR:Quay:11555,Telthusbakken,59.924563,10.750618
NSR:Quay:11557,Falck Ytters plass,59.925762,10.744833
NSR:Quay:11558,Stensrud,60.076866,11.449969
NSR:Quay:11559,Falck Ytters plass,59.925861,10.744693
NSR:Quay:11560,Stensrud,60.076531,11.448255
NSR:Quay:11561,Gulleråsen,59.955796,10.696797
NSR:Quay:11562,Svenstua,59.957108,10.689684
NSR:Quay:11563,Evald Ryghs gate,59.931006,10.749057
NSR:Quay:11564,Svenstua,59.957717,10.689783
NSR:Quay:11565,Evald Ryghs gate,59.930467,10.748794
NSR:Quay:11566,Lovisenberg,59.930666,10.743006
NSR:Quay:11567,Vettakollen,59.959993,10.695577
NSR:Quay:11568,Lovisenberg,59.9307,10.742765
NSR:Quay:11569,Vettakollen,59.959784,10.695834
NSR:Quay:11570,Skådalen,59.961867,10.690778
NSR:Quay:11571,Skådalen,59.961779,10.6907
NSR:Quay:11572,Tannlegehøyskolen,59.932996,10.742215
NSR:Quay:11573,Tannlegehøyskolen,59.932791,10.742228
NSR:Quay:11574,Holtteien,60.067627,11.435915
NSR:Quay:11575,Holtteien,60.067669,11.436132
NSR:Quay:11576,Midtstuen,59.961366,10.683024
NSR:Quay:11577,Midtstuen,59.961281,10.683016
NSR:Quay:11578,Ullevål sykehus,59.935763,10.736687
NSR:Quay:11579,Ullevål sykehus,59.936162,10.734769
NSR:Quay:11580,Lybekkveien,59.95231,10.673867
NSR:Quay:11581,Ullevål sykehus,59.936177,10.731867
NSR:Quay:11582,Lybekkveien,59.95299,10.673974
NSR:Quay:11583,Ullevål sykehus,59.936362,10.732071
NSR:Quay:11584,Krags vei,59.95481,10.666035
NSR:Quay:11585,Krags vei,59.954979,10.666064
NSR:Quay:11586,Ullevål sykehus,59.936122,10.732079
NSR:Quay:11587,Ullevål sykehus,59.936349,10.731934
NSR:Quay:11588,Ryghs vei,59.956134,10.66181
NSR:Quay:11589,Ryghs vei,59.956162,10.662242
NSR:Quay:11590,Finholt,60.06298,11.428126
NSR:Quay:11591,Finholt,60.062648,11.427248
NSR:Quay:11592,Vestre Aker kirke,59.935242,10.730628
NSR:Quay:11593,Besserud,59.957981,10.67417
NSR:Quay:11594,Besserud,59.957712,10.673564
NSR:Quay:11595,Vestre Aker kirke,59.934305,10.727967
NSR:Quay:11596,Midtstuen,59.959459,10.683995
NSR:Quay:11597,Midtstuen,59.959368,10.685022
NSR:Quay:11598,Marienlyst,59.932389,10.724553
NSR:Quay:11599,Marienlyst,59.932148,10.723608
NSR:Quay:11600,Besserud T,59.957928,10.674779
NSR:Quay:11601,Besserud T,59.957974,10.674763
NSR:Quay:11603,Lindern,59.934673,10.743755
NSR:Quay:11604,Lindern,59.934375,10.743687
NSR:Quay:11605,Holmenkollen,59.960181,10.663055
NSR:Quay:11606,Holmenkollen,59.960247,10.663143
NSR:Quay:11607,Fayes gate,59.935245,10.74317
NSR:Quay:11608,Fayes gate,59.935231,10.741547
NSR:Quay:11609,Voksenlia,59.966968,10.654778
NSR:Quay:11610,Voksenlia,59.966905,10.654649
NSR:Quay:11611,Skogen,59.9751,10.647431
NSR:Quay:11612,Skogen,59.975365,10.647528
NSR:Quay:11614,John Colletts plass,59.940862,10.729582
NSR:Quay:11617,Lillevann,59.980434,10.653182
NSR:Quay:11618,John Colletts plass,59.940972,10.729831
NSR:Quay:11619,Lillevann,59.980678,10.652578
NSR:Quay:11621,Bodung stasjon,60.085837,11.420283
NSR:Quay:11622,Bodung stasjon,60.085227,11.419559
NSR:Quay:11623,Soria Moria,59.97516,10.656768
NSR:Quay:11624,Soria Moria,59.97498,10.656738
NSR:Quay:11625,John Colletts plass,59.940209,10.729252
NSR:Quay:11626,John Colletts plass,59.940428,10.728828
NSR:Quay:11627,Lysebu,59.979194,10.660582
NSR:Quay:11628,Lysebu,59.979136,10.660936
NSR:Quay:11629,Ullevålsalléen,59.938055,10.730354
NSR:Quay:11630,Ullevålsalléen,59.937738,10.73014
NSR:Quay:11631,Voksenkollen T,59.980073,10.664071
NSR:Quay:11632,Voksenkollen T,59.980181,10.663999
NSR:Quay:11633,Klodsbodding kapell,60.081571,11.414851
NSR:Quay:11634,Klodsbodding kapell,60.081613,11.415031
NSR:Quay:11635,Blindern,59.94019,10.716259
NSR:Quay:11636,Blindern,59.940219,10.716101
NSR:Quay:11637,Voksenkollen,59.980126,10.665056
NSR:Quay:11638,Voksenkollen,59.980036,10.665104
NSR:Quay:11639,Thorleif Haugs vei,59.969916,10.669505
NSR:Quay:11640,Thorleif Haugs vei,59.96998,10.669396
NSR:Quay:11643,Makrellbekken,59.94152,10.673998
NSR:Quay:11644,Makrellbekken,59.941889,10.673706
NSR:Quay:11647,Tveiten gård,60.074765,11.400169
NSR:Quay:11648,Makrellbekken,59.941879,10.672636
NSR:Quay:11649,Tveiten gård,60.074753,11.399885
NSR:Quay:11650,Universitetet Blindern,59.941956,10.725089
NSR:Quay:11651,Universitetet Blindern,59.942143,10.72452
NSR:Quay:11652,Bernhard Herres vei,59.941664,10.681635
NSR:Quay:11653,Bernhard Herres vei,59.941811,10.681804
NSR:Quay:11654,Forskningsparken,59.943674,10.720934
NSR:Quay:11655,Forskningsparken,59.943734,10.7208
NSR:Quay:11656,Holmendammen,59.944856,10.679486
NSR:Quay:11657,Holmendammen,59.94427,10.680516
NSR:Quay:11660,Holmenenga,59.948468,10.676238
NSR:Quay:11661,Holmenenga,59.94893,10.676321
NSR:Quay:11662,Forskningsparken T,59.943674,10.721074
NSR:Quay:11663,Forskningsparken T,59.943936,10.720757
NSR:Quay:11664,Haugen,60.07178,11.397108
NSR:Quay:11665,Gressbanen,59.950964,10.675106
NSR:Quay:11666,Gressbanen,59.950474,10.67528
NSR:Quay:11667,Eventyrveien,59.944578,10.731521
NSR:Quay:11668,Eventyrveien,59.94469,10.731795
NSR:Quay:11669,Holmen,59.946056,10.66744
NSR:Quay:11670,Holmen,59.945983,10.667354
NSR:Quay:11671,Domus Athletica,59.947419,10.721911
NSR:Quay:11672,Arnebråtveien,59.950979,10.665362
NSR:Quay:11673,Arnebråtveien,59.950809,10.665559
NSR:Quay:11674,Arkitekt Rivertz plass,59.933792,10.749414
NSR:Quay:11675,Arkitekt Rivertz plass,59.93484,10.749905
NSR:Quay:11676,Amagerveien,59.952426,10.661011
NSR:Quay:11677,Amagerveien,59.952567,10.66074
NSR:Quay:11678,Arkitekt Rivertz plass,59.934754,10.748607
NSR:Quay:11679,Arkitekt Rivertz plass,59.934085,10.750546
NSR:Quay:11680,Framtun skole,60.060237,11.409852
NSR:Quay:11682,Vøyenbrua,59.933062,10.758319
NSR:Quay:11683,Vøyenbrua,59.932886,10.758364
NSR:Quay:11684,Huseby skole,59.94487,10.656309
NSR:Quay:11685,Huseby skole,59.945273,10.655167
NSR:Quay:11686,Hovseter,59.94643,10.65513
NSR:Quay:11687,Hovseter,59.946353,10.655161
NSR:Quay:11688,Sagene,59.93755,10.751396
NSR:Quay:11689,Sagene,59.93763,10.750736
NSR:Quay:11690,Hovseter,59.945733,10.655856
NSR:Quay:11691,Hovseter,59.946709,10.657591
NSR:Quay:11692,Sagene,59.938002,10.750165
NSR:Quay:11693,Sagene,59.937846,10.749832
NSR:Quay:11694,Esval,60.175863,11.419561
NSR:Quay:11695,Esval,60.175948,11.419666
NSR:Quay:11696,Hovseter skole,59.949486,10.656449
NSR:Quay:11697,Hovseter skole,59.949517,10.656623
NSR:Quay:11698,Voldsløkka,59.940565,10.750372
NSR:Quay:11699,Voldsløkka,59.940419,10.750042
NSR:Quay:11701,Orebakken,59.952903,10.656588
NSR:Quay:11702,Orebakken,59.952929,10.656443
NSR:Quay:11703,Bjølsen,59.942828,10.759628
NSR:Quay:11704,Bjølsen,59.942325,10.759657
NSR:Quay:11706,Nyhus,60.184274,11.418652
NSR:Quay:11707,Nyhus,60.184162,11.418529
NSR:Quay:11708,Advokat Dehlis plass,59.939481,10.758877
NSR:Quay:11709,Advokat Dehlis plass,59.938743,10.759588
NSR:Quay:11710,Ostadalsveien,59.9455,10.647729
NSR:Quay:11711,Ostadalsveien,59.945796,10.648013
NSR:Quay:11712,Arendalsgata,59.937378,10.757812
NSR:Quay:11713,Arendalsgata,59.937475,10.759424
NSR:Quay:11715,Aslakveien,59.94267,10.646988
NSR:Quay:11716,Aslakveien,59.94266,10.647136
NSR:Quay:11717,Badebakken,59.945641,10.760306
NSR:Quay:11718,Badebakken,59.94577,10.760119
NSR:Quay:11719,Røa næringspark,59.941392,10.64915
NSR:Quay:11720,Vormlia,60.158676,11.421007
NSR:Quay:11721,Vormlia,60.158277,11.420784
NSR:Quay:11722,Ullerntoppen,59.938718,10.648225
NSR:Quay:11723,Ullerntoppen,59.938627,10.648343
NSR:Quay:11724,Kristoffer Aamots bro,59.946765,10.76422
NSR:Quay:11725,Kristoffer Aamots bro,59.946979,10.764142
NSR:Quay:11726,Røa,59.94677,10.64429
NSR:Quay:11727,Torshov,59.934469,10.764346
NSR:Quay:11728,Torshov,59.934809,10.764802
NSR:Quay:11729,Røa,59.946692,10.644234
NSR:Quay:11730,Røa T,59.947247,10.643115
NSR:Quay:11731,Røa T,59.946725,10.642603
NSR:Quay:11733,Torshov,59.935039,10.76455
NSR:Quay:11734,Torshov,59.935168,10.76445
NSR:Quay:11735,Røa T,59.947897,10.642482
NSR:Quay:11736,Røa T,59.947799,10.642456
NSR:Quay:11737,Helsesenteret,60.120771,11.477456
NSR:Quay:11738,Helsesenteret,60.120713,11.477407
NSR:Quay:11739,Vogts gate,59.931604,10.763251
NSR:Quay:11740,Vogts gate,59.93174,10.763359
NSR:Quay:11741,Kristian Auberts vei,59.940666,10.641246
NSR:Quay:11742,Kristian Auberts vei,59.940795,10.641128
NSR:Quay:11743,Torshovparken,59.933277,10.76878
NSR:Quay:11744,Torshovparken,59.93339,10.769147
NSR:Quay:11745,Røa kirke,59.949419,10.643931
NSR:Quay:11746,Røa kirke,59.950326,10.644609
NSR:Quay:11747,Sæveruds plass,59.935246,10.774852
NSR:Quay:11748,Sæveruds plass,59.935152,10.774761
NSR:Quay:11749,Ekraveien,59.95068,10.636254
NSR:Quay:11750,Ekraveien,59.950095,10.637475
NSR:Quay:11751,Hagaskogvegen,60.118627,11.474329
NSR:Quay:11752,Sandaker senter,59.938829,10.768672
NSR:Quay:11753,Ekraveien,59.951782,10.636533
NSR:Quay:11754,Ekraveien,59.951545,10.636595
NSR:Quay:11755,Sandaker senter,59.938668,10.768366
NSR:Quay:11757,Sandaker senter,59.939298,10.768906
NSR:Quay:11758,Sandaker senter,59.93937,10.76927
NSR:Quay:11760,Nordpolen skole,59.940538,10.772352
NSR:Quay:11761,Nordpolen skole,59.940052,10.772827
NSR:Quay:11763,Holter,60.204338,11.408092
NSR:Quay:11764,Holter,60.203567,11.408462
NSR:Quay:11765,Linhusveien,59.957865,10.641656
NSR:Quay:11766,Haarklous plass,59.938154,10.774168
NSR:Quay:11767,Linhusveien,59.957652,10.641589
NSR:Quay:11768,Haarklous plass,59.93781,10.774155
NSR:Quay:11769,Grefsenveien,59.942484,10.772974
NSR:Quay:11770,Grefsenveien,59.942852,10.773656
NSR:Quay:11771,Vennerstua,59.954535,10.64351
NSR:Quay:11772,Vennerstua,59.954453,10.643676
NSR:Quay:11773,Sinsen T,59.938925,10.779557
NSR:Quay:11774,Sinsen T,59.938823,10.779695
NSR:Quay:11775,Jarbakken,59.954845,10.657226
NSR:Quay:11776,Jarbakken,59.955032,10.657047
NSR:Quay:11777,Sandaker,59.942621,10.770542
NSR:Quay:11778,Sandaker,59.942233,10.770247
NSR:Quay:11779,Nordre Jarbakken,59.956616,10.654061
NSR:Quay:11780,Nordre Jarbakken,59.956607,10.654432
NSR:Quay:11781,Farset,60.208171,11.405013
NSR:Quay:11782,Farset,60.207468,11.405276
NSR:Quay:11783,Sagstua,59.96031,10.649861
NSR:Quay:11784,Sagstua,59.960406,10.649322
NSR:Quay:11785,Lillo gård,59.945592,10.772502
NSR:Quay:11786,Lillo gård,59.946011,10.773017
NSR:Quay:11787,Himstadplassen,59.962687,10.646551
NSR:Quay:11788,Himstadplassen,59.963514,10.645714
NSR:Quay:11791,Bogstad Camping,59.961935,10.641986
NSR:Quay:11792,Bogstad Camping,59.962061,10.642287
NSR:Quay:11793,Jerpestad,60.214122,11.399622
NSR:Quay:11794,Jerpestad,60.215695,11.397597
NSR:Quay:11795,Fernanda Nissen skole,59.946972,10.769624
NSR:Quay:11796,Fernanda Nissen skole,59.946851,10.769603
NSR:Quay:11797,Peder Ankers plass,59.961023,10.640846
NSR:Quay:11798,Peder Ankers plass,59.960568,10.641117
NSR:Quay:11799,Voksen skog,59.97497,10.644727
NSR:Quay:11800,Voksen skog,59.975061,10.644456
NSR:Quay:11801,Storo senter,59.945728,10.776502
NSR:Quay:11802,Storo senter,59.946477,10.774605
NSR:Quay:11803,Grindbakken,59.970889,10.64436
NSR:Quay:11804,Grindbakken,59.970948,10.6441
NSR:Quay:11807,Kværnen,60.244642,11.380154
NSR:Quay:11808,Kværnen,60.244744,11.379808
NSR:Quay:11809,Åsly,59.968655,10.644398
NSR:Quay:11810,Åsly,59.968627,10.644558
NSR:Quay:11813,Liabakken,59.965979,10.644899
NSR:Quay:11814,Liabakken,59.966661,10.644344
NSR:Quay:11815,Nybrua,59.918645,10.759397
NSR:Quay:11817,Skøyen stasjon,59.922145,10.67873
NSR:Quay:11818,Skøyen stasjon,59.922313,10.679381
NSR:Quay:11819,Skøyen stasjon,59.92208,10.680596
NSR:Quay:11820,Schous plass,59.920687,10.759255
NSR:Quay:11821,Schous plass,59.920944,10.75937
NSR:Quay:11822,Inngjerdingen,60.221959,11.410096
NSR:Quay:11823,Inngjerdingen,60.221538,11.410595
NSR:Quay:11824,Skøyen stasjon,59.922905,10.67847
NSR:Quay:11825,Olaf Ryes plass,59.923033,10.759282
NSR:Quay:11826,Olaf Ryes plass,59.922799,10.759161
NSR:Quay:11827,Sjølyst,59.921284,10.675004
NSR:Quay:11828,Jakob kirke,59.917326,10.754685
NSR:Quay:11829,Sjølyst,59.920456,10.676683
NSR:Quay:11830,Jakob kirke,59.918179,10.753692
NSR:Quay:11831,Hovland,60.234653,11.386095
NSR:Quay:11835,Møllerveien,59.920947,10.751485
NSR:Quay:11836,Møllerveien,59.920556,10.751262
NSR:Quay:11837,Skøyen,59.923102,10.681629
NSR:Quay:11838,Birkelunden,59.926824,10.761006
NSR:Quay:11839,Birkelunden,59.926576,10.761205
NSR:Quay:11840,Thune,59.92172,10.687906
NSR:Quay:11842,Birkelunden,59.927079,10.760301
NSR:Quay:11843,Birkelunden,59.927164,10.759888
NSR:Quay:11844,Thune,59.921866,10.687742
NSR:Quay:11845,Thune,59.921854,10.687551
NSR:Quay:11846,Fenstad skole,60.21561,11.399512
NSR:Quay:11847,Fenstad skole,60.215555,11.399343
NSR:Quay:11852,Sannergata,59.928443,10.759636
NSR:Quay:11853,Sannergata,59.92829,10.758963
NSR:Quay:11854,Hoff,59.92552,10.675302
NSR:Quay:11855,Hoff,59.925246,10.675235
NSR:Quay:11856,Dælenenga,59.928045,10.766307
NSR:Quay:11857,Dælenenga,59.928028,10.766545
NSR:Quay:11858,Hoff terrasse,59.927829,10.675246
NSR:Quay:11859,Hoff terrasse,59.927798,10.675444
NSR:Quay:11860,Københavngata,59.929262,10.769448
NSR:Quay:11861,Københavngata,59.929034,10.769456
NSR:Quay:11862,Eggumvegen,60.203518,11.422273
NSR:Quay:11863,Eggumvegen,60.20355,11.421989
NSR:Quay:11864,Jarlsborgveien,59.930633,10.675841
NSR:Quay:11865,Jarlsborgveien,59.930095,10.67601
NSR:Quay:11866,Biermanns gate,59.930595,10.761103
NSR:Quay:11867,Biermanns gate,59.930272,10.761143
NSR:Quay:11868,Smestaddammen,59.934471,10.679325
NSR:Quay:11869,Smestaddammen,59.93445,10.67858
NSR:Quay:11872,Heimdalsgata,59.918481,10.761355
NSR:Quay:11873,Heimdalsgata,59.918302,10.760561
NSR:Quay:11876,Knatten,60.093227,11.464633
NSR:Quay:11877,Knatten,60.093244,11.464815
NSR:Quay:11880,Maritim,59.918496,10.667065
NSR:Quay:11881,Maritim,59.917987,10.661813
NSR:Quay:11888,Vækerø,59.915522,10.649233
NSR:Quay:11889,Brauter,60.103743,11.441861
NSR:Quay:11890,Brauter,60.103776,11.441711
NSR:Quay:11891,Helgesens gate,59.922006,10.775413
NSR:Quay:11893,Helgesens gate,59.921317,10.775067
NSR:Quay:11895,Tøyen,59.915679,10.775828
NSR:Quay:11897,Tøyen,59.915591,10.775989
NSR:Quay:11898,Tøyen,59.915897,10.775802
NSR:Quay:11903,Folmo,60.145191,11.492051
NSR:Quay:11905,Lilleaker,59.92057,10.636045
NSR:Quay:11906,Tøyen,59.914585,10.777035
NSR:Quay:11907,Lilleaker,59.9214,10.636281
NSR:Quay:11908,Tøyen,59.914559,10.776778
NSR:Quay:11909,CC vest,59.918419,10.636745
NSR:Quay:11910,Tøyen skole,59.914978,10.773299
NSR:Quay:11911,CC vest,59.917441,10.636858
NSR:Quay:11912,Tøyen skole,59.915101,10.773318
NSR:Quay:11913,Vækerøveien,59.923549,10.643217
NSR:Quay:11914,Vækerøveien,59.923708,10.643306
NSR:Quay:11915,Østhagen,60.094136,11.476448
NSR:Quay:11917,Østhagen,60.094773,11.476963
NSR:Quay:11919,Østhagen,60.094492,11.47534
NSR:Quay:11922,Lysaker bru,59.913325,10.640208
NSR:Quay:11923,Lysaker bru,59.914488,10.640345
NSR:Quay:11924,Tøyenparken,59.917301,10.775807
NSR:Quay:11925,Tøyenparken,59.916586,10.77603
NSR:Quay:11926,Volvat,59.932521,10.70438
NSR:Quay:11927,Volvat,59.932671,10.704669
NSR:Quay:11928,Grønland,59.91276,10.76016
NSR:Quay:11929,Grønland,59.91283,10.76018
NSR:Quay:11930,Velvang,60.108608,11.451831
NSR:Quay:11932,Borgen,59.934648,10.695748
NSR:Quay:11933,Borgen,59.934586,10.695566
NSR:Quay:11936,Borgen,59.934406,10.697822
NSR:Quay:11937,Borgen,59.934749,10.69665
NSR:Quay:11938,Tøyengata,59.91236,10.764732
NSR:Quay:11939,Tøyengata,59.912342,10.764292
NSR:Quay:11940,Heggeli,59.935965,10.690231
NSR:Quay:11941,Heggeli,59.935383,10.691915
NSR:Quay:11942,Norbygata,59.912875,10.764593
NSR:Quay:11943,Norbygata,59.912922,10.764552
NSR:Quay:11944,Smestad,59.937218,10.683957
NSR:Quay:11945,Smestad,59.937205,10.684411
NSR:Quay:11946,Årnes stasjon,60.123349,11.465263
NSR:Quay:11948,Årnes stasjon,60.123396,11.46496
NSR:Quay:11949,Årnes stasjon,60.123374,11.465102
NSR:Quay:11950,Tøyenkirken,59.91482,10.769246
NSR:Quay:11951,Tøyenkirken,59.914805,10.769045
NSR:Quay:11954,Smestad,59.93658,10.68698
NSR:Quay:11955,Smestad,59.937286,10.685068
NSR:Quay:11958,Smestad,59.937365,10.682662
NSR:Quay:11959,Smestad,59.937192,10.681635
NSR:Quay:11960,Oslo bussterminal,59.911162,10.759577
NSR:Quay:11962,Oslo bussterminal,59.911348,10.759298
NSR:Quay:11963,Oslo bussterminal,59.911437,10.758716
NSR:Quay:11964,Montebello,59.934849,10.666349
NSR:Quay:11965,Montebello,59.934802,10.666472
NSR:Quay:11966,Nes vgs.,60.125078,11.478412
NSR:Quay:11969,Oslo bussterminal,59.91194,10.75671
NSR:Quay:11970,Oslo bussterminal,59.911537,10.759329
NSR:Quay:11971,Oslo bussterminal,59.911593,10.758891
NSR:Quay:11976,Oslo bussterminal,59.911671,10.758415
NSR:Quay:11979,Oslo bussterminal,59.912057,10.757071
NSR:Quay:11980,Oslo bussterminal,59.911465,10.760298
NSR:Quay:11985,Oslo bussterminal,59.912004,10.756997
NSR:Quay:11986,Husebyveien,59.934827,10.676109
NSR:Quay:11990,Oslo bussterminal,59.9121,10.757236
NSR:Quay:11993,Montebelloveien,59.930498,10.665356
NSR:Quay:11996,Montebelloveien,59.931737,10.668878
NSR:Quay:11999,Runni ungdomsskole,60.129299,11.477945
NSR:Quay:120001,Tømtedalen,60.372048,11.202246
NSR:Quay:12005,Oslo bussterminal,59.911418,10.760169
NSR:Quay:12011,Ullernåsen,59.931505,10.655918
NSR:Quay:12012,Ullernåsen,59.93147,10.65604
NSR:Quay:12013,Radiumhospitalet,59.928838,10.659804
NSR:Quay:12016,Radiumhospitalet,59.928955,10.658938
NSR:Quay:12018,Runniteiet,60.133484,11.48498
NSR:Quay:12021,Blokkajordet,59.924967,10.647686
NSR:Quay:12022,Blokkajordet,59.924959,10.647155
NSR:Quay:12025,Åsjordet,59.928895,10.648024
NSR:Quay:12026,Åsjordet,59.928806,10.648037
NSR:Quay:12028,Åsjordet T,59.92848,10.646192
NSR:Quay:12031,Rød,60.130264,11.343861
NSR:Quay:12035,Oslo gate,59.908402,10.769351
NSR:Quay:12036,Oslo gate,59.90832,10.769359
NSR:Quay:12037,Bjørnsletta,59.926497,10.634508
NSR:Quay:12038,Bjørnsletta,59.926549,10.634412
NSR:Quay:12041,Bjørnsletta,59.927564,10.638824
NSR:Quay:12042,Bjørnsletta,59.927969,10.638794
NSR:Quay:12043,Politihuset,59.910286,10.767924
NSR:Quay:12044,Politihuset,59.910278,10.76772
NSR:Quay:12045,Nikevegen,60.128947,11.328339
NSR:Quay:12047,Nikevegen,60.128854,11.328245
NSR:Quay:12049,Harald Hårdrådes plass,59.907446,10.77236
NSR:Quay:12050,Harald Hårdrådes plass,59.907661,10.773012
NSR:Quay:12051,Lysejordet,59.933546,10.639712
NSR:Quay:12052,Lysejordet,59.933422,10.639409
NSR:Quay:12053,Sørenga,59.90387,10.758823
NSR:Quay:12054,Sørenga,59.903761,10.75914
NSR:Quay:12055,Møllefaret,59.937311,10.640345
NSR:Quay:12056,Møllefaret,59.938,10.640849
NSR:Quay:12057,Loelva,59.895488,10.755953
NSR:Quay:12058,Loelva,59.89554,10.756077
NSR:Quay:12060,Finstadteiet,60.162618,11.370324
NSR:Quay:12062,Finstadteiet,60.163456,11.371692
NSR:Quay:12063,Finstadteiet,60.162549,11.370431
NSR:Quay:12064,Wyllerløypa,59.990368,10.631306
NSR:Quay:12065,Oslo Hospital,59.903115,10.767428
NSR:Quay:12066,Oslo Hospital,59.903246,10.767562
NSR:Quay:12067,Wyllerveien,59.99152,10.623305
NSR:Quay:12068,Wyllerveien,59.99052,10.622012
NSR:Quay:12069,Galgeberg,59.908311,10.779924
NSR:Quay:12070,Galgeberg,59.908206,10.780844
NSR:Quay:12071,Tesen,60.157553,11.377518
NSR:Quay:12072,Bogstad badeplass,59.969801,10.638668
NSR:Quay:12073,Tesen,60.158146,11.376557
NSR:Quay:12074,Bogstad badeplass,59.96937,10.638231
NSR:Quay:12075,Galgeberg,59.907843,10.782215
NSR:Quay:12076,Galgeberg,59.907649,10.781102
NSR:Quay:12077,Bogstad gård,59.97296,10.628618
NSR:Quay:12078,Bogstad gård,59.972677,10.629703
NSR:Quay:12079,Vålerenga,59.90885,10.787531
NSR:Quay:12080,Strøm,59.978219,10.623034
NSR:Quay:12081,Vålerenga,59.908691,10.78609
NSR:Quay:12082,Strøm,59.979354,10.621491
NSR:Quay:12083,Etterstadgata,59.910053,10.791519
NSR:Quay:12084,Etterstadgata,59.909849,10.790538
NSR:Quay:12085,Zinober,59.983274,10.621556
NSR:Quay:12086,Zinober,59.983185,10.621744
NSR:Quay:12087,Tokerud,60.159864,11.365249
NSR:Quay:12088,Tokerud,60.15993,11.365472
NSR:Quay:12089,Kjølberggata,59.911172,10.777499
NSR:Quay:12090,Årnes,59.988067,10.620467
NSR:Quay:12091,Kjølberggata,59.910047,10.77729
NSR:Quay:12092,Årnes,59.988066,10.6207
NSR:Quay:12093,St. Halvards gate,59.906213,10.775386
NSR:Quay:12094,St. Halvards gate,59.906331,10.774739
NSR:Quay:12095,Bakk,59.993475,10.622468
NSR:Quay:12096,Bakk,59.993443,10.622328
NSR:Quay:12097,Søndre Solberg,59.999304,10.619619
NSR:Quay:12098,Søndre Solberg,59.999224,10.619501
NSR:Quay:12101,Gladheim,60.15189,11.353273
NSR:Quay:12102,Gladheim,60.151528,11.353096
NSR:Quay:12103,Nordre Solberg,60.007808,10.619139
NSR:Quay:12104,Nordre Solberg,60.007879,10.619177
NSR:Quay:12105,Kværner,59.901995,10.787635
NSR:Quay:12106,Kværner,59.901899,10.78833
NSR:Quay:12107,Bjørnsgard,59.985866,10.621432
NSR:Quay:12108,Bjørnsgard,59.985827,10.621625
NSR:Quay:12109,Lodalen,59.903443,10.777709
NSR:Quay:12110,Lodalen,59.90329,10.77854
NSR:Quay:12111,Vestre Venner,60.017869,10.59103
NSR:Quay:12112,Vestre Venner,60.017927,10.590788
NSR:Quay:12114,Fallet,60.28182,11.48818
NSR:Quay:12115,Eirik Raudes vei,59.90226,10.79477
NSR:Quay:12116,Eirik Raudes vei,59.902506,10.7969
NSR:Quay:12117,Skansebakken,60.017837,10.58378
NSR:Quay:12118,Skansebakken,60.017975,10.584163
NSR:Quay:12121,Sandbråten,60.018698,10.585973
NSR:Quay:12122,Sandbråten,60.018379,10.586741
NSR:Quay:12124,Nordre Venner,60.017924,10.595493
NSR:Quay:12125,Nordre Venner,60.017967,10.594777
NSR:Quay:12126,Kampen,59.912227,10.779634
NSR:Quay:12127,Sjøli,60.259977,11.501081
NSR:Quay:12129,Søndre Venner,60.017386,10.598526
NSR:Quay:12130,Søndre Venner,60.017323,10.598872
NSR:Quay:12132,Lokalet,60.016678,10.603172
NSR:Quay:12133,Lokalet,60.01662,10.603298
NSR:Quay:12134,Kampen park,59.91484,10.781646
NSR:Quay:12135,Kampen park,59.91441,10.781281
NSR:Quay:12136,Sørkedalen skole,60.01699,10.61161
NSR:Quay:12137,Sørkedalen skole,60.016753,10.613276
NSR:Quay:12138,Ekebergparken,59.897758,10.759982
NSR:Quay:12139,Ekebergparken,59.897803,10.759486
NSR:Quay:12140,Brautergutua,60.094359,11.46717
NSR:Quay:12141,Brautergutua,60.094426,11.466977
NSR:Quay:12142,Stubberud,60.013147,10.616059
NSR:Quay:12143,Stubberud,60.01315,10.616187
NSR:Quay:12148,Kongshavn,59.894428,10.758654
NSR:Quay:12149,Kongshavn,59.894058,10.75844
NSR:Quay:12150,Frognerseteren,59.979131,10.676528
NSR:Quay:12151,Frognerseteren,59.979037,10.676023
NSR:Quay:12152,Jomfrubråten,59.888232,10.770901
NSR:Quay:12155,Vangen,60.271944,11.505753
NSR:Quay:12156,Tryvann,59.987825,10.666566
NSR:Quay:12157,Tryvann,59.987763,10.666925
NSR:Quay:12158,Ekeberghallen,59.891219,10.780565
NSR:Quay:12159,Ekeberghallen,59.891132,10.780774
NSR:Quay:12160,Engelsrud,59.973054,10.7643
NSR:Quay:12161,Engelsrud,59.972978,10.764222
NSR:Quay:12162,Brennenga,59.97711,10.761181
NSR:Quay:12163,Brennenga,59.977015,10.761369
NSR:Quay:12164,Ekeberg camping,59.898148,10.775726
NSR:Quay:12165,Ekeberg camping,59.897698,10.775464
NSR:Quay:12166,Ekeberg camping,59.898082,10.776486
NSR:Quay:12167,Ekeberg camping,59.897505,10.775869
NSR:Quay:12168,Låkeberget,59.98002,10.757136
NSR:Quay:12169,Låkeberget,59.979914,10.757316
NSR:Quay:12171,Oppsalenga,60.245995,11.503672
NSR:Quay:12172,Brannfjellveien,59.900331,10.77332
NSR:Quay:12173,Brannfjellveien,59.900269,10.773817
NSR:Quay:12174,Skjerven,59.986027,10.752694
NSR:Quay:12175,Skjerven,59.98618,10.752847
NSR:Quay:12176,Utsikten,59.900463,10.778967
NSR:Quay:12177,Utsikten,59.900327,10.779903
NSR:Quay:12178,Saga,59.988601,10.753027
NSR:Quay:12179,Saga,59.988535,10.752923
NSR:Quay:12180,Simensbrekka,59.900796,10.782048
NSR:Quay:12181,Hammeren,59.993982,10.75252
NSR:Quay:12182,Hammeren,59.994042,10.752305
NSR:Quay:12183,Dysterud,60.193399,11.565624
NSR:Quay:12184,Dysterud,60.194013,11.564628
NSR:Quay:12185,Dysterud,60.193717,11.566908
NSR:Quay:12186,Dysterud,60.193244,11.564468
NSR:Quay:12187,Ryenbergveien,59.901022,10.786662
NSR:Quay:12188,Ryenbergveien,59.900866,10.785911
NSR:Quay:12189,Kirkeby,59.996514,10.766264
NSR:Quay:12190,Sportsplassen,59.885876,10.774734
NSR:Quay:12191,Sportsplassen,59.886099,10.774246
NSR:Quay:12192,Maridalen kirke,59.999759,10.771987
NSR:Quay:12194,Velhuset,60.004892,10.773924
NSR:Quay:12196,Hauger,60.008312,10.776156
NSR:Quay:12197,Bekkelagsveien,59.884592,10.769134
NSR:Quay:12198,Bekkelagsveien,59.883938,10.769372
NSR:Quay:12199,Åsvangen,60.213024,11.564124
NSR:Quay:12200,Åsvangen,60.213002,11.563971
NSR:Quay:122001,Lokevegen,60.164464,11.164314
NSR:Quay:122002,Lokevegen,60.164594,11.163815
NSR:Quay:122003,Jernbanetorget,59.909803,10.748062
NSR:Quay:12201,Turterfaret,60.01343,10.77909
NSR:Quay:12202,Nedre Bekkelaget,59.881477,10.772296
NSR:Quay:12203,Brodin,60.016185,10.78247
NSR:Quay:12204,Nedre Bekkelaget,59.880847,10.773522
NSR:Quay:12205,Sandermosveien,60.019365,10.786509
NSR:Quay:12206,Ulvøybrua,59.873207,10.779152
NSR:Quay:12207,Ulvøybrua,59.873359,10.779323
NSR:Quay:12208,Skar,60.026691,10.779653
NSR:Quay:12209,Skar,60.026663,10.779284
NSR:Quay:12210,Nordli,60.220751,11.559108
NSR:Quay:12211,Nordli,60.221152,11.558811
NSR:Quay:12212,Skarsbakken,60.020222,10.777819
NSR:Quay:12213,Ulvøya,59.870363,10.772939
NSR:Quay:12214,Ulvøya,59.870342,10.77349
NSR:Quay:12217,Rugda,60.014805,10.772618
NSR:Quay:12218,Turtermarka,60.009325,10.766202
NSR:Quay:12219,Holtet,59.882222,10.78321
NSR:Quay:12220,Holtet,59.882441,10.783111
NSR:Quay:12221,Togstadhagen,60.225909,11.56024
NSR:Quay:12222,Togstadhagen,60.226124,11.560517
NSR:Quay:12223,Maridalen skole,60.004362,10.763058
NSR:Quay:12224,Holtet,59.881594,10.787053
NSR:Quay:12225,Holtet,59.881156,10.787061
NSR:Quay:12226,Øvre Vaggestein,60.024006,10.784385
NSR:Quay:12227,Åsliveien,59.879629,10.789993
NSR:Quay:12228,Åsliveien,59.879678,10.79098
NSR:Quay:12229,Granum,60.021456,10.785385
NSR:Quay:12231,Solemskogen,59.979269,10.817529
NSR:Quay:12232,Solemskogen,59.979201,10.817561
NSR:Quay:12233,Bekkelagshjemmet,59.885224,10.785318
NSR:Quay:12234,Bekkelagshjemmet,59.88582,10.784712
NSR:Quay:12235,Funnefossvegen,60.184039,11.531417
NSR:Quay:12236,Funnefossvegen,60.182983,11.531281
NSR:Quay:12237,Funnefossvegen,60.183224,11.529323
NSR:Quay:12238,Kalland,59.978517,10.814321
NSR:Quay:12239,Kalland,59.978443,10.814409
NSR:Quay:12240,Malmøya,59.873332,10.75811
NSR:Quay:12241,Linderudkollen,59.976467,10.810926
NSR:Quay:12242,Linderudkollen,59.976434,10.810799
NSR:Quay:12243,Malmøysundet,59.874615,10.76003
NSR:Quay:12244,Malmøysundet,59.874639,10.759821
NSR:Quay:12245,Setervollveien,59.977301,10.807105
NSR:Quay:12246,Setervollveien,59.977188,10.806347
NSR:Quay:12247,Kirkebakken,59.878419,10.764289
NSR:Quay:12248,Kirkebakken,59.878282,10.764056
NSR:Quay:12249,Kringlevann,59.976455,10.803629
NSR:Quay:12250,Kringlevann,59.976385,10.803737
NSR:Quay:12251,Idrettsplassen,60.181057,11.523089
NSR:Quay:12252,Idrettsplassen,60.181335,11.524543
NSR:Quay:12253,Mailand,59.880053,10.765279
NSR:Quay:12254,Mailand,59.880079,10.765454
NSR:Quay:12255,Grefsenkollen,59.958694,10.804093
NSR:Quay:12256,Trollvann,59.96153,10.803337
NSR:Quay:12257,Trollvann,59.961656,10.803206
NSR:Quay:12258,Ormsundbakken,59.881709,10.770324
NSR:Quay:12259,Ormsundbakken,59.881685,10.770043
NSR:Quay:12263,Simensbråten,59.89583,10.78733
NSR:Quay:12264,Simensbråten,59.895487,10.78708
NSR:Quay:12265,Simensbråten,59.895234,10.786713
NSR:Quay:12266,Simensbråten,59.895793,10.787547
NSR:Quay:12269,Hunstadvegen,60.173703,11.493815
NSR:Quay:12270,Hunstadvegen,60.174613,11.495862
NSR:Quay:12271,Lyngveien,59.897616,10.793134
NSR:Quay:12272,Lyngveien,59.897206,10.792099
NSR:Quay:12276,Benveien,59.897488,10.797037
NSR:Quay:12277,Benveien,59.897536,10.79716
NSR:Quay:12279,Oluf Onsums vei,59.895559,10.802154
NSR:Quay:12280,Oluf Onsums vei,59.895618,10.801765
NSR:Quay:12281,Ekeberg hageby,59.897277,10.781802
NSR:Quay:12282,Ekeberg hageby,59.897467,10.781214
NSR:Quay:12283,Frognerstrand,60.176759,11.503503
NSR:Quay:12284,Frognerstrand,60.176597,11.501988
NSR:Quay:12285,Karlsrud,59.880442,10.805311
NSR:Quay:12286,Karlsrud,59.880459,10.805456
NSR:Quay:12287,Karlsrud,59.879775,10.801036
NSR:Quay:12288,Karlsrud,59.879834,10.800548
NSR:Quay:12289,Skogholtveien,59.879823,10.796591
NSR:Quay:12290,Skogholtveien,59.879847,10.796283
NSR:Quay:12291,Skogbygda skole,60.228655,11.514629
NSR:Quay:12292,Brattlikollen,59.887367,10.80114
NSR:Quay:12293,Brattlikollen,59.887388,10.800982
NSR:Quay:12294,Brattlikollen T,59.886345,10.799931
NSR:Quay:12295,Brattlikollen T,59.886435,10.800483
NSR:Quay:12296,Nordstrand bad,59.866085,10.783746
NSR:Quay:12297,Nordstrand bad,59.86705,10.78307
NSR:Quay:12298,Vølund,59.861479,10.784943
NSR:Quay:12299,Vølund,59.860011,10.785798
NSR:Quay:12300,Lindal,60.224134,11.512941
NSR:Quay:12301,Lindal,60.224176,11.513066
NSR:Quay:12302,Katten,59.855214,10.784524
NSR:Quay:12303,Katten,59.855455,10.784374
NSR:Quay:12304,Ljansbakken,59.851454,10.781496
NSR:Quay:12305,Ljansbakken,59.850333,10.78189
NSR:Quay:12306,Gladvollveien,59.84819,10.778835
NSR:Quay:12307,Gladvollveien,59.848211,10.778629
NSR:Quay:12308,Skogbygda mat,60.229071,11.512044
NSR:Quay:12309,Skogbygda mat,60.229237,11.51151
NSR:Quay:12310,Skogbygda mat,60.229286,11.511298
NSR:Quay:12311,Skogbygda mat,60.228831,11.511818
NSR:Quay:12312,Fiskevollen,59.840763,10.779259
NSR:Quay:12313,Fiskevollen,59.840626,10.778146
NSR:Quay:12314,Siksakveien,59.854956,10.785431
NSR:Quay:12315,Siksakveien,59.854679,10.785492
NSR:Quay:12316,Sørli,59.875002,10.786978
NSR:Quay:12317,Sørli,59.874883,10.787212
NSR:Quay:12318,Måsan,60.192853,11.534191
NSR:Quay:12319,Måsan,60.192927,11.534282
NSR:Quay:12320,Sørli,59.875478,10.789551
NSR:Quay:12321,Sørli,59.875182,10.789567
NSR:Quay:12322,Kastellet,59.870879,10.790417
NSR:Quay:12323,Kastellet,59.871193,10.790315
NSR:Quay:12324,Kastellet,59.870105,10.791412
NSR:Quay:12325,Kastellet,59.870089,10.791222
NSR:Quay:12326,Nordseter gård,59.871081,10.79701
NSR:Quay:12327,Nordseter gård,59.871015,10.796406
NSR:Quay:12328,Verket,60.220156,11.513457
NSR:Quay:12329,Ringshusveien,59.871923,10.800121
NSR:Quay:12330,Ringshusveien,59.872302,10.800837
NSR:Quay:12331,Verket,60.219985,11.513339
NSR:Quay:12332,Bråten,59.867236,10.792375
NSR:Quay:12333,Bråten,59.867104,10.792584
NSR:Quay:12334,Sagen,60.215142,11.514361
NSR:Quay:12335,Sagen,60.215192,11.514493
NSR:Quay:12336,Skovheim,59.86522,10.796039
NSR:Quay:12337,Skovheim,59.865312,10.796133
NSR:Quay:12338,Bråten,59.867042,10.793823
NSR:Quay:12339,Bråten,59.866903,10.793799
NSR:Quay:12340,Nordstrandhallen,59.864209,10.809415
NSR:Quay:12341,Nordstrandhallen,59.86417,10.809208
NSR:Quay:12342,Freidigveien,59.865822,10.8092
NSR:Quay:12343,Freidigveien,59.865828,10.809367
NSR:Quay:12344,Smia,60.213694,11.515649
NSR:Quay:12345,Smia,60.213746,11.515731
NSR:Quay:12346,Bakkerudveien,59.869274,10.807744
NSR:Quay:12347,Bakkerudveien,59.868998,10.807985
NSR:Quay:12348,Sæter,59.861318,10.798624
NSR:Quay:12349,Sæter,59.861473,10.798708
NSR:Quay:12350,Sæter,59.860757,10.802069
NSR:Quay:12351,Sæter,59.860878,10.801472
NSR:Quay:12352,Solstad,60.209588,11.521828
NSR:Quay:12353,Munkerud,59.860388,10.81114
NSR:Quay:12354,Solstad,60.209349,11.52186
NSR:Quay:12355,Munkerud,59.860305,10.811343
NSR:Quay:12356,P. A. Holms vei,59.861161,10.815399
NSR:Quay:12357,P. A. Holms vei,59.861098,10.815155
NSR:Quay:12358,Munkerudkleiva,59.861451,10.819822
NSR:Quay:12359,Munkerudkleiva,59.861471,10.82016
NSR:Quay:12360,Øgården,59.862088,10.82348
NSR:Quay:12361,Øgården,59.862003,10.823515
NSR:Quay:12362,Halmsås,60.204984,11.522944
NSR:Quay:12363,Halmsås,60.2051,11.522987
NSR:Quay:12364,Leirskallen,59.862348,10.827174
NSR:Quay:12365,Leirskallen,59.862275,10.827517
NSR:Quay:12366,Sæter,59.861244,10.800073
NSR:Quay:12367,Sæter,59.861836,10.799689
NSR:Quay:12368,Ljabru,59.854084,10.800381
NSR:Quay:12369,Ljabru,59.853631,10.800762
NSR:Quay:12370,Ljabru,59.85441,10.802372
NSR:Quay:12371,Ljabru,59.853308,10.80113
NSR:Quay:12372,Valstad,60.244324,11.352152
NSR:Quay:12373,Valstad,60.244275,11.35197
NSR:Quay:12374,Knud Øyens vei,59.851366,10.799043
NSR:Quay:12375,Knud Øyens vei,59.851278,10.799331
NSR:Quay:12376,Nordstrand kirke,59.858067,10.801693
NSR:Quay:12377,Nordstrand kirke,59.857917,10.801489
NSR:Quay:12378,Ingiers vei,59.849272,10.788663
NSR:Quay:12379,Ingiers vei,59.849381,10.788714
NSR:Quay:12380,Ihle,60.256168,11.337099
NSR:Quay:12381,Ihle,60.256536,11.336818
NSR:Quay:12382,Kronveien,59.850036,10.797973
NSR:Quay:12383,Kronveien,59.849997,10.79897
NSR:Quay:12384,Maikollen,59.858433,10.824433
NSR:Quay:12385,Granebakken,59.857108,10.825127
NSR:Quay:12386,Granebakken,59.857215,10.824983
NSR:Quay:12387,Ringsby,60.191911,11.458579
NSR:Quay:12388,Ringsby,60.191897,11.458204
NSR:Quay:12389,Olasrudveien,59.852739,10.827713
NSR:Quay:12390,Olasrudveien,59.852209,10.82771
NSR:Quay:12397,Hagatoppen,60.190365,11.45561
NSR:Quay:12399,Hagatoppen,60.190101,11.454398
NSR:Quay:12401,Gjersjøelva,59.824454,10.772178
NSR:Quay:12402,Hauketo stasjon,59.846302,10.803498
NSR:Quay:12403,Hauketo stasjon,59.846539,10.803482
NSR:Quay:12405,Hauketo stasjon,59.845515,10.803382
NSR:Quay:12406,Hauketo stasjon,59.845947,10.803125
NSR:Quay:12407,Hauketo stasjon,59.846345,10.803281
NSR:Quay:12409,Hauketo stasjon,59.845743,10.803013
NSR:Quay:12410,Hauketo stasjon,59.846174,10.80323
NSR:Quay:12411,Bjørkebakka,60.17881,11.441271
NSR:Quay:12412,Bjørkebakka,60.178648,11.441008
NSR:Quay:12415,Sveavegen,59.840401,10.804997
NSR:Quay:12416,Sveavegen,59.839856,10.805424
NSR:Quay:12417,Lerdal,59.837161,10.806706
NSR:Quay:12418,Lerdal,59.837137,10.806534
NSR:Quay:12419,Ljabru hovedgård,59.849269,10.803305
NSR:Quay:12420,Ljabru hovedgård,59.849247,10.804071
NSR:Quay:12421,Arnestad,60.166,11.422394
NSR:Quay:12422,Arnestad,60.166352,11.422579
NSR:Quay:12423,Nebbejordet,59.842992,10.813031
NSR:Quay:12424,Asperudåsen,59.83994,10.799233
NSR:Quay:12425,Asperudtoppen,59.83874,10.800325
NSR:Quay:12426,Asperudtoppen,59.838653,10.800773
NSR:Quay:12427,Lerdalstoppen,59.836709,10.800971
NSR:Quay:12428,Lerdalstoppen,59.83688,10.801567
NSR:Quay:12429,Holmlia stasjon,59.835034,10.796696
NSR:Quay:12430,Holmlia stasjon,59.834891,10.797031
NSR:Quay:12431,Holmlia stasjon,59.834914,10.796653
NSR:Quay:12432,Holmlia stasjon,59.835056,10.796361
NSR:Quay:12433,Nordre Vågstad,60.147285,11.422147
NSR:Quay:12434,Nordre Vågstad,60.147357,11.422222
NSR:Quay:12435,Skovbakken syd,59.837514,10.794537
NSR:Quay:12436,Ravnkroken,59.836949,10.790441
NSR:Quay:12437,Ravnkroken,59.837189,10.789387
NSR:Quay:12438,Ravnåsen,59.838065,10.786801
NSR:Quay:12439,Sloreåsen,59.842369,10.794953
NSR:Quay:12440,Sloreåsen,59.842065,10.794993
NSR:Quay:12441,Søndre Vågstad,60.143326,11.42543
NSR:Quay:12442,Søndre Vågstad,60.143237,11.425315
NSR:Quay:12443,Skovbakken nord,59.840414,10.795079
NSR:Quay:12444,Hallagerbakken,59.841301,10.793703
NSR:Quay:12446,Holmlia stasjon,59.834495,10.797688
NSR:Quay:12447,Krummedike,59.827769,10.799121
NSR:Quay:12448,Bjørk,60.140079,11.428238
NSR:Quay:12449,Nordåsveien,59.829719,10.794121
NSR:Quay:12450,Nordåsveien,59.830004,10.793995
NSR:Quay:12451,Rosenholmveien,59.829975,10.792691
NSR:Quay:12452,Rosenholmveien,59.83002,10.793113
NSR:Quay:12453,Åstun,59.830706,10.789234
NSR:Quay:12454,Åstun,59.830796,10.787764
NSR:Quay:12455,Rotnessletta,60.123943,11.434348
NSR:Quay:12456,Vestskrenten,59.829141,10.781263
NSR:Quay:12457,Vestskrenten,59.829978,10.781879
NSR:Quay:12458,Grensestien,59.827627,10.779342
NSR:Quay:12459,Grensestien,59.827506,10.779803
NSR:Quay:12460,Rotnessletta,60.124095,11.434539
NSR:Quay:12461,Åsbråten,59.82648,10.782644
NSR:Quay:12462,Åsbråten,59.825833,10.781968
NSR:Quay:12463,Prinsdal,59.834247,10.807495
NSR:Quay:12464,Prinsdal,59.834115,10.807368
NSR:Quay:12465,Prinsdalsbakken,59.829129,10.808873
NSR:Quay:12466,Prinsdalsbakken,59.829318,10.808718
NSR:Quay:12467,Brårud skoleplass,60.213542,11.333818
NSR:Quay:12468,Trygve Strømbergs vei,59.82576,10.809431
NSR:Quay:12469,Trygve Strømbergs vei,59.825835,10.809222
NSR:Quay:12470,Berglyveien,59.828817,10.806585
NSR:Quay:12471,Berglyveien,59.828812,10.806301
NSR:Quay:12472,Høgåsveien,59.830939,10.80357
NSR:Quay:12473,Høgåsveien,59.830515,10.803595
NSR:Quay:12474,Skøyen,60.227861,11.316924
NSR:Quay:12475,Skøyen,60.227757,11.316859
NSR:Quay:12476,Gamleskolen,60.220064,11.326505
NSR:Quay:12477,Gamleskolen,60.219741,11.326725
NSR:Quay:12478,Brårud skole,60.214337,11.335616
NSR:Quay:12479,Brårud skole,60.213972,11.33589
NSR:Quay:12480,Sandaker,60.240332,11.308566
NSR:Quay:12481,Sandaker,60.240414,11.308596
NSR:Quay:12482,Bjørnli,60.234945,11.312192
NSR:Quay:12483,Bjørnli,60.235212,11.312125
NSR:Quay:12484,Årnes møbler,60.126814,11.450506
NSR:Quay:12485,Årnes møbler,60.12675,11.450396
NSR:Quay:12487,Seterstøa stasjon,60.171399,11.566943
NSR:Quay:12488,Seterstøa stasjon,60.170405,11.567244
NSR:Quay:12489,Funnefoss,60.169693,11.533622
NSR:Quay:12490,Funnefoss,60.169513,11.533569
NSR:Quay:12491,Opaker,60.179593,11.517379
NSR:Quay:12492,Opaker,60.178614,11.512065
NSR:Quay:12493,Uvesund,60.167705,11.474327
NSR:Quay:12494,Uvesund,60.16726,11.472838
NSR:Quay:12495,Uvesund,60.167403,11.474477
NSR:Quay:12496,Vormsund skole,60.159545,11.43092
NSR:Quay:12497,Ihlangtoppen,60.173978,11.468729
NSR:Quay:12499,Nes kirke,60.16011,11.446697
NSR:Quay:12500,Nes kirke,60.160227,11.447971
NSR:Quay:12501,Lillerommen,60.159952,11.434716
NSR:Quay:12502,Lillerommen,60.15988,11.432801
NSR:Quay:12503,Torseth,60.158124,11.422332
NSR:Quay:12504,Torseth,60.158557,11.423745
NSR:Quay:12505,Leirtoppen,60.165251,11.466454
NSR:Quay:12506,Leirtoppen,60.165444,11.467219
NSR:Quay:12507,Rønnål,60.219092,11.50029
NSR:Quay:12508,Rønnål,60.219099,11.500419
NSR:Quay:12509,Rustadeng,60.198985,11.470893
NSR:Quay:12510,Rustadeng,60.199005,11.470738
NSR:Quay:12511,Vøyen,60.193951,11.464797
NSR:Quay:12512,Vøyen,60.193835,11.464309
NSR:Quay:12513,Rønnåltangen,60.228803,11.506658
NSR:Quay:12514,Rønnåltangen,60.228816,11.506996
NSR:Quay:12515,Simarud,60.038503,11.332703
NSR:Quay:12516,Horgen,60.066587,11.36147
NSR:Quay:12517,Horgen,60.066638,11.361676
NSR:Quay:12518,Henni,60.064869,11.324176
NSR:Quay:12519,Henni,60.064861,11.324343
NSR:Quay:12520,Motoppen,60.055218,11.343306
NSR:Quay:12521,Motoppen,60.055202,11.343437
NSR:Quay:12522,Flakstad,60.063727,11.35628
NSR:Quay:12523,Flakstad,60.063782,11.356205
NSR:Quay:12524,Berg,60.076388,11.367894
NSR:Quay:12525,Berg,60.077048,11.368363
NSR:Quay:12526,Frogner,60.087417,11.363921
NSR:Quay:12527,Frogner,60.087363,11.363744
NSR:Quay:12528,Gamle Hvam,60.104236,11.382925
NSR:Quay:12529,Gamle Hvam,60.103675,11.38164
NSR:Quay:12530,Hvam garasje,60.107072,11.393356
NSR:Quay:12531,Hvam garasje,60.107077,11.392753
NSR:Quay:12532,Østre Mørdre,60.112954,11.407751
NSR:Quay:12533,Østre Mørdre,60.112949,11.407582
NSR:Quay:12534,Korsmo,60.119596,11.4187
NSR:Quay:12535,Korsmo,60.119067,11.418309
NSR:Quay:12536,Korsmo,60.119572,11.420175
NSR:Quay:12537,Udnes kirke,60.095698,11.395818
NSR:Quay:12539,Hvam vgs.,60.104492,11.377298
NSR:Quay:12542,Herbergåsen,60.186942,11.542715
NSR:Quay:12543,Industrivegen sør,60.187899,11.539587
NSR:Quay:12544,Industrivegen sør,60.187989,11.539633
NSR:Quay:12545,Smedsrud,60.156654,11.539166
NSR:Quay:12546,Smedsrud,60.156576,11.539266
NSR:Quay:12547,Smedsrud skole,60.163216,11.550297
NSR:Quay:12548,Halvorsen,60.163391,11.557419
NSR:Quay:12549,Halvorsen,60.163471,11.55725
NSR:Quay:12550,Bjertnestunet,60.170795,11.547733
NSR:Quay:12551,Bjertnesgrenda,60.176373,11.536937
NSR:Quay:12552,Bjertnesgrenda,60.176889,11.537495
NSR:Quay:12553,Torstukroken,60.131179,11.532512
NSR:Quay:12555,Skøyenteiet,60.1487,11.531975
NSR:Quay:12556,Husmo,60.150298,11.496562
NSR:Quay:12558,Foss,60.01745,11.404887
NSR:Quay:12559,Foss,60.017175,11.404737
NSR:Quay:12560,Rustadvegen,60.026088,11.40611
NSR:Quay:12561,Rustadvegen,60.026341,11.406241
NSR:Quay:12562,Nordbyvegen nord,60.029742,11.407014
NSR:Quay:12563,Nordbyvegen nord,60.029633,11.406947
NSR:Quay:12564,Ruden,60.041094,11.392447
NSR:Quay:12565,Ruden,60.041319,11.391806
NSR:Quay:12566,Konglevegen,60.085948,11.473168
NSR:Quay:12567,Konglevegen,60.085789,11.471432
NSR:Quay:12568,Bjørnebærvegen,60.086372,11.465585
NSR:Quay:12569,Bjørnebærvegen,60.085964,11.46679
NSR:Quay:12570,Røsslyngvegen,60.090048,11.478087
NSR:Quay:12571,Røsslyngvegen,60.090135,11.478299
NSR:Quay:12572,Presthagen,60.119687,11.466057
NSR:Quay:12573,Presthagen,60.119539,11.465886
NSR:Quay:12574,Fjukfeltet,60.112691,11.469252
NSR:Quay:12575,Fjukfeltet,60.112112,11.470268
NSR:Quay:12576,Nylænne,60.108646,11.477202
NSR:Quay:12577,Nylænne,60.107838,11.477838
NSR:Quay:12578,Mogrendvegen,60.100346,11.483548
NSR:Quay:12579,Mogrendvegen,60.100356,11.483789
NSR:Quay:12580,Neskollen,60.126941,11.341487
NSR:Quay:12581,Neskollen,60.12611,11.342847
NSR:Quay:12582,Styri,60.315645,11.291172
NSR:Quay:12583,Styri,60.315463,11.292218
NSR:Quay:12584,Sørli,60.365546,11.346377
NSR:Quay:12585,Sørli,60.365521,11.346214
NSR:Quay:12586,Børstadbakken,60.331741,11.280167
NSR:Quay:12587,Holseter,60.351854,11.337199
NSR:Quay:12588,Holseter,60.352139,11.337622
NSR:Quay:12589,Tjernsmo,60.342968,11.333524
NSR:Quay:12590,Tjernsmo,60.342833,11.333331
NSR:Quay:12591,Maurbråten,60.335559,11.32975
NSR:Quay:12592,Maurbråten,60.335739,11.331105
NSR:Quay:12593,Jønsjøen,60.330492,11.317632
NSR:Quay:12594,Jønsjøen,60.330551,11.317396
NSR:Quay:12595,Lilleborg,60.331248,11.299017
NSR:Quay:12596,Lilleborg,60.332025,11.297279
NSR:Quay:12597,Storbråtavegen,60.357604,11.347418
NSR:Quay:12598,Storbråtavegen,60.357832,11.347895
NSR:Quay:12599,Brennlia,60.330384,11.304328
NSR:Quay:12600,Brennlia,60.330222,11.306069
NSR:Quay:12601,Sanderud,60.392267,11.212626
NSR:Quay:12602,Sanderud,60.39254,11.211752
NSR:Quay:12603,Vestheim,60.394548,11.2178
NSR:Quay:12604,Vestheim,60.394352,11.218396
NSR:Quay:12605,Minne industriområde,60.390995,11.211988
NSR:Quay:12606,Minne industriområde,60.390861,11.211162
NSR:Quay:12607,Sandvoll,60.38704,11.200562
NSR:Quay:12608,Sandvoll,60.387137,11.199985
NSR:Quay:12609,Sandvoll,60.386572,11.198797
NSR:Quay:12610,Sandvoll,60.387067,11.201031
NSR:Quay:12611,Sandvoll,60.387158,11.201044
NSR:Quay:12612,Sætre,60.377524,11.236259
NSR:Quay:12613,Sætre,60.377618,11.236321
NSR:Quay:12614,Berger,60.375782,11.216041
NSR:Quay:12615,Berger,60.375726,11.216151
NSR:Quay:12616,Dytterud,60.386526,11.229285
NSR:Quay:12617,Dytterud,60.386507,11.229162
NSR:Quay:12618,Tansum,60.402851,11.195996
NSR:Quay:12619,Tansum,60.402951,11.196226
NSR:Quay:12620,Tosterud,60.456208,11.188733
NSR:Quay:12621,Tosterud,60.454722,11.190026
NSR:Quay:12622,Byrud,60.410201,11.189302
NSR:Quay:12623,Byrud,60.410588,11.189119
NSR:Quay:12625,Stenshol,60.389656,11.198445
NSR:Quay:12627,Nygård,60.29132,11.198158
NSR:Quay:12628,Nygård,60.291055,11.198287
NSR:Quay:12629,Landsverk,60.308243,11.212243
NSR:Quay:12630,Landsverk,60.308038,11.211787
NSR:Quay:12631,Nygård trygdebolig,60.292355,11.198992
NSR:Quay:12632,Nygård trygdebolig,60.292281,11.198797
NSR:Quay:12633,Bønsdalskrysset,60.284504,11.183953
NSR:Quay:12634,Bønsdalskrysset,60.284661,11.183961
NSR:Quay:12635,Bønsdalskrysset,60.28461,11.184157
NSR:Quay:12637,Holt,60.386276,11.265954
NSR:Quay:12638,Holt,60.386493,11.26564
NSR:Quay:12639,Brustad,60.380573,11.264438
NSR:Quay:12640,Brustad,60.381085,11.264328
NSR:Quay:12641,Torvet,60.373203,11.270275
NSR:Quay:12642,Torvet,60.373173,11.269618
NSR:Quay:12643,Effata,60.365352,11.278509
NSR:Quay:12644,Effata,60.366001,11.278941
NSR:Quay:12645,Holsletta,60.359925,11.280191
NSR:Quay:12646,Holsletta,60.359938,11.279936
NSR:Quay:12647,Hemli,60.352861,11.283941
NSR:Quay:12648,Hemli,60.352488,11.284273
NSR:Quay:12649,Sanderhaugen,60.370925,11.275339
NSR:Quay:12650,Sanderhaugen,60.371085,11.275618
NSR:Quay:12651,Skakkland,60.346367,11.28831
NSR:Quay:12652,Skakkland,60.345588,11.288519
NSR:Quay:12653,Løkenvangen,60.26564,11.222027
NSR:Quay:12654,Løkenvangen,60.266083,11.222641
NSR:Quay:12655,Dønnum,60.255114,11.21309
NSR:Quay:12656,Dønnum,60.254704,11.212961
NSR:Quay:12657,Skytterseter,60.255145,11.209724
NSR:Quay:12658,Skytterseter,60.255125,11.209833
NSR:Quay:12659,Linderud,60.268176,11.227024
NSR:Quay:12660,Linderud,60.268193,11.227396
NSR:Quay:12661,Hagamoen,60.260573,11.214777
NSR:Quay:12662,Hagamoen,60.259897,11.214353
NSR:Quay:12663,Furusetsenter,60.249851,11.20808
NSR:Quay:12664,Furusetsenter,60.249275,11.206535
NSR:Quay:12665,Skytterveien,60.252485,11.210515
NSR:Quay:12666,Skytterveien,60.252541,11.210837
NSR:Quay:12667,Stubberud,60.542368,11.188701
NSR:Quay:12668,Stubberud,60.542203,11.188124
NSR:Quay:12669,Dokken nord,60.365811,11.210435
NSR:Quay:12670,Dokken nord,60.365909,11.210209
NSR:Quay:12671,Dokken,60.362652,11.214541
NSR:Quay:12672,Dokken,60.362705,11.214667
NSR:Quay:12673,Bergly,60.350969,11.212342
NSR:Quay:12674,Bergly,60.352183,11.211816
NSR:Quay:12675,Hammerstad nord,60.335315,11.215743
NSR:Quay:12676,Hammerstad nord,60.336946,11.216432
NSR:Quay:12677,Smedstadgutua,60.345199,11.217623
NSR:Quay:12678,Smedstadgutua,60.345326,11.217296
NSR:Quay:12679,Hammerås,60.330778,11.21224
NSR:Quay:12680,Hammerås,60.331112,11.213514
NSR:Quay:12681,Finstad,60.286577,11.241666
NSR:Quay:12682,Finstad,60.287303,11.242034
NSR:Quay:12683,Vardrum,60.278394,11.242911
NSR:Quay:12684,Vardrum,60.278514,11.243131
NSR:Quay:12685,Yri,60.273551,11.23925
NSR:Quay:12686,Yri,60.273539,11.239057
NSR:Quay:12687,Finsbråten,60.371363,11.358597
NSR:Quay:12688,Grotten,60.31161,11.298071
NSR:Quay:12689,Grotten,60.311183,11.298138
NSR:Quay:12690,Grotten,60.310893,11.298162
NSR:Quay:12691,Grotten,60.311683,11.29799
NSR:Quay:12692,Jøndal,60.303697,11.302204
NSR:Quay:12693,Jøndal,60.304219,11.302435
NSR:Quay:12694,Frilsetåsen,60.291252,11.310546
NSR:Quay:12695,Frilsetåsen,60.291152,11.310591
NSR:Quay:12696,Knofsløkka,60.388417,11.359673
NSR:Quay:12697,Millidal,60.380355,11.352634
NSR:Quay:12698,Millidal,60.380357,11.352779
NSR:Quay:12699,Dønnum slakteri,60.312967,11.179002
NSR:Quay:12700,Dønnum slakteri,60.313266,11.179723
NSR:Quay:12701,Hammerstad,60.330264,11.214171
NSR:Quay:12702,Hammerstad,60.330135,11.213719
NSR:Quay:12703,Myrer,60.327489,11.221904
NSR:Quay:12704,Myrer,60.326731,11.223266
NSR:Quay:12705,Vegamot,60.323712,11.230157
NSR:Quay:12706,Vegamot,60.324471,11.228813
NSR:Quay:12707,Vegamot,60.323833,11.228912
NSR:Quay:12708,Fagerli,60.322163,11.238413
NSR:Quay:12709,Fagerli,60.322409,11.237316
NSR:Quay:12710,Holstangen,60.328309,11.245826
NSR:Quay:12711,Holstangen,60.327941,11.246068
NSR:Quay:12712,Bygdetunet,60.328076,11.205411
NSR:Quay:12713,Bygdetunet,60.327847,11.204424
NSR:Quay:12714,Vestvang,60.325511,11.200846
NSR:Quay:12715,Vestvang,60.326361,11.202444
NSR:Quay:12716,Siggerudhagan,60.324449,11.199556
NSR:Quay:12717,Siggerudhagan,60.324155,11.198778
NSR:Quay:12718,Siggerudtoppen,60.321574,11.196222
NSR:Quay:12719,Siggerudtoppen,60.321216,11.195626
NSR:Quay:12720,Brennsmork,60.318576,11.19244
NSR:Quay:12721,Brennsmork,60.318034,11.191372
NSR:Quay:12722,Ås nordre,60.342287,11.203718
NSR:Quay:12723,Ås nordre,60.342145,11.203882
NSR:Quay:12724,Ås skole,60.32961,11.2167
NSR:Quay:12725,Spetalenkrysset,60.355071,11.190563
NSR:Quay:12726,Spetalenkrysset,60.355123,11.190637
NSR:Quay:1600,Trøgstad Mølla,59.643564,11.328624
NSR:Quay:1601,Trøgstad Mølla,59.643809,11.328162
NSR:Quay:1604,Verpet,59.644876,11.338529
NSR:Quay:1607,Verpet,59.644963,11.337794
NSR:Quay:1620,Trøgstad torg,59.641358,11.315961
NSR:Quay:1621,Trøgstad torg,59.642077,11.31561
NSR:Quay:1642,Frøshaugdalen,59.652542,11.309355
NSR:Quay:1643,Frøshaugdalen,59.65105,11.310086
NSR:Quay:16440,Dysterud bru,60.197494,11.57654
NSR:Quay:16441,Dysterud bru,60.197506,11.57712
NSR:Quay:1647,Solberg Båstadveien,59.661213,11.317637
NSR:Quay:1648,Solberg Båstadveien,59.661324,11.317307
NSR:Quay:1650,Berger,59.672554,11.310066
NSR:Quay:1651,Berger,59.67235,11.309981
NSR:Quay:1654,Skovly,59.68378,11.297684
NSR:Quay:1655,Skovly,59.683582,11.297706
NSR:Quay:1657,Olberg,59.68805,11.294474
NSR:Quay:1658,Olberg,59.687134,11.295162
NSR:Quay:1661,Båstad skole,59.691498,11.293382
NSR:Quay:1664,Båstad kirke,59.69563,11.294791
NSR:Quay:1665,Båstad kirke,59.69547,11.294969
NSR:Quay:1668,Kirkebyåsen,59.699394,11.294215
NSR:Quay:1669,Kirkebyåsen,59.699444,11.29437
NSR:Quay:1672,Heiås,59.70308,11.295462
NSR:Quay:1674,Heiås,59.702137,11.295157
NSR:Quay:1677,Båstad handel,59.705486,11.294999
NSR:Quay:1678,Båstad handel,59.705364,11.29487
NSR:Quay:1683,Venta,59.71068,11.294211
NSR:Quay:1684,Venta,59.710728,11.294384
NSR:Quay:1695,Enger,59.717678,11.291178
NSR:Quay:1696,Enger,59.718147,11.29169
NSR:Quay:1700,Folkvang,59.722052,11.294246
NSR:Quay:1701,Folkvang,59.722248,11.294074
NSR:Quay:1702,Årmo,59.725613,11.29277
NSR:Quay:1703,Årmo,59.725525,11.292498
NSR:Quay:1707,Lund,59.738323,11.281145
NSR:Quay:1708,Lund,59.73832,11.281354
NSR:Quay:1709,Gullbergtoppen,59.742245,11.286667
NSR:Quay:1711,Gullbergtoppen,59.7422,11.28693
NSR:Quay:1715,Langholen,59.74665,11.291747
NSR:Quay:1716,Langholen,59.746357,11.2918
NSR:Quay:1721,Solvang,59.758134,11.291845
NSR:Quay:1722,Solvang,59.756744,11.292337
NSR:Quay:1898,Kjærstad,59.682957,11.203708
NSR:Quay:25654,Torskeberget,59.753548,10.512283
NSR:Quay:25655,Torskeberget,59.753548,10.512403
NSR:Quay:25669,Svaberg,59.74863,10.511725
NSR:Quay:25671,Svaberg,59.7484,10.5114
NSR:Quay:25683,Ramton,59.743639,10.509748
NSR:Quay:25684,Ramton,59.743529,10.509539
NSR:Quay:25695,Høvikskogen,59.72761,10.51132
NSR:Quay:25697,Høvikskogen,59.72836,10.51153
NSR:Quay:25706,Båtstø,59.722394,10.513133
NSR:Quay:25707,Båtstø,59.722179,10.512629
NSR:Quay:25716,Landik,59.722456,10.507774
NSR:Quay:25718,Landik,59.722447,10.507632
NSR:Quay:25728,Nordli,59.722381,10.503176
NSR:Quay:25729,Nordli,59.722444,10.503238
NSR:Quay:25738,Hov,59.719692,10.493411
NSR:Quay:25739,Hov,59.719643,10.493472
NSR:Quay:25748,Sundbykrysset,59.71446,10.49403
NSR:Quay:25749,Sundbykrysset,59.71449,10.49325
NSR:Quay:25757,Åros fabrikker,59.71147,10.50022
NSR:Quay:25758,Åros fabrikker,59.7113,10.5004
NSR:Quay:25770,Åros samfunnshus,59.709754,10.506087
NSR:Quay:25772,Åros samfunnshus,59.709774,10.506315
NSR:Quay:25781,Åros sentrum,59.705284,10.512524
NSR:Quay:25782,Åros sentrum,59.705385,10.512626
NSR:Quay:25791,Åros brygge,59.702911,10.518913
NSR:Quay:25792,Åros brygge,59.702874,10.519101
NSR:Quay:25800,Beston,59.689994,10.515271
NSR:Quay:25801,Beston,59.690465,10.51585
NSR:Quay:25812,Slemmestad,59.77899,10.48577
NSR:Quay:25813,Slemmestad,59.779217,10.486509
NSR:Quay:25820,Toern,59.782091,10.48814
NSR:Quay:25821,Toern,59.782261,10.488309
NSR:Quay:25830,Villingstadveien,59.736391,10.430993
NSR:Quay:25831,Villingstadveien,59.736295,10.431105
NSR:Quay:25840,Ølstadveien øst,59.734414,10.439093
NSR:Quay:25841,Ølstadveien øst,59.73462,10.438806
NSR:Quay:25848,Husebysvingen,59.732568,10.443004
NSR:Quay:25849,Husebysvingen,59.73248,10.443288
NSR:Quay:25856,Krokodden,59.730417,10.447097
NSR:Quay:25858,Krokodden,59.729708,10.448583
NSR:Quay:25865,Sagfoss,59.727045,10.45649
NSR:Quay:25866,Sagfoss,59.726734,10.458016
NSR:Quay:25876,Hotvet meieri,59.725471,10.46205
NSR:Quay:25877,Hotvet meieri,59.725419,10.462573
NSR:Quay:25884,Dalebråten bru,59.720428,10.474286
NSR:Quay:25885,Dalebråten bru,59.720587,10.47412
NSR:Quay:25893,Lingsom,59.715041,10.488035
NSR:Quay:25894,Lingsom,59.714939,10.488306
NSR:Quay:25900,Auvi søndre,59.737578,10.376568
NSR:Quay:25901,Auvi søndre,59.737579,10.376429
NSR:Quay:25907,Luftfartsverket,59.735816,10.376557
NSR:Quay:25908,Luftfartsverket,59.735669,10.376681
NSR:Quay:25913,Muserud,59.730281,10.375356
NSR:Quay:25914,Muserud,59.730094,10.375232
NSR:Quay:25923,Gamle Hyggenvei,59.727009,10.376045
NSR:Quay:25924,Gamle Hyggenvei,59.726959,10.375935
NSR:Quay:25930,Hyggenhagan,59.721251,10.374119
NSR:Quay:25931,Hyggenhagan,59.721182,10.373435
NSR:Quay:25940,Hyggen speiderhus,59.719729,10.37019
NSR:Quay:25942,Hyggen speiderhus,59.719861,10.370128
NSR:Quay:25956,Bølstad terrasse,59.741111,10.333135
NSR:Quay:25957,Bølstad terrasse,59.740988,10.333181
NSR:Quay:25962,Kleiverfeltet,59.760665,10.402309
NSR:Quay:25993,Rørvik Kafé,59.672877,10.431309
NSR:Quay:25996,Rørvik Kafé,59.673023,10.431333
NSR:Quay:26005,Rørvik,59.669137,10.438042
NSR:Quay:26006,Rørvik,59.668915,10.438001
NSR:Quay:26022,Småskjær,59.657442,10.436435
NSR:Quay:26023,Småskjær,59.656896,10.436347
NSR:Quay:26030,Selvik hyttefelt,59.646408,10.436457
NSR:Quay:26031,Selvik hyttefelt,59.646442,10.436341
NSR:Quay:26038,Selvik gård,59.64055,10.441129
NSR:Quay:26039,Selvik gård,59.640418,10.441357
NSR:Quay:26046,Roås,59.6288,10.4601
NSR:Quay:26047,Roås,59.628867,10.46014
NSR:Quay:26055,Inglingstadtoppen,59.626442,10.46334
NSR:Quay:26057,Inglingstadtoppen,59.626465,10.463458
NSR:Quay:26063,Haugen,59.623028,10.466342
NSR:Quay:26064,Haugen,59.622926,10.466304
NSR:Quay:26070,Åsheimkrysset,59.619853,10.468946
NSR:Quay:26071,Åsheimkrysset,59.62013,10.469995
NSR:Quay:26072,Åsheimkrysset,59.62138,10.471725
NSR:Quay:26073,Åsheimkrysset,59.620246,10.468839
NSR:Quay:26080,Åsheim bussterminal,59.615772,10.464376
NSR:Quay:26081,Åsheim bussterminal,59.615879,10.46455
NSR:Quay:26086,Andreas Mørchs vei,59.610825,10.465497
NSR:Quay:26087,Andreas Mørchs vei,59.61103,10.465401
NSR:Quay:26093,Langelien,59.6084,10.4664
NSR:Quay:26094,Langelien,59.6084,10.4665
NSR:Quay:26101,Killingstad,59.6061,10.4675
NSR:Quay:26102,Killingstad,59.6061,10.4674
NSR:Quay:26109,Møllatoppen,59.601,10.4699
NSR:Quay:26110,Møllatoppen,59.601,10.47
NSR:Quay:26114,Mølla,59.598132,10.472876
NSR:Quay:26115,Mølla,59.5983,10.4728
NSR:Quay:26122,Rødby,59.596217,10.472725
NSR:Quay:26124,Rødby,59.596202,10.472562
NSR:Quay:26129,Bjørnson,59.589815,10.472535
NSR:Quay:26130,Bjørnson,59.589733,10.472385
NSR:Quay:26135,Stokkergården,59.58684,10.472186
NSR:Quay:26136,Stokkergården,59.586999,10.472344
NSR:Quay:26143,Dalenveien,59.583417,10.473125
NSR:Quay:26144,Dalenveien,59.583273,10.472972
NSR:Quay:26148,Holtvedtveien,59.575499,10.475319
NSR:Quay:26149,Holtvedtveien,59.574541,10.475121
NSR:Quay:26155,Lærum,59.569794,10.465483
NSR:Quay:26156,Lærum,59.569969,10.465293
NSR:Quay:26160,Liltvet,59.565308,10.466688
NSR:Quay:26162,Liltvet,59.565404,10.466792
NSR:Quay:26165,Liltvetkrysset,59.5633,10.4663
NSR:Quay:26171,Knivsvikveien,59.56339,10.45481
NSR:Quay:26172,Knivsvikveien,59.56338,10.45569
NSR:Quay:26179,Engene,59.560144,10.443771
NSR:Quay:26180,Engene,59.56017,10.443516
NSR:Quay:26187,Holmsbu kirke,59.557588,10.437857
NSR:Quay:26188,Holmsbu kirke,59.557723,10.437736
NSR:Quay:26189,Holmsbu kirke,59.557505,10.438128
NSR:Quay:26195,Skolegaten,59.559511,10.431714
NSR:Quay:26196,Skolegaten,59.559635,10.431419
NSR:Quay:26205,Holmsbu torg,59.560324,10.427286
NSR:Quay:26209,Støa,59.5522,10.421
NSR:Quay:26210,Støa,59.5524,10.4221
NSR:Quay:26219,Trollebogen,59.54788,10.41984
NSR:Quay:26220,Trollebogen,59.54796,10.41993
NSR:Quay:26223,Rødtangen,59.53095,10.41743
NSR:Quay:26233,Jahrenbakkene,59.55276,10.44223
NSR:Quay:26234,Jahrenbakkene,59.55269,10.44212
NSR:Quay:26239,Skjøttelvik,59.54809,10.44512
NSR:Quay:26240,Skjøttelvik,59.54803,10.44611
NSR:Quay:26245,Bergsmyrene,59.547949,10.453505
NSR:Quay:26246,Bergsmyrene,59.548022,10.453317
NSR:Quay:26254,Myrene,59.547474,10.457828
NSR:Quay:26255,Myrene,59.5474,10.4579
NSR:Quay:26260,Folkestad skole,59.550711,10.464939
NSR:Quay:26261,Folkestad skole,59.5506,10.4651
NSR:Quay:26266,Kana,59.551719,10.471958
NSR:Quay:26268,Kana,59.552013,10.472224
NSR:Quay:26270,Kana,59.551672,10.472036
NSR:Quay:26275,Graver gård,59.548559,10.479782
NSR:Quay:26276,Graver gård,59.548439,10.480665
NSR:Quay:26283,Berg,59.547371,10.485686
NSR:Quay:26284,Berg,59.547167,10.48608
NSR:Quay:26289,Trondstadfjerdingen,59.547693,10.495087
NSR:Quay:26290,Trondstadfjerdingen,59.547734,10.495307
NSR:Quay:26295,Grønnsletta,59.555446,10.504408
NSR:Quay:26296,Grønnsletta,59.555615,10.50525
NSR:Quay:26301,Sagene,59.534198,10.532498
NSR:Quay:26302,Sagene,59.534183,10.533456
NSR:Quay:26307,Bakkestranda,59.536679,10.541205
NSR:Quay:26309,Bakkestranda,59.536748,10.541637
NSR:Quay:26315,Striglesand,59.537424,10.545606
NSR:Quay:26316,Striglesand,59.537605,10.544582
NSR:Quay:26323,Apotekerstranda,59.539975,10.550649
NSR:Quay:26324,Apotekerstranda,59.540452,10.55166
NSR:Quay:26331,Tofte sentrum,59.54128,10.55631
NSR:Quay:26332,Tofte sentrum,59.541572,10.557507
NSR:Quay:26341,Tofte båthavn,59.543707,10.562432
NSR:Quay:26342,Tofte båthavn,59.543239,10.561657
NSR:Quay:26347,Skogveien,59.546801,10.564443
NSR:Quay:26349,Skogveien,59.54744,10.56414
NSR:Quay:26355,Toftejordet,59.553278,10.572742
NSR:Quay:26356,Toftejordet,59.553916,10.573322
NSR:Quay:26359,Brinkli,59.5565,10.5744
NSR:Quay:26361,Brinkli,59.5571,10.5744
NSR:Quay:26366,Rød,59.563536,10.576835
NSR:Quay:26368,Rød,59.562749,10.575988
NSR:Quay:26373,Kaltenbakk,59.566948,10.582084
NSR:Quay:26374,Kaltenbakk,59.56682,10.58235
NSR:Quay:26379,Rødsbakkene,59.568848,10.584037
NSR:Quay:26381,Rødsbakkene,59.568657,10.583519
NSR:Quay:26387,Filtvet skole,59.571951,10.592465
NSR:Quay:26388,Filtvet skole,59.572383,10.591585
NSR:Quay:26395,Filtvet kapell,59.569767,10.5995
NSR:Quay:26396,Filtvet kapell,59.569538,10.599682
NSR:Quay:26401,Bjerkelunden,59.569245,10.606989
NSR:Quay:26402,Bjerkelunden,59.569386,10.60579
NSR:Quay:26408,Filtvet,59.572634,10.612704
NSR:Quay:26411,Filtvet,59.572566,10.613528
NSR:Quay:26417,Tårnhuset,59.57738,10.610143
NSR:Quay:26418,Tårnhuset,59.577019,10.610097
NSR:Quay:26423,Husebybakken,59.581736,10.609684
NSR:Quay:26424,Husebybakken,59.582104,10.609016
NSR:Quay:26431,Solberg,59.5869,10.6097
NSR:Quay:26432,Solberg,59.5866,10.6099
NSR:Quay:26438,Hermannsbråten,59.588706,10.612152
NSR:Quay:26440,Hermannsbråten,59.588597,10.61202
NSR:Quay:26445,Granlien,59.592973,10.614115
NSR:Quay:26446,Granlien,59.592684,10.61396
NSR:Quay:26450,Solbergstøa,59.597618,10.614654
NSR:Quay:26451,Solbergstøa,59.597375,10.614515
NSR:Quay:26456,Eltorn,59.606155,10.611908
NSR:Quay:26457,Eltorn,59.6054,10.6119
NSR:Quay:26464,Brydestranda,59.612881,10.611369
NSR:Quay:26465,Brydestranda,59.612555,10.611412
NSR:Quay:26469,Granli,59.616754,10.608823
NSR:Quay:26472,Granli,59.616636,10.608772
NSR:Quay:26479,Teigen,59.621919,10.60657
NSR:Quay:26480,Teigen,59.621688,10.606543
NSR:Quay:26486,Dehli,59.630613,10.60554
NSR:Quay:26487,Dehli,59.630281,10.60542
NSR:Quay:26492,Rønningen,59.636192,10.604269
NSR:Quay:26493,Rønningen,59.636082,10.604188
NSR:Quay:26498,Storsand brygge,59.640487,10.603657
NSR:Quay:26499,Storsand brygge,59.6421,10.603883
NSR:Quay:26504,Storsand sentrum,59.646429,10.601723
NSR:Quay:26505,Storsand sentrum,59.646511,10.60197
NSR:Quay:26512,Storsandbakken,59.648805,10.601659
NSR:Quay:26513,Storsandbakken,59.649726,10.600865
NSR:Quay:26518,Ellingstadveien,59.653455,10.597947
NSR:Quay:26519,Ellingstadveien,59.65339,10.598151
NSR:Quay:26524,Vannsbrekka,59.652558,10.591102
NSR:Quay:26527,Vannsbrekka,59.652498,10.591424
NSR:Quay:26532,Storsandtoppen,59.655827,10.587701
NSR:Quay:26533,Storsandtoppen,59.655798,10.588178
NSR:Quay:26538,Fredbo,59.6585,10.573794
NSR:Quay:26539,Fredbo,59.65841,10.573871
NSR:Quay:26544,Verpen,59.668156,10.561156
NSR:Quay:26545,Verpen,59.6681,10.5614
NSR:Quay:26549,Peterstua,59.671537,10.548002
NSR:Quay:26550,Peterstua,59.671253,10.548382
NSR:Quay:26554,Sætre skole,59.676743,10.536645
NSR:Quay:26555,Sætre skole,59.675983,10.538083
NSR:Quay:26560,Grytnes,59.678017,10.533209
NSR:Quay:26562,Grytnes,59.678143,10.533241
NSR:Quay:26568,Sætre bussterminal,59.680558,10.530245
NSR:Quay:26569,Sætre bussterminal,59.680562,10.530422
NSR:Quay:26574,Sætre sentrum,59.681921,10.526176
NSR:Quay:26575,Sætre sentrum,59.682136,10.526147
NSR:Quay:26580,Dammen,59.685261,10.520217
NSR:Quay:26581,Dammen,59.684748,10.521727
NSR:Quay:26585,Gunnaråsen,59.677633,10.523062
NSR:Quay:26586,Gunnaråsen,59.677612,10.522711
NSR:Quay:26590,Bjørndalen,59.674993,10.522883
NSR:Quay:26591,Bjørndalen,59.675431,10.521866
NSR:Quay:26596,Åsveien industriområde,59.670341,10.523001
NSR:Quay:26598,Åsveien industriområde,59.670357,10.522773
NSR:Quay:26602,Damstua,59.666443,10.519605
NSR:Quay:26603,Damstua,59.666463,10.519307
NSR:Quay:26608,Ledangtoppen,59.655767,10.514428
NSR:Quay:26609,Ledangtoppen,59.655448,10.514267
NSR:Quay:26612,Mørkvann,59.650658,10.511768
NSR:Quay:26613,Mørkvann,59.650444,10.511497
NSR:Quay:26618,Ødegården,59.644319,10.505698
NSR:Quay:26619,Ødegården,59.644366,10.505572
NSR:Quay:26622,Østli,59.63504,10.50036
NSR:Quay:26623,Østli,59.63506,10.50018
NSR:Quay:26628,Steinerskolen Hurum,59.632262,10.495395
NSR:Quay:26629,Steinerskolen Hurum,59.632333,10.494915
NSR:Quay:26634,Rokkestad,59.629331,10.485967
NSR:Quay:26635,Rokkestad,59.629378,10.485855
NSR:Quay:26641,Østernveien,59.627648,10.481113
NSR:Quay:26643,Østernveien,59.627532,10.481118
NSR:Quay:26647,Ugstadtoppen,59.62395,10.474722
NSR:Quay:26648,Ugstadtoppen,59.623676,10.474183
NSR:Quay:26653,Hurum kirke,59.613881,10.456983
NSR:Quay:26654,Hurum kirke,59.613566,10.458491
NSR:Quay:26659,Bråtan,59.6157,10.453357
NSR:Quay:26660,Bråtan,59.615723,10.452697
NSR:Quay:26665,Bråtakroken,59.617865,10.451522
NSR:Quay:26666,Bråtakroken,59.618769,10.449843
NSR:Quay:26672,Bogen,59.612912,10.434941
NSR:Quay:26673,Bogen,59.612747,10.436824
NSR:Quay:26678,Fjordhuset,59.6136,10.4214
NSR:Quay:26679,Fjordhuset,59.6135,10.4214
NSR:Quay:26684,Verket ferjekai,59.613402,10.413355
NSR:Quay:26685,Verket ferjekai,59.613283,10.413534
NSR:Quay:27894,Lierstranda,59.74832,10.241599
NSR:Quay:27895,Lierstranda,59.74824,10.241097
NSR:Quay:27909,Jensvollveien,59.750263,10.247595
NSR:Quay:27910,Jensvollveien,59.75022,10.247193
NSR:Quay:27913,Lierstranda 111,59.751022,10.250751
NSR:Quay:27914,Lierstranda 111,59.751072,10.251263
NSR:Quay:27919,Frydenlund,59.751945,10.255128
NSR:Quay:27920,Frydenlund,59.751934,10.254775
NSR:Quay:27925,Amtmannsvingen,59.75289,10.26028
NSR:Quay:27926,Amtmannsvingen,59.752827,10.260597
NSR:Quay:28052,Husebygata,59.753657,10.272482
NSR:Quay:28054,Husebygata,59.753939,10.271192
NSR:Quay:28063,Gullaugkrysset,59.752004,10.286864
NSR:Quay:28064,Gullaugkrysset,59.75088,10.28759
NSR:Quay:28160,St. Hallvard vgs.,59.75923,10.237276
NSR:Quay:28165,Lier vgs.,59.757489,10.243488
NSR:Quay:28166,Lier vgs.,59.757589,10.243539
NSR:Quay:28169,Brøholtstranda,59.7237,10.3186
NSR:Quay:28170,Brøholtstranda,59.7237,10.3184
NSR:Quay:28175,Fjellheim,59.721539,10.318313
NSR:Quay:28176,Fjellheim,59.721596,10.318447
NSR:Quay:28181,Lauton,59.7177,10.3185
NSR:Quay:28182,Lauton,59.7181,10.3179
NSR:Quay:28185,Kinnartangen,59.714336,10.337773
NSR:Quay:28186,Kinnartangen,59.71409,10.338406
NSR:Quay:28192,Vestre Hyggen,59.715732,10.349666
NSR:Quay:28193,Vestre Hyggen,59.715816,10.348295
NSR:Quay:28197,Hyggenbanen,59.718388,10.364522
NSR:Quay:28199,Hyggenbanen,59.718478,10.363696
NSR:Quay:28202,Hyggen,59.71628,10.368806
NSR:Quay:28203,Hyggen,59.716484,10.369774
NSR:Quay:28204,Hyggen,59.716293,10.369442
NSR:Quay:28205,Hyggen,59.717088,10.367677
NSR:Quay:28210,Hyggenbukta,59.710797,10.376134
NSR:Quay:28213,Hyggenbukta,59.710602,10.377593
NSR:Quay:28218,Steinsbrekka,59.705735,10.380479
NSR:Quay:28219,Steinsbrekka,59.705649,10.380313
NSR:Quay:28222,Sand,59.699177,10.390336
NSR:Quay:28223,Sand,59.700563,10.389129
NSR:Quay:28228,Nilsrudkleiva,59.696063,10.392136
NSR:Quay:28229,Nilsrudkleiva,59.694588,10.393426
NSR:Quay:28232,Gjerdal,59.692042,10.39743
NSR:Quay:28233,Gjerdal,59.692085,10.398766
NSR:Quay:28237,Bjørkeløkka,59.692,10.4056
NSR:Quay:28243,Gjerdalsjordet,59.6904,10.4103
NSR:Quay:28244,Gjerdalsjordet,59.6903,10.4104
NSR:Quay:28247,Solodden,59.684546,10.41479
NSR:Quay:28248,Solodden,59.685719,10.413371
NSR:Quay:28252,Herningbakken,59.683111,10.417692
NSR:Quay:28253,Herningbakken,59.682629,10.418928
NSR:Quay:28255,Grimsrud,59.683615,10.423598
NSR:Quay:28256,Grimsrud,59.683421,10.421463
NSR:Quay:28260,Brøholt,59.730986,10.324354
NSR:Quay:28263,Brøholt,59.730866,10.323801
NSR:Quay:28268,Bråset,59.741815,10.386154
NSR:Quay:28272,Torsrudveien,59.738117,10.329879
NSR:Quay:28273,Torsrudveien,59.7394,10.330011
NSR:Quay:28278,Spikkestad sentrum,59.744186,10.339846
NSR:Quay:28279,Spikkestad sentrum,59.744358,10.339634
NSR:Quay:28284,Bjørkeliveien,59.742174,10.34465
NSR:Quay:28285,Bjørkeliveien,59.742015,10.345302
NSR:Quay:28290,Spikkestad ungdomsskole,59.740082,10.350274
NSR:Quay:28291,Spikkestad ungdomsskole,59.740071,10.350366
NSR:Quay:28294,Bitihagen,59.743681,10.363924
NSR:Quay:28295,Bitihagen,59.7439,10.3642
NSR:Quay:28300,Grinidalen,59.744131,10.374677
NSR:Quay:28301,Grinidalen,59.744112,10.375104
NSR:Quay:28306,Prestegårdsjordet,59.743825,10.382839
NSR:Quay:28307,Prestegårdsjordet,59.743649,10.382641
NSR:Quay:28309,Røyken stasjon,59.746648,10.390569
NSR:Quay:28311,Røyken stasjon,59.746407,10.389217
NSR:Quay:28316,Røyken sentrum,59.747395,10.395322
NSR:Quay:28317,Røyken sentrum,59.747395,10.394939
NSR:Quay:28318,Røyken sentrum,59.747621,10.395196
NSR:Quay:28322,Vangsvingen,59.749471,10.403937
NSR:Quay:28323,Vangsvingen,59.74895,10.402687
NSR:Quay:28327,Midtbygda skole,59.744326,10.412813
NSR:Quay:28328,Midtbygda skole,59.743337,10.414733
NSR:Quay:28332,Gamle Røyken rådhus,59.740594,10.411971
NSR:Quay:28333,Gamle Røyken rådhus,59.740124,10.411013
NSR:Quay:28335,Gamle Røyken rådhus,59.740624,10.411989
NSR:Quay:28347,Røyken vgs.,59.739344,10.400673
NSR:Quay:28348,Røyken vgs.,59.739444,10.400928
NSR:Quay:28353,Steinbruddet,59.742561,10.416241
NSR:Quay:28354,Steinbruddet,59.741896,10.417185
NSR:Quay:28357,Bjørnstad,59.738687,10.423067
NSR:Quay:28360,Bjørnstad,59.738862,10.423011
NSR:Quay:28364,Kornmagasinet,59.742637,10.425489
NSR:Quay:28365,Kornmagasinet,59.741553,10.422651
NSR:Quay:28370,Ølstadveien vest,59.74475,10.43043
NSR:Quay:28371,Ølstadveien vest,59.74467,10.43048
NSR:Quay:28374,Brynshagen,59.746613,10.438511
NSR:Quay:28375,Brynshagen,59.746513,10.439922
NSR:Quay:28381,Brynsholmen,59.7509,10.440434
NSR:Quay:28383,Brynsholmen,59.750852,10.440067
NSR:Quay:28391,Grodalen,59.7527,10.4429
NSR:Quay:28392,Grodalen,59.753193,10.44207
NSR:Quay:28395,Åsgård,59.75105,10.448095
NSR:Quay:28396,Åsgård,59.75162,10.448567
NSR:Quay:28401,Bødalen,59.75854,10.45901
NSR:Quay:28402,Bødalen,59.75857,10.45947
NSR:Quay:28409,Tors vei,59.765409,10.461675
NSR:Quay:28410,Tors vei,59.765298,10.461852
NSR:Quay:28415,Stokker,59.769564,10.441499
NSR:Quay:28416,Stokker,59.770128,10.440448
NSR:Quay:28419,Dalbø,59.760644,10.464496
NSR:Quay:28420,Dalbø,59.760279,10.463665
NSR:Quay:28425,Østskogen,59.763257,10.467283
NSR:Quay:28426,Østskogen,59.763302,10.467683
NSR:Quay:28431,Dambo,59.767843,10.471891
NSR:Quay:28434,Dambo,59.766823,10.470695
NSR:Quay:28438,Prestenga,59.77288,10.47761
NSR:Quay:28440,Prestenga,59.77249,10.47671
NSR:Quay:28443,Odalsveien,59.776177,10.484473
NSR:Quay:28444,Odalsveien,59.775436,10.485404
NSR:Quay:28453,Sørmarka,59.771433,10.48332
NSR:Quay:28454,Sørmarka,59.771321,10.482945
NSR:Quay:28458,Morbergtoppen,59.76855,10.491925
NSR:Quay:28459,Morbergtoppen,59.77088,10.489647
NSR:Quay:28463,Breidablikk,59.760579,10.495875
NSR:Quay:28466,Breidablikk,59.760446,10.495685
NSR:Quay:28470,Baarsrudveien,59.758259,10.50124
NSR:Quay:28471,Baarsrudveien,59.7581,10.501471
NSR:Quay:28475,Nærsnes,59.759337,10.507581
NSR:Quay:28476,Nærsnes,59.759293,10.508721
NSR:Quay:28481,Baku,59.757477,10.511953
NSR:Quay:28482,Baku,59.757473,10.512092
NSR:Quay:29237,Gullaug,59.7495,10.2903
NSR:Quay:29238,Gullaug,59.7481,10.2915
NSR:Quay:29245,Gullaugkleiva,59.7447,10.2992
NSR:Quay:29246,Gullaugkleiva,59.743768,10.299948
NSR:Quay:29249,Karlseberget,59.7378,10.3037
NSR:Quay:29250,Karlseberget,59.736,10.3023
NSR:Quay:29255,Røykenveien 49,59.7337,10.3044
NSR:Quay:29256,Røykenveien 49,59.7331,10.3046
NSR:Quay:29266,Engersand,59.729684,10.309703
NSR:Quay:29267,Engersand,59.73041,10.308641
NSR:Quay:29270,Lahellkrysset,59.72753,10.313424
NSR:Quay:29271,Lahellkrysset,59.728117,10.312501
NSR:Quay:29276,Lahelldammen,59.726844,10.31392
NSR:Quay:29277,Lahelldammen,59.72632,10.313791
NSR:Quay:29305,Drammen busstasjon,59.740632,10.200342
NSR:Quay:29329,Bragernes torg,59.743335,10.204278
NSR:Quay:29331,Bragernes torg,59.744842,10.202646
NSR:Quay:30320,Brandtenborggata,59.742984,10.221376
NSR:Quay:30321,Brandtenborggata,59.742922,10.221359
NSR:Quay:30322,Erik Børresens alle,59.7435,10.211
NSR:Quay:30323,Erik Børresens alle,59.7434,10.2106
NSR:Quay:30324,Losjeplassen,59.74277,10.215593
NSR:Quay:30325,Losjeplassen,59.742733,10.215026
NSR:Quay:30326,CC Kjøpesenter,59.741701,10.2234
NSR:Quay:30327,CC Kjøpesenter,59.741721,10.22248
NSR:Quay:4308,Sjøhagen syd,59.482,10.69607
NSR:Quay:4309,Sjøhagen syd,59.481956,10.695767
NSR:Quay:4408,Tigerplassen,59.446598,10.685832
NSR:Quay:4409,Tigerplassen,59.446839,10.686412
NSR:Quay:4444,Trolldalen,59.452109,10.687798
NSR:Quay:4445,Trolldalen,59.451883,10.687594
NSR:Quay:4460,Kambosenteret,59.46404,10.68862
NSR:Quay:4461,Kambosenteret,59.464043,10.688428
NSR:Quay:4475,Nøkkelandveien,59.467604,10.689821
NSR:Quay:4476,Nøkkelandveien,59.467541,10.689965
NSR:Quay:4498,Møllebakken,59.471214,10.69077
NSR:Quay:4499,Møllebakken,59.471301,10.690985
NSR:Quay:4516,Kambo stasjon,59.477574,10.693442
NSR:Quay:4517,Kambo stasjon,59.477461,10.693941
NSR:Quay:4533,Sjøhagen,59.488692,10.692031
NSR:Quay:4542,Stubbeløkkveien,59.47205,10.6958
NSR:Quay:4543,Stubbeløkkveien,59.472057,10.695746
NSR:Quay:4549,Sjøhagen terrasse,59.486874,10.690063
NSR:Quay:4555,Nøkkeland,59.468334,10.697069
NSR:Quay:4556,Nøkkeland,59.468254,10.697203
NSR:Quay:4566,Steinerskolen Moss,59.464993,10.695851
NSR:Quay:4567,Steinerskolen Moss,59.465027,10.695776
NSR:Quay:4818,Kongens gate,59.436906,10.668229
NSR:Quay:4820,Kongens gate,59.436763,10.667851
NSR:Quay:4827,Verket,59.442191,10.671402
NSR:Quay:4829,Verket,59.442795,10.67299
NSR:Quay:4839,Verket skole,59.445161,10.679082
NSR:Quay:4840,Verket skole,59.445236,10.679057
NSR:Quay:4845,Gamleveien,59.444365,10.676203
NSR:Quay:4851,Childrens International School,59.43998,10.669396
NSR:Quay:4852,Childrens International School,59.440024,10.669564
NSR:Quay:5069,Moss bussterminal,59.436304,10.661336
NSR:Quay:5404,Opsal,60.361819,11.1931
NSR:Quay:5405,Opsal,60.361822,11.193253
NSR:Quay:5406,Fjellstrand,59.79836,10.615894
NSR:Quay:5407,Undelstad,59.837192,10.45671
NSR:Quay:5408,Fjellstrand,59.798659,10.616344
NSR:Quay:5409,Undelstad,59.837194,10.457061
NSR:Quay:5410,Brøhaug,60.460085,11.239896
NSR:Quay:5411,Brøhaug,60.460099,11.240076
NSR:Quay:5412,Morskogen,60.469709,11.239926
NSR:Quay:5413,Morskogen,60.46979,11.240121
NSR:Quay:5414,Ulvin gård,60.477132,11.239829
NSR:Quay:5415,Ulvin gård,60.477066,11.239708
NSR:Quay:5417,Nygårdsverkstedet,60.389466,11.20806
NSR:Quay:5418,Bleikerkollen,59.82404,10.453119
NSR:Quay:5419,Fjellstrand skole,59.795495,10.623423
NSR:Quay:5420,Ørbekk,60.422014,11.239684
NSR:Quay:5421,Fjellstrand skole,59.795923,10.622135
NSR:Quay:5422,Ørbekk,60.422037,11.239816
NSR:Quay:5423,Molykkja,60.428988,11.240366
NSR:Quay:5424,Molykkja,60.428983,11.240516
NSR:Quay:5425,Korslund,60.438941,11.240366
NSR:Quay:5426,Korslund,60.438814,11.240087
NSR:Quay:5427,Fredheim,60.291093,11.243847
NSR:Quay:5428,Fredheim,60.291223,11.243962
NSR:Quay:5429,Hellberget,60.301285,11.24264
NSR:Quay:5430,Hellberget,60.301418,11.242989
NSR:Quay:5433,Betaniatoppen,59.79578,10.629407
NSR:Quay:5434,Sneisrud,60.305902,11.251127
NSR:Quay:5435,Sneisrud,60.3059,11.251451
NSR:Quay:5436,Betaniatoppen,59.79584,10.629415
NSR:Quay:5437,Bårli,60.313272,11.25585
NSR:Quay:5438,Bårli,60.313462,11.256003
NSR:Quay:5439,Bårlidalen,60.320232,11.258285
NSR:Quay:5440,Bårlidalen,60.320168,11.258189
NSR:Quay:5441,Bårlidalen,60.320122,11.258436
NSR:Quay:5442,Tunneltoppen,60.324112,11.258574
NSR:Quay:5443,Tunneltoppen,60.324148,11.258812
NSR:Quay:5444,Eidsvoll stasjon,60.330247,11.247232
NSR:Quay:5447,Eidsvoll stasjon,60.330189,11.247047
NSR:Quay:5448,Eidsvoll stasjon,60.330157,11.246966
NSR:Quay:5449,Eidsvoll stasjon,60.330128,11.246878
NSR:Quay:5450,Eidsvoll stasjon,60.330222,11.247133
NSR:Quay:5451,Skoleveien,59.793778,10.612259
NSR:Quay:5452,Skoleveien,59.793301,10.611189
NSR:Quay:5453,Fusdalbråten,59.834049,10.444753
NSR:Quay:5454,Eidsvollbrua,60.327083,11.26145
NSR:Quay:5455,Eidsvollbrua,60.327144,11.26174
NSR:Quay:5456,Sagasenteret,60.327957,11.259219
NSR:Quay:5457,Smia,60.27797,11.31801
NSR:Quay:5458,Smia,60.277834,11.317994
NSR:Quay:5459,Frilset nord,60.279619,11.316414
NSR:Quay:5460,Frilset nord,60.279874,11.316516
NSR:Quay:5461,Frilset,60.27458,11.32287
NSR:Quay:5462,Frilset,60.274222,11.323133
NSR:Quay:5463,Movei,59.790506,10.608772
NSR:Quay:5464,Movei,59.789633,10.607885
NSR:Quay:5465,Asker rådhus,59.836666,10.435303
NSR:Quay:5466,Asker rådhus,59.837189,10.435207
NSR:Quay:5467,Råholt kirke,60.275681,11.178919
NSR:Quay:5468,Råholt kirke,60.274439,11.179115
NSR:Quay:5469,Sandhølet,60.270103,11.1817
NSR:Quay:5470,Sandhølet,60.271306,11.181545
NSR:Quay:5473,Ladderud,60.265773,11.183138
NSR:Quay:5474,Ladderud,60.264712,11.183347
NSR:Quay:5475,Nordstrand,59.784134,10.60646
NSR:Quay:5476,Nordstrand,59.783829,10.605868
NSR:Quay:5477,Furulundjordet,60.261456,11.18556
NSR:Quay:5478,Furulundjordet,60.26262,11.185351
NSR:Quay:5480,Trekanten,59.835549,10.431897
NSR:Quay:5481,Trekanten,59.835841,10.431618
NSR:Quay:5482,Langset skole,60.402187,11.239279
NSR:Quay:5483,Movegen,60.257148,11.19127
NSR:Quay:5484,Movegen,60.257945,11.189741
NSR:Quay:5485,Langset skole,60.40419,11.242173
NSR:Quay:5486,Langset skole,60.404189,11.242412
NSR:Quay:5487,Sandbakken,59.780464,10.603129
NSR:Quay:5488,Langset,60.411241,11.242723
NSR:Quay:5489,Sandbakken,59.781192,10.603724
NSR:Quay:5490,Langset,60.411224,11.242881
NSR:Quay:5491,Storenga,60.397585,11.244912
NSR:Quay:5492,Røisi,60.394124,11.258932
NSR:Quay:5494,Røisi,60.394073,11.258701
NSR:Quay:5496,Minnesund nord,60.400937,11.238729
NSR:Quay:5497,Minnesund nord,60.400946,11.23911
NSR:Quay:5498,Minnesund stasjon,60.397081,11.230514
NSR:Quay:5499,Minnesund stasjon,60.397048,11.230114
NSR:Quay:5500,Jaer skole,59.7918,10.690081
NSR:Quay:5501,Dal skole,60.254066,11.198282
NSR:Quay:5502,Dal skole,60.253366,11.19988
NSR:Quay:5503,Klippen,60.403643,11.257918
NSR:Quay:5504,Risengasletta,59.827724,10.437782
NSR:Quay:5505,Risengasletta,59.826756,10.436314
NSR:Quay:5506,Sollihøgda,60.406187,11.255735
NSR:Quay:5507,Jaer skole,59.791796,10.690641
NSR:Quay:5508,Dorr,60.400518,11.238914
NSR:Quay:5509,Dal,60.247789,11.199051
NSR:Quay:5510,Dal,60.24838,11.200336
NSR:Quay:5511,Letohallen,60.25004,11.17784
NSR:Quay:5513,Letohallen,60.249543,11.177248
NSR:Quay:5514,Fredtunveien,59.82796,10.436027
NSR:Quay:5515,Bjørgan,59.785917,10.68944
NSR:Quay:5516,Bjørgan,59.785905,10.689684
NSR:Quay:5519,Skogvegen,60.250847,11.19701
NSR:Quay:5520,Skogvegen,60.250841,11.196872
NSR:Quay:5521,Eidsvoll verk stasjon,60.287486,11.169692
NSR:Quay:5523,Lundsgutua,60.287519,11.165435
NSR:Quay:5524,Høn stasjon,59.843835,10.45638
NSR:Quay:5526,Håpet,60.291398,11.169662
NSR:Quay:5527,Håpet,60.290847,11.169542
NSR:Quay:5528,Råholt senter parkering,60.280901,11.17412
NSR:Quay:5529,Råholt senter parkering,60.280755,11.17402
NSR:Quay:5530,Østråt,59.791094,10.695247
NSR:Quay:5531,Hofstad skole,59.84714,10.470821
NSR:Quay:5532,Sundbyvegen,60.298267,11.168093
NSR:Quay:5533,Sundbyvegen,60.297381,11.168032
NSR:Quay:5534,Statsrådvegen,60.28339,11.151466
NSR:Quay:5535,Statsrådvegen,60.28335,11.151303
NSR:Quay:5536,Berntsengutua,60.287877,11.150554
NSR:Quay:5537,Berntsengutua,60.2879,11.150766
NSR:Quay:5538,Bomansvik,59.789406,10.699764
NSR:Quay:5539,Reistadlia,59.846145,10.473273
NSR:Quay:5541,Venger,60.301952,11.194645
NSR:Quay:5542,Venger,60.30187,11.194717
NSR:Quay:5543,Krystalldammen,59.781761,10.704128
NSR:Quay:5544,Øvre Grindaveg,60.28132,11.158374
NSR:Quay:5545,Øvre Grindaveg,60.281223,11.158281
NSR:Quay:5546,Undelstad terrasse,59.838985,10.459598
NSR:Quay:5548,Feiring kommunehus,60.48789,11.15708
NSR:Quay:5549,Feiring kommunehus,60.487232,11.156627
NSR:Quay:5550,Vakåsveien,59.85025,10.456592
NSR:Quay:5551,Granerud snuplass,59.77497,10.637408
NSR:Quay:5552,Granerud snuplass,59.775039,10.637856
NSR:Quay:5553,Baker Gulbrandsen,60.278369,11.177154
NSR:Quay:5554,Baker Gulbrandsen,60.27938,11.176915
NSR:Quay:5555,Disserud,60.504658,11.171363
NSR:Quay:5556,Disserud,60.504604,11.171052
NSR:Quay:5557,Klokkerjordet,59.8524,10.466662
NSR:Quay:5558,Råholt senter,60.281185,11.17525
NSR:Quay:5559,Råholt senter,60.281813,11.174944
NSR:Quay:5560,Hasle,59.777611,10.689402
NSR:Quay:5561,Hasle,59.777677,10.689617
NSR:Quay:5562,Flesvik,60.499623,11.163359
NSR:Quay:5563,Flesvik,60.499186,11.162112
NSR:Quay:5564,Søndre samfunn,60.284188,11.172406
NSR:Quay:5565,Søndre samfunn,60.283533,11.173324
NSR:Quay:5566,Jacob Neumanns vei,59.847865,10.45981
NSR:Quay:5567,Gullerud,59.771761,10.691167
NSR:Quay:5568,Gullerud,59.771047,10.690947
NSR:Quay:5569,Feiring skole,60.491687,11.156158
NSR:Quay:5570,Feiring skole,60.491836,11.156694
NSR:Quay:5571,Sagmoen,60.28941,11.155702
NSR:Quay:5572,Sagmoen,60.289468,11.1556
NSR:Quay:5573,Leangbukta,59.836184,10.469794
NSR:Quay:5574,Leangbukta,59.835502,10.470389
NSR:Quay:5575,Eidsvoll verk,60.301475,11.167377
NSR:Quay:5576,Eidsvoll verk,60.301695,11.167088
NSR:Quay:5577,Eidsvoll verk,60.301309,11.166688
NSR:Quay:5578,Blylaget,59.77703,10.706609
NSR:Quay:5579,Mattisholtet,60.290375,11.157831
NSR:Quay:5581,Torgunrud,60.523277,11.183521
NSR:Quay:5582,Torgunrud,60.522581,11.182915
NSR:Quay:5583,Hvile,59.832754,10.470451
NSR:Quay:5584,Hvile,59.83188,10.46874
NSR:Quay:5585,Svestadtoppen,59.778099,10.604765
NSR:Quay:5586,Overgangen,60.51436,11.175805
NSR:Quay:5587,Svestadtoppen,59.778598,10.604372
NSR:Quay:5588,Overgangen,60.51565,11.178758
NSR:Quay:5589,Feiring samvirkelag,60.482442,11.157709
NSR:Quay:5590,Feiring samvirkelag,60.482734,11.157969
NSR:Quay:5591,Eidsvoll verk nord,60.303547,11.167388
NSR:Quay:5592,Eidsvoll verk nord,60.303225,11.164424
NSR:Quay:5593,Vettre,59.828853,10.470957
NSR:Quay:5594,Vettre,59.828433,10.473477
NSR:Quay:5595,Vettre,59.828403,10.473069
NSR:Quay:5596,Vettre,59.828776,10.471476
NSR:Quay:5597,Svestadbakken,59.776348,10.599626
NSR:Quay:5598,Svestadbakken,59.776598,10.600238
NSR:Quay:5599,Rømmerudbakken,60.511215,11.173074
NSR:Quay:5600,Rømmerudbakken,60.512129,11.174075
NSR:Quay:5601,Hasselbakken,60.46313,11.182744
NSR:Quay:5602,Hasselbakken,60.463727,11.182655
NSR:Quay:5603,Melby,60.26378,11.329723
NSR:Quay:5604,Melby,60.264145,11.329546
NSR:Quay:5605,Aspelund,59.825105,10.468166
NSR:Quay:5606,Svestadveien,59.774715,10.594549
NSR:Quay:5607,Aspelund,59.823247,10.466342
NSR:Quay:5608,Svestadveien,59.77482,10.594417
NSR:Quay:5609,Bråeng,60.269056,11.326432
NSR:Quay:5610,Bråeng,60.268897,11.326387
NSR:Quay:5611,Eidsvoll vgs.,60.336273,11.262332
NSR:Quay:5612,Grendborgen,59.772518,10.593697
NSR:Quay:5613,Grendborgen,59.771782,10.59391
NSR:Quay:5614,Vilberg ungdomsskole,60.335364,11.261206
NSR:Quay:5615,Vettrelia,59.826918,10.467734
NSR:Quay:5616,Kirkebygda,60.480166,11.157196
NSR:Quay:5617,Kirkebygda,60.481188,11.157716
NSR:Quay:5618,Rogneskjær,59.767905,10.592674
NSR:Quay:5619,Sagsvingen,60.446681,11.193413
NSR:Quay:5620,Rogneskjær,59.768765,10.592754
NSR:Quay:5621,Sagsvingen,60.446928,11.193118
NSR:Quay:5622,Lindløkka,59.830609,10.45848
NSR:Quay:5623,Lindløkka,59.830605,10.458231
NSR:Quay:5624,Steindansen,60.288749,11.280406
NSR:Quay:5625,Steindansen,60.288697,11.280328
NSR:Quay:5627,Døli,60.269171,11.290249
NSR:Quay:5628,Døli,60.26939,11.29012
NSR:Quay:5629,Vettrekollen,59.825106,10.463507
NSR:Quay:5631,Nordre Spro,59.763997,10.590418
NSR:Quay:5632,Stensby,60.382693,11.195068
NSR:Quay:5633,Nordre Spro,59.764648,10.590482
NSR:Quay:5634,Stensby,60.383511,11.194704
NSR:Quay:5635,Tømtedalen,60.373179,11.202544
NSR:Quay:5636,Tømtedalen,60.373093,11.202313
NSR:Quay:5637,Tømtedalen,60.370901,11.203426
NSR:Quay:5638,Lokalet,60.278216,11.291354
NSR:Quay:5639,Lokalet,60.27936,11.290108
NSR:Quay:5640,Leangkollen,59.832985,10.466117
NSR:Quay:5641,Midtre Spro,59.759879,10.588693
NSR:Quay:5642,Leangkollen,59.832997,10.46588
NSR:Quay:5643,Julsrud,60.37829,11.199462
NSR:Quay:5644,Julsrud,60.378791,11.199293
NSR:Quay:5645,Bårstad,60.257865,11.297127
NSR:Quay:5646,Bårstad,60.257902,11.297303
NSR:Quay:5647,Granholt,59.860736,10.665488
NSR:Quay:5648,Granholt,59.861012,10.66548
NSR:Quay:5649,Strand,60.30651,11.275202
NSR:Quay:5650,Strand,60.305822,11.275583
NSR:Quay:5651,Blakstad bussterminal,59.819346,10.465322
NSR:Quay:5652,Blakstad bussterminal,59.819296,10.465274
NSR:Quay:5653,Blakstad bussterminal,59.819182,10.465202
NSR:Quay:5654,Blakstad bussterminal,59.819236,10.465234
NSR:Quay:5655,Bårliåsen,60.319414,11.262352
NSR:Quay:5656,Bårliåsen,60.318967,11.26314
NSR:Quay:5657,Sundet,60.329064,11.259409
NSR:Quay:5658,Sundet,60.328799,11.259715
NSR:Quay:5659,Søndre Spro,59.75877,10.587299
NSR:Quay:5660,Søndre Spro,59.757853,10.587663
NSR:Quay:5661,Wergelands gate,60.328913,11.2575
NSR:Quay:5662,Nedre Frydendal,59.842463,10.422842
NSR:Quay:5667,Vilberg,60.331183,11.261555
NSR:Quay:5668,Vilberg,60.33107,11.262411
NSR:Quay:5669,Biterudveien,59.840867,10.429762
NSR:Quay:5670,Biterudveien,59.841947,10.429389
NSR:Quay:5671,Vilberggarasjen,60.329301,11.26917
NSR:Quay:5672,Vilberggarasjen,60.329577,11.270428
NSR:Quay:5673,Store Rud,59.753612,10.59188
NSR:Quay:5674,Store Rud,59.753594,10.59163
NSR:Quay:5675,Gruemyra,60.324789,11.279408
NSR:Quay:5676,Gruemyra,60.323795,11.279437
NSR:Quay:5677,Frydendal,59.843599,10.4258
NSR:Quay:5678,Frydendal,59.843916,10.424497
NSR:Quay:5679,Elvik,60.322417,11.280467
NSR:Quay:5680,Elvik,60.321438,11.281157
NSR:Quay:5683,Rødvika,60.32878,11.124314
NSR:Quay:5684,Rødvika,60.328817,11.123998
NSR:Quay:5685,Hanevold,59.846061,10.423475
NSR:Quay:5686,Hanevold,59.845324,10.424596
NSR:Quay:5687,Nebbenes,60.312795,11.147491
NSR:Quay:5688,Nebbenes,60.313177,11.147228
NSR:Quay:5689,Sagvegen,60.297979,11.152154
NSR:Quay:5690,Sagvegen,60.297928,11.152292
NSR:Quay:5691,Gaupa,59.747637,10.59133
NSR:Quay:5692,Gaupa,59.747038,10.590673
NSR:Quay:5693,Stavivegen,60.302229,11.159776
NSR:Quay:5694,Stavivegen,60.302303,11.159666
NSR:Quay:5695,Vøyen,59.849439,10.420819
NSR:Quay:5696,Vøyen,59.8493,10.420859
NSR:Quay:5697,Ormlia,60.309057,11.149879
NSR:Quay:5698,Ormlia,60.309674,11.14939
NSR:Quay:5699,Solbakken,59.741439,10.591024
NSR:Quay:5700,Solbakken,59.740993,10.59188
NSR:Quay:5701,Haakens,60.304363,11.158319
NSR:Quay:5702,Haakens,60.304792,11.157405
NSR:Quay:5703,Solgården,59.849315,10.447105
NSR:Quay:5704,Solgården,59.849637,10.448368
NSR:Quay:5705,Bråtengutua,60.30178,11.147843
NSR:Quay:5706,Bråtengutua,60.301878,11.148009
NSR:Quay:5708,Fjell veiskille,59.794958,10.636911
NSR:Quay:5711,Asker kirke,59.842535,10.437208
NSR:Quay:5712,Styrilia,60.320943,11.294948
NSR:Quay:5713,Asker kirke,59.841757,10.435947
NSR:Quay:5714,Styrilia,60.321223,11.295144
NSR:Quay:5715,Åserud,60.319558,11.295034
NSR:Quay:5716,Åserud,60.319681,11.295176
NSR:Quay:5717,Lunner,59.791734,10.638035
NSR:Quay:5718,Lunner,59.791268,10.637665
NSR:Quay:5719,Ludvikbakken,60.316128,11.29586
NSR:Quay:5720,Ludvikbakken,60.316131,11.295984
NSR:Quay:5721,Asker museum,59.853647,10.455742
NSR:Quay:5722,Asker museum,59.853681,10.455524
NSR:Quay:5723,Fosserud,60.31344,11.298741
NSR:Quay:5724,Fosserud,60.313376,11.298642
NSR:Quay:5725,Fagerhøi,59.788601,10.637614
NSR:Quay:5726,Fagerhøi,59.788808,10.637716
NSR:Quay:5727,Eriksen,60.328387,11.293522
NSR:Quay:5728,Eriksen,60.32833,11.293465
NSR:Quay:5729,Asker stasjon,59.833503,10.434029
NSR:Quay:5730,Asker stasjon,59.833379,10.433852
NSR:Quay:5731,Asker stasjon,59.833206,10.433624
NSR:Quay:5732,Asker stasjon,59.832616,10.432819
NSR:Quay:5734,Asker stasjon,59.833654,10.434228
NSR:Quay:5735,Asker stasjon,59.833805,10.434431
NSR:Quay:5737,Grue,60.332735,11.289622
NSR:Quay:5738,Grue,60.332669,11.289541
NSR:Quay:5739,Nordre Granerud,59.785918,10.638344
NSR:Quay:5740,Nordre Granerud,59.786171,10.638633
NSR:Quay:5741,Dal stasjon,60.249075,11.203469
NSR:Quay:5742,Dal stasjon,60.248459,11.202147
NSR:Quay:5743,Hagaløkka,59.833157,10.423027
NSR:Quay:5744,Granerud bilverksted,59.782756,10.636391
NSR:Quay:5745,Hagaløkka,59.833471,10.424338
NSR:Quay:5746,Granerud bilverksted,59.782664,10.636179
NSR:Quay:5751,Søndre Granerud,59.780257,10.636995
NSR:Quay:5752,Rødhettes vei,59.821795,10.423149
NSR:Quay:5753,Søndre Granerud,59.780265,10.637121
NSR:Quay:5754,Skovseth,60.339071,11.28606
NSR:Quay:5755,Skovseth,60.339599,11.288034
NSR:Quay:5756,Borgen skole,59.826705,10.421412
NSR:Quay:5757,Nesodden kirke,59.806433,10.690489
NSR:Quay:5758,Nesodden kirke,59.805546,10.688842
NSR:Quay:5759,Borgen skole,59.826074,10.422426
NSR:Quay:5760,Nesodden kirke,59.80582,10.690413
NSR:Quay:5761,Nesodden kirke,59.805482,10.689429
NSR:Quay:5762,Hagan,60.343048,11.290536
NSR:Quay:5763,Hagan,60.342842,11.290091
NSR:Quay:5764,Gustav Wentzels vei,59.830471,10.420222
NSR:Quay:5765,Helge Neumanns veg,60.335339,11.26604
NSR:Quay:5766,Helge Neumanns veg,60.335272,11.26638
NSR:Quay:5767,Svae,59.805553,10.681745
NSR:Quay:5768,Svae,59.805495,10.681871
NSR:Quay:5769,Vilberg helsetun,60.333963,11.2677
NSR:Quay:5770,Fredbos vei,59.831703,10.425397
NSR:Quay:5771,Smia,59.805275,10.678598
NSR:Quay:5774,Smia,59.8052,10.678432
NSR:Quay:5775,Askeladdveien,59.823784,10.426522
NSR:Quay:5776,Askeladdveien,59.822855,10.426795
NSR:Quay:5777,Lars Tønsagers veg,60.33556,11.269022
NSR:Quay:5778,Lars Tønsagers veg,60.33562,11.269889
NSR:Quay:5779,Sydhagen,59.803802,10.672692
NSR:Quay:5780,Sydhagen,59.803853,10.672628
NSR:Quay:5781,Bønsdalen,60.287185,11.188846
NSR:Quay:5782,Bønsdalen,60.287172,11.188568
NSR:Quay:5783,Rønningen skole,59.819451,10.428388
NSR:Quay:5784,Rønningen skole,59.819259,10.428364
NSR:Quay:5785,Bønsmovegen,60.285654,11.178648
NSR:Quay:5786,Rudsborg,59.800827,10.691315
NSR:Quay:5787,Bønsmovegen,60.285776,11.178433
NSR:Quay:5788,Rudsborg,59.800198,10.690835
NSR:Quay:5789,Råholthallen,60.283951,11.171073
NSR:Quay:5790,Østhellinga,59.816566,10.430405
NSR:Quay:5791,Østhellinga,59.816448,10.430336
NSR:Quay:5792,Jaer gård,59.794522,10.691084
NSR:Quay:5793,Jaer gård,59.794168,10.690572
NSR:Quay:5794,Barlindbekken,59.814231,10.427957
NSR:Quay:5795,Oksval,59.855344,10.670549
NSR:Quay:5796,Oksval,59.855619,10.670053
NSR:Quay:5797,Bøn sykehjem,60.290635,11.20374
NSR:Quay:5798,Vassbunnsvingen,59.81852,10.431953
NSR:Quay:5799,Grøndahls vei,59.852392,10.671354
NSR:Quay:5800,Grøndahls vei,59.852187,10.671764
NSR:Quay:5801,Korslund,60.110645,11.04954
NSR:Quay:5802,Korslund,60.110393,11.049819
NSR:Quay:5803,Korslund,60.110665,11.050242
NSR:Quay:5804,Ridderkleiva,59.821672,10.448029
NSR:Quay:5805,Døhlen,60.11211,11.038671
NSR:Quay:5806,Døhlen,60.112031,11.038682
NSR:Quay:5807,Dalsbergstien,59.848048,10.671651
NSR:Quay:5808,Dalsbergstien,59.848628,10.671708
NSR:Quay:5809,Bondi sykehjem,59.82202,10.438361
NSR:Quay:5810,Finstad skole,60.118853,11.031169
NSR:Quay:5811,Finstad skole,60.119581,11.031247
NSR:Quay:5812,Flateby,59.826589,10.679379
NSR:Quay:5813,Flateby,59.827548,10.679301
NSR:Quay:5814,Brotno,60.114935,11.03229
NSR:Quay:5815,Brotno,60.114836,11.03217
NSR:Quay:5816,Bondi skole,59.823525,10.435719
NSR:Quay:5817,Bondi skole,59.82266,10.435904
NSR:Quay:5818,Solbergtoppen,59.821018,10.682364
NSR:Quay:5820,Finstad sameie,60.112309,11.034243
NSR:Quay:5821,Finstad sameie,60.111792,11.034385
NSR:Quay:5822,Finstad sameie,60.112905,11.032958
NSR:Quay:5823,Åbyfaret,59.823839,10.464037
NSR:Quay:5825,Sørby,59.819459,10.682388
NSR:Quay:5826,Kringlertoppen,60.232451,10.981691
NSR:Quay:5827,Kringlertoppen,60.232805,10.98267
NSR:Quay:5828,Bondibrua,59.818258,10.439841
NSR:Quay:5829,Bondibrua,59.818088,10.439554
NSR:Quay:5830,Røer gård,59.815136,10.684555
NSR:Quay:5832,Kringler syd,60.228403,10.97741
NSR:Quay:5833,Kringler syd,60.228425,10.977238
NSR:Quay:5834,Gullhella sykehjem,59.814549,10.44597
NSR:Quay:5835,Gullhella sykehjem,59.814749,10.44652
NSR:Quay:5836,Lovisenlund,59.812599,10.687399
NSR:Quay:5837,Lovisenlund,59.813526,10.686674
NSR:Quay:5838,Kringler gamle skole,60.223397,10.971528
NSR:Quay:5839,Kringler gamle skole,60.223274,10.97153
NSR:Quay:5840,Erlands vei,59.811535,10.459397
NSR:Quay:5841,Erlands vei,59.812023,10.455382
NSR:Quay:5842,Furuheim,60.221116,10.966957
NSR:Quay:5843,Furuheim,60.221504,10.967904
NSR:Quay:5844,Torget,59.810269,10.690011
NSR:Quay:5845,Torget,59.810286,10.6897
NSR:Quay:5846,Eskerud,60.219388,10.963258
NSR:Quay:5847,Eskerud,60.219454,10.963604
NSR:Quay:5848,Skogheim,59.737366,10.594738
NSR:Quay:5849,Skogheim,59.737376,10.594646
NSR:Quay:5850,Nordbykrysset,60.217013,10.960488
NSR:Quay:5851,Nordbykrysset,60.217105,10.960445
NSR:Quay:5852,Jørgens vei,59.812083,10.450203
NSR:Quay:5853,Jørgens vei,59.810837,10.449173
NSR:Quay:5854,Jørgens vei,59.811727,10.45127
NSR:Quay:5855,Kringler bru,60.236481,10.99173
NSR:Quay:5856,Kringler bru,60.23656,10.991832
NSR:Quay:5857,Bergheim,59.741236,10.599527
NSR:Quay:5858,Bergheim,59.740682,10.597968
NSR:Quay:5859,Skjennum gård,60.232486,10.998175
NSR:Quay:5861,Skjennum gård,60.232801,10.997969
NSR:Quay:5862,Blakstad hageby,59.816335,10.466154
NSR:Quay:5863,Blakstad hageby,59.816099,10.465835
NSR:Quay:5864,Nygård,59.743529,10.604553
NSR:Quay:5865,Nygård,59.742529,10.602794
NSR:Quay:5866,Bjørke gård,60.23503,11.008379
NSR:Quay:5867,Bjørke gård,60.235017,11.009728
NSR:Quay:5868,Vardåsen,59.813117,10.375264
NSR:Quay:5869,Hagamoen,60.130087,11.059665
NSR:Quay:5870,Hagamoen,60.130163,11.059636
NSR:Quay:5871,Gjøfjell,59.745692,10.609121
NSR:Quay:5872,Gjøfjell,59.745359,10.608046
NSR:Quay:5873,Slemdal,60.123065,11.058144
NSR:Quay:5874,Slemdal,60.122918,11.058299
NSR:Quay:5875,Brendsrudroa,59.829545,10.398602
NSR:Quay:5876,Myklerud,59.747229,10.614298
NSR:Quay:5877,Myklerud,59.747519,10.6136
NSR:Quay:5878,Låvegghellinga,60.11532,11.0565
NSR:Quay:5879,Låvegghellinga,60.115217,11.056688
NSR:Quay:5880,Oppsjøsvingen,59.817542,10.381487
NSR:Quay:5881,Munkerud,59.749053,10.631802
NSR:Quay:5882,Munkerud,59.748573,10.631542
NSR:Quay:5883,Haugerud,60.113617,11.050889
NSR:Quay:5884,Haugerud,60.113879,11.051082
NSR:Quay:5885,Ånnerudjordet,59.831732,10.407754
NSR:Quay:5886,Gamle Eltonveg,60.137068,11.055733
NSR:Quay:5887,Gamle Eltonveg,60.136835,11.056404
NSR:Quay:5888,Gamle Eltonveg,60.13668,11.056017
NSR:Quay:5889,Gamle Eltonveg,60.136757,11.056181
NSR:Quay:5890,Fredbostubben,59.747453,10.625292
NSR:Quay:5891,Fredbostubben,59.747579,10.621588
NSR:Quay:5892,Gutugropa,60.133269,11.063308
NSR:Quay:5893,Gutugropa,60.133192,11.063114
NSR:Quay:5894,Oreholtet,59.830725,10.417737
NSR:Quay:5895,Oreholtet,59.83057,10.417067
NSR:Quay:5896,Grani,60.12443,11.029858
NSR:Quay:5897,Grani,60.125002,11.02996
NSR:Quay:5899,Gangfløtt,60.130457,11.028551
NSR:Quay:5900,Gangfløtt,60.130061,11.028439
NSR:Quay:5902,Svestad gård,59.766327,10.63638
NSR:Quay:5903,Svestad gård,59.76658,10.636681
NSR:Quay:5904,Eltonåsen,60.136831,11.022972
NSR:Quay:5905,Eltonåsen,60.136748,11.022817
NSR:Quay:5906,Eltonåsen,60.136799,11.022908
NSR:Quay:5908,Kløfta veiskille,59.75167,10.636273
NSR:Quay:5909,Kløfta veiskille,59.751724,10.63615
NSR:Quay:5910,Eltonåsen skole,60.13167,11.014821
NSR:Quay:5911,Bekkevar,60.151907,11.004441
NSR:Quay:5912,Bekkevar,60.152067,11.004613
NSR:Quay:5913,Askervangen,59.83493,10.416838
NSR:Quay:5914,Sørli,59.816357,10.629669
NSR:Quay:5915,Sørli,59.816097,10.62945
NSR:Quay:5916,Trøgstadberget,60.148409,11.008507
NSR:Quay:5917,Trøgstadberget,60.148459,11.008617
NSR:Quay:5918,Drengsrud skole,59.828542,10.407859
NSR:Quay:5919,Drengsrud skole,59.828746,10.408146
NSR:Quay:5920,Ellingstad,59.806036,10.624238
NSR:Quay:5921,Ellingstad,59.806481,10.624812
NSR:Quay:5922,Rovold,60.145179,11.01193
NSR:Quay:5923,Rovold,60.145361,11.011863
NSR:Quay:5924,Måsankroken,59.826775,10.401003
NSR:Quay:5925,Måsankroken,59.827115,10.401269
NSR:Quay:5926,Håkenstad,60.14291,11.016141
NSR:Quay:5927,Håkenstad,60.142857,11.016039
NSR:Quay:5928,Ellingstadåsen,59.803021,10.618796
NSR:Quay:5929,Ellingstadåsen,59.80395,10.620896
NSR:Quay:5930,Holter sag,60.13954,11.016337
NSR:Quay:5931,Holter sag,60.138477,11.017782
NSR:Quay:5932,Måsan,59.824215,10.394008
NSR:Quay:5933,Måsan,59.824369,10.395137
NSR:Quay:5934,Agnor veiskille,59.727635,10.612315
NSR:Quay:5935,Løkendalen,60.137963,11.041818
NSR:Quay:5936,Trollstua,59.822139,10.388668
NSR:Quay:5937,Trollstua,59.822609,10.3904
NSR:Quay:5938,Labråtstubben,59.730441,10.605709
NSR:Quay:5939,Labråtstubben,59.730763,10.605205
NSR:Quay:5940,Irisvegen,60.137802,11.044824
NSR:Quay:5941,Irisvegen,60.137747,11.04517
NSR:Quay:5942,Gulbrandsrud,60.141077,11.051558
NSR:Quay:5943,Gulbrandsrud,60.141101,11.051732
NSR:Quay:5944,Vardåsen skole,59.819575,10.38159
NSR:Quay:5945,Labråteveien,59.733325,10.598062
NSR:Quay:5946,Labråteveien,59.732346,10.600227
NSR:Quay:5947,Løken skole,60.139494,11.053748
NSR:Quay:5948,Sportstuen,59.819674,10.381442
NSR:Quay:5949,Sportstuen,59.820498,10.382488
NSR:Quay:5950,Sportstuen,59.82025,10.380972
NSR:Quay:5951,Fagerstrand,59.73391,10.586545
NSR:Quay:5952,Nedre Harstad gård,60.143153,11.024126
NSR:Quay:5953,Nedre Harstad gård,60.143218,11.024338
NSR:Quay:5954,Fagerli,60.154695,11.030729
NSR:Quay:5955,Fagerli,60.155308,11.030391
NSR:Quay:5957,Svinesjøen,59.821026,10.371775
NSR:Quay:5959,Svinesjøen,59.821264,10.372277
NSR:Quay:5962,Gjersjø bru,59.809664,10.77559
NSR:Quay:5964,Engelsrud,59.819782,10.365904
NSR:Quay:5965,Engelsrud,59.819935,10.366016
NSR:Quay:5966,Erpestad,60.15343,11.032978
NSR:Quay:5967,Erpestad,60.153526,11.032909
NSR:Quay:5968,Erpestadhellinga,60.153118,11.035793
NSR:Quay:5969,Erpestadhellinga,60.153208,11.035774
NSR:Quay:5970,Lienga,59.818215,10.782228
NSR:Quay:5971,Lienga,59.818503,10.783609
NSR:Quay:5972,Høymyrmarka,59.787295,10.478921
NSR:Quay:5973,Holterdalen,60.15074,11.041327
NSR:Quay:5974,Holterdalen,60.150794,11.041405
NSR:Quay:5975,Hvitebjørnveien,59.81989,10.773028
NSR:Quay:5979,Holkebylia,60.267528,11.039701
NSR:Quay:5980,Holkebylia,60.267512,11.039876
NSR:Quay:5981,Mastemyr,59.815485,10.784527
NSR:Quay:5982,Orrhanevegen,60.263987,11.04149
NSR:Quay:5984,Orrhanevegen,60.263967,11.04134
NSR:Quay:5985,Røyvegen,60.262304,11.039972
NSR:Quay:5986,Røyvegen,60.261914,11.038009
NSR:Quay:5987,Trollåsen,59.818702,10.778545
NSR:Quay:5988,Trollåsen,59.817727,10.777143
NSR:Quay:5989,Arnestad,59.802406,10.4864
NSR:Quay:5990,Arnestad,59.80388,10.487545
NSR:Quay:5991,Stensethagan,60.25997,11.035364
NSR:Quay:5992,Stensethagan,60.25983,11.035708
NSR:Quay:5993,Sagveien,59.814206,10.77629
NSR:Quay:5995,Sagveien,59.81329,10.776263
NSR:Quay:5996,Kløvberget,60.270074,11.042703
NSR:Quay:5997,Elnes,59.796719,10.48744
NSR:Quay:5998,Elnes,59.797337,10.487453
NSR:Quay:5999,Damvegen,60.174453,10.985076
NSR:Quay:6000,Damvegen,60.174885,10.98558
NSR:Quay:6001,Håkavik,59.800208,10.487703
NSR:Quay:6002,Håkavik,59.799076,10.487451
NSR:Quay:6003,Oppegård næringspark,59.810437,10.77707
NSR:Quay:6004,Oppegård næringspark,59.810818,10.776984
NSR:Quay:6005,Slattumhagen,60.170876,10.987739
NSR:Quay:6006,Slattumhagen,60.171163,10.986368
NSR:Quay:6007,Bjerkås,59.792921,10.486236
NSR:Quay:6008,Bjerkås,59.791558,10.486083
NSR:Quay:6009,Gjersjøen,59.808627,10.779559
NSR:Quay:6010,Gjersjøen,59.807675,10.779849
NSR:Quay:6011,Austaddalsvegen,60.171024,10.990172
NSR:Quay:6013,Fevikshagan,60.168714,10.992377
NSR:Quay:6014,Ingierodden,59.805112,10.782727
NSR:Quay:6015,Fevikshagan,60.168657,10.992205
NSR:Quay:6016,Ingierodden,59.806116,10.781091
NSR:Quay:6018,Ramstad,60.163743,10.994184
NSR:Quay:6019,Ramstad,60.164634,10.994021
NSR:Quay:6020,Ingierkollveien,59.807379,10.792292
NSR:Quay:6021,Ingierkollveien,59.807719,10.792718
NSR:Quay:6022,Vollen,59.807401,10.489411
NSR:Quay:6025,Kolbotn torg,59.810818,10.798008
NSR:Quay:6026,Kolbotn torg,59.811423,10.7986
NSR:Quay:6028,Vollen,59.807026,10.488534
NSR:Quay:6029,Bjerkek,60.159107,10.998615
NSR:Quay:6030,Bjerkek,60.159336,10.997886
NSR:Quay:6033,Høybråten,60.15683,11.001088
NSR:Quay:6034,Høybråten,60.156953,11.00111
NSR:Quay:6035,Ingolfs vei,59.81774,10.365461
NSR:Quay:6036,Ingolfs vei,59.81698,10.365346
NSR:Quay:6037,Mellomveien,59.819664,10.805237
NSR:Quay:6038,Mellomveien,59.8198,10.805299
NSR:Quay:6039,Knevelsrud,60.16088,10.996523
NSR:Quay:6040,Knevelsrud,60.160764,10.996486
NSR:Quay:6041,Vollen,59.806562,10.486212
NSR:Quay:6042,Vollen,59.806402,10.48605
NSR:Quay:6043,Skogkanten,59.816548,10.80441
NSR:Quay:6044,Skogkanten,59.816359,10.804418
NSR:Quay:6045,Kringler-Slattum skole,60.171305,10.994404
NSR:Quay:6046,Skjæret,59.810823,10.484234
NSR:Quay:6047,Skjæret,59.811373,10.484119
NSR:Quay:6048,Sandsnesseter,60.340904,11.01885
NSR:Quay:6049,Sandsnesseter,60.340935,11.019073
NSR:Quay:6050,Kolbotn gravlund,59.820852,10.789703
NSR:Quay:6051,Kolbotn gravlund,59.820682,10.789854
NSR:Quay:6053,Nordli,60.336549,11.025419
NSR:Quay:6054,Nordli,60.336705,11.025289
NSR:Quay:6055,Trollåsveien,59.818014,10.787399
NSR:Quay:6056,Trollåsveien,59.818404,10.787469
NSR:Quay:6057,Sjøvollveien,59.813949,10.478492
NSR:Quay:6058,Sjøvollveien,59.814691,10.478259
NSR:Quay:6059,Granli,60.334931,11.02945
NSR:Quay:6060,Granli,60.335029,11.029434
NSR:Quay:6062,Ingier bru,59.826048,10.768796
NSR:Quay:6063,Skjebindertangen,60.328935,11.057758
NSR:Quay:6064,Skjebindertangen,60.329145,11.057667
NSR:Quay:6065,Grobråtenveien syd,59.811186,10.365343
NSR:Quay:6066,Grobråtenveien syd,59.810347,10.365593
NSR:Quay:6067,Bestemorstranda,59.825614,10.758909
NSR:Quay:6069,Sandsnes gård,60.319919,11.066526
NSR:Quay:6070,Sandsnes gård,60.319785,11.066491
NSR:Quay:6071,Furua,59.816222,10.475295
NSR:Quay:6072,Furua,59.816413,10.475748
NSR:Quay:6074,Sandbukta,59.82207,10.754596
NSR:Quay:6075,Engelstadkorset,60.187925,11.02364
NSR:Quay:6076,Engelstadkorset,60.18826,11.023159
NSR:Quay:6077,Dikemark,59.805831,10.372295
NSR:Quay:6078,Dikemark,59.805683,10.372247
NSR:Quay:6079,Ingierstrand,59.816881,10.749012
NSR:Quay:6081,Engelstad,60.190897,11.032738
NSR:Quay:6082,Engelstad,60.191604,11.034122
NSR:Quay:6083,Engelstad,60.191272,11.033406
NSR:Quay:6084,Engelstad,60.191253,11.034887
NSR:Quay:6085,Eriksrud,59.804143,10.382469
NSR:Quay:6086,Eriksrud,59.804315,10.383571
NSR:Quay:6088,Linnebukta,59.813707,10.74616
NSR:Quay:6089,Ukkestadkrysset,60.179826,11.027656
NSR:Quay:6090,Ukkestadkrysset,60.18033,11.026969
NSR:Quay:6093,Strandkollen,59.808921,10.742553
NSR:Quay:6095,Ukkestad meieri,60.173399,11.028562
NSR:Quay:6096,Ukkestad meieri,60.173244,11.028471
NSR:Quay:6097,Solberg skole,59.804937,10.392364
NSR:Quay:6098,Solberg skole,59.8048,10.391012
NSR:Quay:6099,Ukkestadbrua,60.16985,11.030271
NSR:Quay:6101,Strandskogen,59.801724,10.736378
NSR:Quay:6102,Strømnesveien,59.805886,10.398793
NSR:Quay:6103,Strømnesveien,59.805906,10.396615
NSR:Quay:6104,Engelstad østre,60.194204,11.031236
NSR:Quay:6105,Engelstad østre,60.194247,11.031341
NSR:Quay:6107,Prosted,59.795464,10.735112
NSR:Quay:6108,Enger,60.200851,11.034675
NSR:Quay:6109,Enger,60.200781,11.034538
NSR:Quay:6110,Hauger,59.806566,10.40858
NSR:Quay:6111,Hauger,59.806294,10.409787
NSR:Quay:6113,Bekkensten,59.791886,10.734541
NSR:Quay:6114,Bidsler,60.202318,11.034093
NSR:Quay:6115,Bidsler,60.202361,11.034208
NSR:Quay:6116,Vinnulstad,59.803803,10.416745
NSR:Quay:6117,Vinnulstad,59.802653,10.41759
NSR:Quay:6118,Svartskogtoppen,59.788601,10.761527
NSR:Quay:6119,Svartskogtoppen,59.792355,10.760078
NSR:Quay:6120,Myreng,60.203251,11.028112
NSR:Quay:6121,Myreng,60.203201,11.028455
NSR:Quay:6122,Bråte bru,59.800221,10.420259
NSR:Quay:6123,Bråte bru,59.799365,10.421007
NSR:Quay:6124,Engelsrud,60.208468,11.023434
NSR:Quay:6125,Engelsrud,60.20858,11.023241
NSR:Quay:6126,Rødstenåsen,59.783661,10.74156
NSR:Quay:6128,Skjellestad,59.795839,10.428187
NSR:Quay:6129,Skjellestad,59.796272,10.42668
NSR:Quay:6130,Hegli,60.210682,11.015063
NSR:Quay:6131,Hegli,60.210792,11.015063
NSR:Quay:6134,Svartskog,59.782819,10.738594
NSR:Quay:6135,Møllerstua,60.190879,10.97513
NSR:Quay:6136,Sætreveien,59.791402,10.431451
NSR:Quay:6137,Møllerstua,60.190699,10.975562
NSR:Quay:6138,Sætreveien,59.79041,10.432916
NSR:Quay:6140,Gartnerboligen,59.78006,10.745021
NSR:Quay:6141,Langerud,60.189015,10.97789
NSR:Quay:6142,Langerud,60.189081,10.97796
NSR:Quay:6143,Heggedal stasjon,59.78718,10.43228
NSR:Quay:6144,Heggedal stasjon,59.787425,10.43265
NSR:Quay:6145,Oppegård kirke,59.778618,10.751281
NSR:Quay:6147,Svingen,60.187547,10.98076
NSR:Quay:6148,Svingen,60.187757,10.980288
NSR:Quay:6149,Heggedal sentrum,59.787479,10.436175
NSR:Quay:6150,Heggedal sentrum,59.786871,10.437693
NSR:Quay:6151,Årstad,60.186092,10.984142
NSR:Quay:6152,Årstad,60.185784,10.984402
NSR:Quay:6153,Bekkenstenveien,59.780393,10.753614
NSR:Quay:6155,Hovedgården,59.785625,10.437012
NSR:Quay:6156,Klippen,60.182532,10.988326
NSR:Quay:6157,Klippen,60.182539,10.988458
NSR:Quay:6158,Kloppedalen,59.786937,10.442419
NSR:Quay:6159,Kloppedalen,59.787079,10.443597
NSR:Quay:6161,Østre Oppegård,59.783884,10.755052
NSR:Quay:6162,Nordbyteiet,60.179223,10.987892
NSR:Quay:6163,Nordbyteiet,60.179072,10.987744
NSR:Quay:6164,Eid,59.806342,10.445766
NSR:Quay:6165,Eid,59.80531,10.444329
NSR:Quay:6167,Lerskallen,59.786851,10.759673
NSR:Quay:6168,Evangeliehuset,60.176949,10.986728
NSR:Quay:6169,Evangeliehuset,60.176969,10.986615
NSR:Quay:6170,Tåsengata,59.800343,10.445788
NSR:Quay:6171,Tåsengata,59.799396,10.445622
NSR:Quay:6172,Åsen,59.791629,10.763015
NSR:Quay:6173,Melbybyen,60.213149,10.955475
NSR:Quay:6175,Melbybyen,60.213312,10.955807
NSR:Quay:6176,Guibekken,59.795425,10.447003
NSR:Quay:6177,Guibekken,59.794218,10.446493
NSR:Quay:6178,Skogtun,60.210824,10.951044
NSR:Quay:6179,Skogtun,60.210152,10.950531
NSR:Quay:6180,Sandvadtoppen,59.796824,10.767479
NSR:Quay:6182,Heggedal skole,59.791367,10.446311
NSR:Quay:6183,Heggedal skole,59.791517,10.446088
NSR:Quay:6184,Bråtan,59.794854,10.766537
NSR:Quay:6186,Rustadsaga,60.206665,10.949252
NSR:Quay:6187,Rustadsaga,60.20657,10.948968
NSR:Quay:6188,Lunde,60.203199,10.947527
NSR:Quay:6189,Kolbotn stasjon,59.811189,10.800962
NSR:Quay:6190,Lunde,60.203417,10.94746
NSR:Quay:6191,Kolbotn stasjon,59.811329,10.8009
NSR:Quay:6193,Steinmo,60.202276,10.949877
NSR:Quay:6194,Steinmo,60.202069,10.95058
NSR:Quay:6197,Kolbotn sentrum,59.81063,10.80389
NSR:Quay:6198,Kolbotn sentrum,59.810487,10.804281
NSR:Quay:6199,Svenneby,60.199682,10.958508
NSR:Quay:6200,Svenneby,60.20034,10.95706
NSR:Quay:6202,Kolbotnkrysset,59.809836,10.806325
NSR:Quay:6203,Kolbotnkrysset,59.809743,10.806078
NSR:Quay:6204,Oserud,60.19611,10.966206
NSR:Quay:6205,Oserud,60.195886,10.966193
NSR:Quay:6208,Nordberg,59.805691,10.807186
NSR:Quay:6209,Nordberg,59.805937,10.806864
NSR:Quay:6210,Kopperud gård,60.193497,10.97093
NSR:Quay:6211,Kopperud gård,60.193037,10.971914
NSR:Quay:6212,Østliveien,59.786414,10.448505
NSR:Quay:6213,Østliveien,59.787109,10.4488
NSR:Quay:6214,Nordberg,59.805364,10.805263
NSR:Quay:6215,Nordberg,59.805608,10.805628
NSR:Quay:6216,Røtterud,60.198093,10.962722
NSR:Quay:6217,Røtterud,60.198299,10.962379
NSR:Quay:6219,Frøyas vei,59.80401,10.812636
NSR:Quay:6220,Frøyas vei,59.804208,10.812253
NSR:Quay:6221,Låke,60.207953,10.998849
NSR:Quay:6222,Låke,60.208012,10.998527
NSR:Quay:6227,Ødegården,59.801944,10.818749
NSR:Quay:6228,Ødegården,59.802103,10.818768
NSR:Quay:6229,Nannestad torg,60.219848,11.013791
NSR:Quay:6230,Nannestad torg,60.219913,11.013327
NSR:Quay:6231,Nannestad torg,60.219872,11.013628
NSR:Quay:6232,Nannestad torg,60.219893,11.013477
NSR:Quay:6235,Jotunveien,59.805239,10.816984
NSR:Quay:6236,Jotunveien,59.805023,10.816754
NSR:Quay:6237,Bygdehuset,60.214893,11.006885
NSR:Quay:6238,Bygdehuset,60.214164,11.005189
NSR:Quay:6239,H. Stordalens vei,59.783805,10.446276
NSR:Quay:6240,H. Stordalens vei,59.783622,10.447753
NSR:Quay:6241,Nannestad meieri,60.209799,10.998741
NSR:Quay:6242,Gautes vei,59.80836,10.816826
NSR:Quay:6243,Nannestad meieri,60.209726,10.998505
NSR:Quay:6244,Gautes vei,59.808058,10.817038
NSR:Quay:6245,Forsøksgården,59.783348,10.452593
NSR:Quay:6246,Forsøksgården,59.783401,10.452923
NSR:Quay:6247,Alderspensjonatet,60.203739,10.999018
NSR:Quay:6248,Alderspensjonatet,60.204712,10.999222
NSR:Quay:6249,Huldrefaret,59.811081,10.81725
NSR:Quay:6250,Huldrefaret,59.810986,10.817113
NSR:Quay:6251,Rustadgrenda,59.781746,10.466985
NSR:Quay:6252,Kjos,60.198502,11.005549
NSR:Quay:6253,Kjos,60.198795,11.005522
NSR:Quay:6254,Tårnlia,59.814292,10.817478
NSR:Quay:6255,Tårnlia,59.814562,10.817311
NSR:Quay:6256,Torpveien,59.781044,10.459197
NSR:Quay:6257,Torpveien,59.781461,10.458461
NSR:Quay:6258,Ånesrud,60.19592,11.01116
NSR:Quay:6259,Ånesrud,60.196036,11.011203
NSR:Quay:6261,Høymyrfjellet,59.78229,10.469484
NSR:Quay:6262,Høymyrfjellet,59.782265,10.469355
NSR:Quay:6263,Tårnåsen,59.817437,10.815903
NSR:Quay:6264,Tårnåsen,59.817403,10.816558
NSR:Quay:6265,Nygårdstoppen,60.191416,11.019899
NSR:Quay:6266,Nygårdstoppen,60.191723,11.018989
NSR:Quay:6267,Torpstubben nedre,59.7876,10.473707
NSR:Quay:6268,Høyås,59.819195,10.814053
NSR:Quay:6269,Høyås,59.819775,10.814122
NSR:Quay:6270,Nannestad sykehjem,60.221807,11.01985
NSR:Quay:6271,Nannestad sykehjem,60.221722,11.020116
NSR:Quay:6272,Torpstubben øvre,59.785779,10.470285
NSR:Quay:6275,Torpfjellet,59.786632,10.47574
NSR:Quay:6276,Solbråtan stasjon,59.80044,10.804815
NSR:Quay:6277,Solbråtan stasjon,59.801288,10.804765
NSR:Quay:6279,Bjerkåsmarka,59.790167,10.487252
NSR:Quay:6280,HV-huset,59.794788,10.805188
NSR:Quay:6281,HV-huset,59.795296,10.80514
NSR:Quay:6282,Møllerstad,60.223305,11.0844
NSR:Quay:6283,Lomsnes,59.919877,11.386374
NSR:Quay:6284,Sofiemyråsen,59.793692,10.811612
NSR:Quay:6285,Sofiemyråsen,59.793333,10.810901
NSR:Quay:6287,Ekeberg,59.93112,11.384287
NSR:Quay:6288,Ekeberg,59.931182,11.384274
NSR:Quay:6289,Granholtet,59.792499,10.81791
NSR:Quay:6290,Granholtet,59.793255,10.819033
NSR:Quay:6291,Granholtet,59.792172,10.818545
NSR:Quay:6292,Granholtet,59.792618,10.816477
NSR:Quay:6293,Gunhildrud,60.225855,11.051136
NSR:Quay:6294,Gunhildrud,60.225964,11.053351
NSR:Quay:6295,Korsmo,59.933432,11.39694
NSR:Quay:6296,Korsmo,59.933343,11.396988
NSR:Quay:6297,Taraldrudveien,59.796133,10.819919
NSR:Quay:6298,Taraldrudveien,59.79643,10.820141
NSR:Quay:6299,Holter kirke,60.145019,11.047804
NSR:Quay:6300,Holter kirke,60.145071,11.047957
NSR:Quay:6304,Fløysbonn,59.799601,10.819731
NSR:Quay:6305,Fløysbonn,59.799849,10.819886
NSR:Quay:6306,Fosser,59.819942,11.486164
NSR:Quay:6307,Leirbekken,60.194649,11.016465
NSR:Quay:6308,Leirbekken,60.194553,11.016519
NSR:Quay:6309,Rognebærlia,59.788568,10.816563
NSR:Quay:6310,Rognebærlia,59.788557,10.816821
NSR:Quay:6311,Fosser gård,59.821006,11.499574
NSR:Quay:6313,Nordmokorset,60.253568,11.100499
NSR:Quay:6314,Blåbærskogen,59.786738,10.813564
NSR:Quay:6315,Blåbærskogen,59.786978,10.810654
NSR:Quay:6316,Kingsrud,59.827622,11.506239
NSR:Quay:6317,Kingsrud,59.827602,11.50636
NSR:Quay:6318,Snathaugen,60.253195,11.083201
NSR:Quay:6319,Snathaugen,60.253238,11.08289
NSR:Quay:6320,Østli,59.786719,10.806089
NSR:Quay:6321,Østli,59.786762,10.807811
NSR:Quay:6322,Rud,59.866446,11.530444
NSR:Quay:6323,Sørmoen,60.249161,11.095172
NSR:Quay:6324,Sørmoen,60.249267,11.095435
NSR:Quay:6327,Klava gård,59.83724,11.515965
NSR:Quay:6328,Klava gård,59.837254,11.515842
NSR:Quay:6329,Grasmo,60.236957,11.090819
NSR:Quay:6330,Grasmo,60.23644,11.089894
NSR:Quay:6331,Grasmo,60.236364,11.090339
NSR:Quay:6332,Myrvoll stasjon,59.787415,10.802339
NSR:Quay:6333,Myrvoll stasjon,59.787111,10.802605
NSR:Quay:6334,Klava skole,59.836858,11.520954
NSR:Quay:6335,Klava skole,59.836951,11.521002
NSR:Quay:6336,Snathauglia,60.253805,11.088311
NSR:Quay:6337,Snathauglia,60.253736,11.088426
NSR:Quay:6338,Jerpeleina,59.778742,10.801556
NSR:Quay:6339,Jerpeleina,59.779508,10.801333
NSR:Quay:6340,Brangerud,59.833797,11.485578
NSR:Quay:6341,Brangerud,59.833936,11.485227
NSR:Quay:6342,Grasmogrenda nord,60.235505,11.085409
NSR:Quay:6343,Grasmogrenda nord,60.235476,11.085575
NSR:Quay:6344,Greverud kirke,59.775342,10.803576
NSR:Quay:6345,Greverud kirke,59.774026,10.805105
NSR:Quay:6346,Garsvik,59.845587,11.497217
NSR:Quay:6347,Garsvik,59.845432,11.496779
NSR:Quay:6348,Grasmogrenda,60.231721,11.08046
NSR:Quay:6349,Grasmogrenda,60.231667,11.080337
NSR:Quay:6350,Greverud stasjon,59.770511,10.807596
NSR:Quay:6351,Greverud stasjon,59.770988,10.807127
NSR:Quay:6352,Skogheim,59.706307,11.535186
NSR:Quay:6353,Skogheim,59.706835,11.535205
NSR:Quay:6354,Grantun,60.226288,11.080487
NSR:Quay:6355,Grantun,60.226288,11.080332
NSR:Quay:6356,Greverud skole,59.769234,10.811185
NSR:Quay:6357,Harkerud veikryss,59.945997,11.370278
NSR:Quay:6358,Greverud skole,59.768128,10.811089
NSR:Quay:6359,Harkerud veikryss,59.945997,11.370809
NSR:Quay:6360,Harkerud veikryss,59.945716,11.371249
NSR:Quay:6361,Harkerud veikryss,59.945779,11.370463
NSR:Quay:6362,Bjørke kirke,60.23578,11.013327
NSR:Quay:6363,Bjørke kirke,60.235412,11.012702
NSR:Quay:6364,Bjørke kirke,60.234975,11.012941
NSR:Quay:6365,Oppegård stasjon,59.766017,10.811413
NSR:Quay:6366,Oppegård stasjon,59.765131,10.812001
NSR:Quay:6367,Vestlia,59.947302,11.358632
NSR:Quay:6368,Vestlia,59.947236,11.358892
NSR:Quay:6369,Linderud,60.230337,11.011841
NSR:Quay:6370,Linderud,60.230326,11.011707
NSR:Quay:6371,Rosenholm stasjon,59.822443,10.796374
NSR:Quay:6372,Rosenholm stasjon,59.822956,10.796109
NSR:Quay:6373,Bakkelittfabrikken,59.925633,11.502374
NSR:Quay:6374,Bakkelittfabrikken,59.925512,11.502546
NSR:Quay:6375,Bahusvegen,60.223727,11.014789
NSR:Quay:6376,Bahusvegen,60.223758,11.014636
NSR:Quay:6377,Lysaker brygge,59.911341,10.641556
NSR:Quay:6378,Killingmo,59.945599,11.405429
NSR:Quay:6379,Killingmo,59.945677,11.405442
NSR:Quay:6380,Moreppen,60.221281,11.080203
NSR:Quay:6381,Moreppen,60.221223,11.079784
NSR:Quay:6382,Solliveien,59.913798,10.63277
NSR:Quay:6383,Killingmoverket,59.950515,11.390086
NSR:Quay:6384,Killingmoverket,59.950566,11.389877
NSR:Quay:6385,Bevervegen,60.224084,11.036555
NSR:Quay:6386,Marstranderveien,59.915776,10.630804
NSR:Quay:6387,Finstadbru,59.941108,11.432237
NSR:Quay:6388,Finstadbru,59.940428,11.433152
NSR:Quay:6389,Finstadbru,59.941194,11.431178
NSR:Quay:6390,Preståsen skoleplass,60.222557,11.025628
NSR:Quay:6391,Lillengveien,59.918436,10.628878
NSR:Quay:6392,Lillengveien,59.918657,10.628551
NSR:Quay:6393,Steinbakkholtet,59.944859,11.419886
NSR:Quay:6394,Steinbakkholtet,59.944622,11.420972
NSR:Quay:6395,Preståsen skole,60.222015,11.026929
NSR:Quay:6396,Preståsen skole,60.222302,11.025091
NSR:Quay:6397,Jar skole,59.921276,10.624664
NSR:Quay:6398,Jar skole,59.920776,10.62729
NSR:Quay:6399,Borstad,59.950514,11.448041
NSR:Quay:6400,Borstad,59.950441,11.447773
NSR:Quay:6401,Borstad,59.95058,11.447844
NSR:Quay:6402,Rud-Ødegutua,60.224012,11.066363
NSR:Quay:6403,Rud-Ødegutua,60.224172,11.066079
NSR:Quay:6404,Jar skole,59.920452,10.625571
NSR:Quay:6405,Jar skole,59.92039,10.625745
NSR:Quay:6406,Grøtli,59.97059,11.474134
NSR:Quay:6408,Midgarveien,59.918633,10.616568
NSR:Quay:6410,Midgarveien,59.91865,10.616424
NSR:Quay:6411,Nannestad vgs.,60.220025,11.018941
NSR:Quay:6412,Nannestad vgs.,60.220291,11.018995
NSR:Quay:6414,Svensjø bru,59.962798,11.490186
NSR:Quay:6416,Svensjø bru,59.962833,11.490095
NSR:Quay:6417,Fornebu vest,59.89374,10.622918
NSR:Quay:6418,Fornebu vest,59.8933,10.621288
NSR:Quay:6419,Berntsebråten,60.303526,11.074513
NSR:Quay:6420,Berntsebråten,60.303883,11.074589
NSR:Quay:6421,Ulviken,59.999366,11.532455
NSR:Quay:6422,Ulviken,59.999333,11.532643
NSR:Quay:6423,IT Fornebu,59.895776,10.626089
NSR:Quay:6424,IT Fornebu,59.894386,10.624058
NSR:Quay:6425,IT Fornebu,59.894425,10.62692
NSR:Quay:6426,Tangen gård,60.291579,11.079969
NSR:Quay:6427,Tangen gård,60.291494,11.079916
NSR:Quay:6428,Lokshaug vegkryss,59.941922,11.485855
NSR:Quay:6429,Lokshaug vegkryss,59.941921,11.485927
NSR:Quay:6430,Fornebuveien,59.910047,10.629082
NSR:Quay:6431,Stensgård kapell,60.27803,11.087565
NSR:Quay:6432,Stensgård kapell,60.277197,11.087662
NSR:Quay:6433,Stensgård kapell,60.276832,11.087737
NSR:Quay:6434,Hedum,59.949787,11.533815
NSR:Quay:6435,Lilløyveien,59.906583,10.628811
NSR:Quay:6436,Lilløyveien,59.906666,10.629356
NSR:Quay:6437,Bogstad,59.926123,11.482137
NSR:Quay:6438,Sundby,60.26961,11.094534
NSR:Quay:6439,Bogstad,59.926199,11.482231
NSR:Quay:6440,Sundby,60.269614,11.094703
NSR:Quay:6441,Telenor Fornebu,59.900542,10.625678
NSR:Quay:6442,Telenor Fornebu,59.900456,10.625705
NSR:Quay:6443,Telenor Fornebu,59.899377,10.624643
NSR:Quay:6444,Tangen bru,60.286978,11.083775
NSR:Quay:6445,Killingmo veikryss,59.941675,11.40063
NSR:Quay:6446,Tangen bru,60.287175,11.083837
NSR:Quay:6447,Killingmo veikryss,59.94155,11.400893
NSR:Quay:6448,Fornebuparken,59.903143,10.626585
NSR:Quay:6449,Fornebuparken,59.903254,10.627379
NSR:Quay:6450,Aursmoen,59.928115,11.442475
NSR:Quay:6451,Aursmoen,59.927243,11.443664
NSR:Quay:6452,Pettersbråtan,60.282667,11.070972
NSR:Quay:6453,Finstadhagan,59.932683,11.439933
NSR:Quay:6454,Finstadhagan,59.931908,11.440343
NSR:Quay:6456,Sundbykrysset,60.267903,11.098554
NSR:Quay:6457,Aursmoen skole,59.929978,11.440544
NSR:Quay:6458,Rolfstangen,59.891742,10.627384
NSR:Quay:6459,Rolfstangen,59.892002,10.628267
NSR:Quay:6460,Laumb,60.25113,10.995249
NSR:Quay:6461,Laumb,60.251081,10.99511
NSR:Quay:6462,Aurskog stasjon,59.926095,11.46993
NSR:Quay:6463,Langoddveien,59.887976,10.621121
NSR:Quay:6464,Langoddveien,59.887395,10.621371
NSR:Quay:6465,Moløkken,60.24907,10.993997
NSR:Quay:6466,Moløkken,60.248939,10.993879
NSR:Quay:6467,Aurskog stasjon,59.927192,11.46889
NSR:Quay:6468,Halden,59.885559,10.620456
NSR:Quay:6469,Halden,59.885508,10.620665
NSR:Quay:6470,Øia,59.928551,11.462718
NSR:Quay:6471,Øia,59.928529,11.463008
NSR:Quay:6472,Nestutoppen,60.247017,10.993087
NSR:Quay:6473,Nestutoppen,60.247158,10.993307
NSR:Quay:6474,Bruksveien,59.88124,10.610288
NSR:Quay:6475,Bruksveien,59.881899,10.611825
NSR:Quay:6476,Aurskog kirke,59.927192,11.456243
NSR:Quay:6477,Aurskog kirke,59.927113,11.455036
NSR:Quay:6478,Aurskog kirke,59.926399,11.455747
NSR:Quay:6479,Økern,60.244702,10.990764
NSR:Quay:6480,Økern,60.244769,10.990738
NSR:Quay:6481,Snarøya,59.878448,10.611707
NSR:Quay:6482,Snarøya,59.878399,10.61194
NSR:Quay:6483,Aurskog sykehjem,59.926351,11.448521
NSR:Quay:6484,Aurskog sykehjem,59.926258,11.450393
NSR:Quay:6485,Embre,60.242865,10.988804
NSR:Quay:6486,Embre,60.24294,10.989201
NSR:Quay:6487,Oksenøyveien,59.907574,10.620185
NSR:Quay:6488,Oksenøyveien,59.907813,10.619338
NSR:Quay:6489,Enger,59.731847,11.462246
NSR:Quay:6490,Enger,59.731815,11.462109
NSR:Quay:6491,Grindaker,60.240236,10.988651
NSR:Quay:6492,Grindaker,60.240209,10.988549
NSR:Quay:6493,Furulund,59.723594,11.467581
NSR:Quay:6494,Ekern,59.904713,10.612856
NSR:Quay:6495,Furulund,59.723664,11.46746
NSR:Quay:6496,Ekern,59.904692,10.613069
NSR:Quay:6498,Nordveien sør,59.930079,10.614375
NSR:Quay:6499,Kringlerdalen,60.234874,10.989646
NSR:Quay:6500,Kringlerdalen,60.23499,10.989423
NSR:Quay:6501,Kringlerdalen,60.234941,10.989812
NSR:Quay:6502,Hellesjø,59.744245,11.462114
NSR:Quay:6503,Hellesjø,59.744241,11.462203
NSR:Quay:6504,Skogveien,59.923436,10.62288
NSR:Quay:6505,Skogveien,59.924458,10.624174
NSR:Quay:6506,Nes,59.76936,11.491131
NSR:Quay:6507,Nes,59.769362,11.491332
NSR:Quay:6508,Kopperudmoen,60.255596,11.052909
NSR:Quay:6509,Kopperudmoen,60.255707,11.053102
NSR:Quay:6510,Stabekk eldresenter,59.91098,10.601578
NSR:Quay:6511,Titterud,59.776213,11.493381
NSR:Quay:6512,Titterud,59.776289,11.4933
NSR:Quay:6514,Stenset,60.256115,11.045916
NSR:Quay:6515,Jar bru,59.927269,10.621652
NSR:Quay:6516,Jar bru,59.926494,10.622216
NSR:Quay:6517,Østnes,59.777655,11.521166
NSR:Quay:6519,Østnes,59.777485,11.520973
NSR:Quay:6521,Jar,59.925801,10.618477
NSR:Quay:6522,Jar,59.925856,10.618359
NSR:Quay:6523,Herstukrysset,60.25455,11.06393
NSR:Quay:6524,Herstukrysset,60.254529,11.064053
NSR:Quay:6525,Herstukrysset,60.25485,11.064474
NSR:Quay:6526,Herstukrysset,60.254635,11.064397
NSR:Quay:6527,Herstukrysset,60.254759,11.064128
NSR:Quay:6528,Østrengveien,59.77566,11.512183
NSR:Quay:6529,Østrengveien,59.775607,11.512025
NSR:Quay:6532,Maura skole,60.257005,11.040058
NSR:Quay:6533,Maura skole,60.257005,11.04067
NSR:Quay:6534,Komneskrysset,59.853921,11.529416
NSR:Quay:6535,Komneskrysset,59.853939,11.529229
NSR:Quay:6537,Bjerkelundsveien,59.930533,10.619103
NSR:Quay:6538,Bjerkelundsveien,59.930569,10.620319
NSR:Quay:6539,Bjerkelundsveien,59.930638,10.620598
NSR:Quay:6540,Kopperud,60.25214,11.060234
NSR:Quay:6541,Kopperud,60.252068,11.06018
NSR:Quay:6544,Haganjordet,59.911417,10.493636
NSR:Quay:6545,Haganjordet,59.911589,10.493612
NSR:Quay:6547,Maura skoleplass,60.257416,11.039549
NSR:Quay:6548,Lindebergveien,59.932888,10.622017
NSR:Quay:6549,Lindebergveien,59.933026,10.622269
NSR:Quay:6552,Maurakrysset,60.257921,11.031483
NSR:Quay:6553,Maurakrysset,60.25857,11.030987
NSR:Quay:6554,Maurakrysset,60.258222,11.033806
NSR:Quay:6555,Grini,59.94972,10.628116
NSR:Quay:6556,Grini,59.94976,10.628023
NSR:Quay:6558,Haugengården,60.256047,11.028101
NSR:Quay:6559,Haugengården,60.256203,11.028519
NSR:Quay:6561,Autenveien,59.809033,11.520166
NSR:Quay:6562,Autenveien,59.809051,11.520343
NSR:Quay:6563,Øvrevoll,59.937561,10.622808
NSR:Quay:6564,Øvrevoll,59.93888,10.62441
NSR:Quay:6565,Bjerkesenteret,60.253983,11.026159
NSR:Quay:6566,Bjerkesenteret,60.254199,11.026475
NSR:Quay:6567,Kolstadkrysset,59.777208,11.675254
NSR:Quay:6568,Stallkroa,59.941121,10.626676
NSR:Quay:6569,Stallkroa,59.940173,10.625708
NSR:Quay:6570,Bolstad,59.788626,11.704811
NSR:Quay:6571,Bolstad,59.788608,11.704656
NSR:Quay:6572,Nøtteskrikevegen,60.25262,11.025416
NSR:Quay:6573,Nordjordet,59.943083,10.626767
NSR:Quay:6575,Nordjordet,59.942821,10.626998
NSR:Quay:6576,Gåsvik,59.797607,11.717294
NSR:Quay:6577,Gåsvik,59.797689,11.717166
NSR:Quay:6578,Dalset,60.250978,11.023128
NSR:Quay:6579,Dalset,60.250881,11.022433
NSR:Quay:6580,Ruglandbakken,59.937695,10.630442
NSR:Quay:6581,Ruglandbakken,59.937665,10.630324
NSR:Quay:6583,Åmål,60.24822,11.019483
NSR:Quay:6584,Åmål,60.248445,11.020057
NSR:Quay:6585,Åmål,60.24846,11.019311
NSR:Quay:6586,Snaret,59.945897,10.626416
NSR:Quay:6587,Snaret,59.946009,10.626512
NSR:Quay:6590,Eiksmarka,59.946578,10.622414
NSR:Quay:6591,Eiksmarka,59.947347,10.623921
NSR:Quay:6592,Ihle,60.243692,11.016811
NSR:Quay:6593,Ihle,60.244164,11.017624
NSR:Quay:6594,Toverudovergangen,59.920579,11.487893
NSR:Quay:6595,Toverudovergangen,59.920991,11.486874
NSR:Quay:6596,Eiksmarka T,59.946834,10.62232
NSR:Quay:6597,Bergerud,59.798893,11.518311
NSR:Quay:6599,Bergerud,59.799031,11.518376
NSR:Quay:6600,Eiksmarka T,59.947014,10.622444
NSR:Quay:6602,Hetaker,60.239469,11.015822
NSR:Quay:6603,Hetaker,60.239084,11.015735
NSR:Quay:6606,Lijordet,59.941135,10.616556
NSR:Quay:6607,Lijordet,59.941111,10.616696
NSR:Quay:6608,Røtnes,60.260416,11.024373
NSR:Quay:6609,Røtnes,60.260028,11.025472
NSR:Quay:6610,Risertoppen,59.918926,11.47442
NSR:Quay:6611,Risertoppen,59.918877,11.474581
NSR:Quay:6612,Niels Leuchs vei,59.945488,10.615513
NSR:Quay:6613,Niels Leuchs vei,59.945807,10.615051
NSR:Quay:6614,Niels Leuchs vei,59.945881,10.617082
NSR:Quay:6615,Toftner,60.267319,11.006724
NSR:Quay:6616,Toftner,60.2674,11.006742
NSR:Quay:6617,Haneborg skole,59.927619,11.542505
NSR:Quay:6618,Rideveien,59.944465,10.614515
NSR:Quay:6619,Rideveien,59.943378,10.613021
NSR:Quay:6620,Lierfoss,59.919012,11.530578
NSR:Quay:6621,Slettmoen,60.254566,10.980602
NSR:Quay:6622,Lierfoss,59.918288,11.532809
NSR:Quay:6623,Slettmoen,60.254524,10.980527
NSR:Quay:6625,Halvorsrud,59.918262,11.520477
NSR:Quay:6626,Halvorsrud,59.91841,11.519042
NSR:Quay:6627,Evjebråtan,60.259181,10.976619
NSR:Quay:6628,Evjebråtan,60.259074,10.976442
NSR:Quay:6629,Ovenbakken,59.941432,10.611165
NSR:Quay:6630,Ovenbakken,59.941585,10.611248
NSR:Quay:6631,Aurskog meieri,59.917698,11.506293
NSR:Quay:6632,Aurskog meieri,59.917539,11.505706
NSR:Quay:6633,Aurskog meieri,59.917832,11.504772
NSR:Quay:6634,Korsmo,60.252493,10.990078
NSR:Quay:6635,Korsmo,60.252579,10.990003
NSR:Quay:6636,Østerås senter,59.943119,10.60822
NSR:Quay:6637,Østerås senter,59.942907,10.607919
NSR:Quay:6638,Toverudstøtta,59.918153,11.487882
NSR:Quay:6639,Toverudstøtta,59.91822,11.488073
NSR:Quay:6640,Grinidammen,59.952942,10.632923
NSR:Quay:6641,Grinidammen,59.952896,10.632719
NSR:Quay:6642,Granås,60.263534,11.015108
NSR:Quay:6643,Granås,60.263647,11.015041
NSR:Quay:6644,Mokroken,59.910361,11.605006
NSR:Quay:6645,Mokroken,59.910387,11.605189
NSR:Quay:6646,Fossum,59.960322,10.62092
NSR:Quay:6647,Fossum,59.960373,10.621357
NSR:Quay:6648,Ås,60.261457,11.02018
NSR:Quay:6649,Ås,60.26154,11.020159
NSR:Quay:6650,Spillhaug,59.924142,11.589101
NSR:Quay:6651,Spillhaug,59.924115,11.589224
NSR:Quay:6652,Syd-Fossum,59.957504,10.626773
NSR:Quay:6653,Syd-Fossum,59.957327,10.626934
NSR:Quay:6654,Skaurud,60.268907,11.001721
NSR:Quay:6655,Skaurud,60.269008,11.001617
NSR:Quay:6656,Haugrim,59.903567,11.592668
NSR:Quay:6657,Haugrim,59.903645,11.592596
NSR:Quay:6658,Østerås,59.939367,10.608831
NSR:Quay:6659,Østerås,59.939454,10.608855
NSR:Quay:6660,Kjelle skole,59.886594,11.577289
NSR:Quay:6661,Kjelle skole,59.886578,11.577337
NSR:Quay:6662,Åmot,60.269449,10.997553
NSR:Quay:6663,Åmot,60.269542,10.997438
NSR:Quay:6664,Østerås T,59.939454,10.609338
NSR:Quay:6665,Østerås T,59.939491,10.60887
NSR:Quay:6666,Haneborg gård,59.912448,11.575816
NSR:Quay:6667,Haneborg gård,59.912528,11.575902
NSR:Quay:6668,Vollaugkrysset,60.266579,10.976747
NSR:Quay:6669,Vollaugkrysset,60.266255,10.976683
NSR:Quay:6670,Dæhli stutteri,59.951933,10.603247
NSR:Quay:6671,Dæhli stutteri,59.951963,10.603129
NSR:Quay:6672,Solvang,59.918766,11.567592
NSR:Quay:6673,Solvang,59.918559,11.567354
NSR:Quay:6674,Solvang,59.918691,11.567193
NSR:Quay:6675,Nordby gård,59.950334,10.599154
NSR:Quay:6676,Nordby gård,59.95038,10.599052
NSR:Quay:6677,Bekkedal,60.269228,10.991279
NSR:Quay:6678,Bekkedal,60.269309,10.991279
NSR:Quay:6679,Holmenbyen øst,59.92226,11.560088
NSR:Quay:6680,Holmenbyen øst,59.922384,11.560047
NSR:Quay:6681,Fossum terrasse,59.956575,10.611876
NSR:Quay:6682,Fossum terrasse,59.956666,10.612093
NSR:Quay:6683,SAS-museet,60.202397,11.074946
NSR:Quay:6684,SAS-museet,60.20224,11.074629
NSR:Quay:6685,Holmenbyen vest,59.92383,11.554758
NSR:Quay:6686,Holmenbyen vest,59.923754,11.554753
NSR:Quay:6687,Fossumbanen,59.958526,10.614075
NSR:Quay:6688,Fossumbanen,59.958527,10.614266
NSR:Quay:6689,Søndre Børke,60.215204,11.075627
NSR:Quay:6690,Søndre Børke,60.215234,11.075442
NSR:Quay:6692,Jøssingveien,59.954069,10.59343
NSR:Quay:6693,Sletner veikryss,59.925204,11.539628
NSR:Quay:6694,Jøssingveien,59.953957,10.593749
NSR:Quay:6695,Sletner veikryss,59.925252,11.540194
NSR:Quay:6696,Kneppefeltet,60.210589,11.076593
NSR:Quay:6697,Kneppefeltet,60.21046,11.07645
NSR:Quay:6698,Ila,59.95531,10.584608
NSR:Quay:6700,Lierfossbrua,59.91905,11.532042
NSR:Quay:6701,Lierfossbrua,59.919355,11.532498
NSR:Quay:6702,Luftambulansen,60.205597,11.075538
NSR:Quay:6703,Luftambulansen,60.207002,11.07718
NSR:Quay:6704,Listuveien,59.954258,10.609918
NSR:Quay:6705,Listuveien,59.954413,10.609926
NSR:Quay:6708,Bjørkelangen stasjon,59.884325,11.574625
NSR:Quay:6710,Stabekk stasjon,59.908802,10.606506
NSR:Quay:6711,Stabekk stasjon,59.908765,10.605141
NSR:Quay:6712,Røkholt,60.249468,11.02488
NSR:Quay:6717,Lystad,60.249004,11.030322
NSR:Quay:6718,Borgenfeltet,59.889246,11.559409
NSR:Quay:6719,Borgenfeltet,59.888422,11.559575
NSR:Quay:6720,Tjernsmyr,59.910899,10.624326
NSR:Quay:6721,Tjernsmyr,59.91121,10.625657
NSR:Quay:6722,Jælberg,60.247909,11.03916
NSR:Quay:6723,Liermosen,59.903501,11.55549
NSR:Quay:6724,Liermosen,59.902888,11.555278
NSR:Quay:6725,Nordliveien,59.909467,10.615497
NSR:Quay:6726,Nordliveien,59.909073,10.616698
NSR:Quay:6727,Liergårdene,59.914805,11.545016
NSR:Quay:6728,Liergårdene,59.914893,11.54503
NSR:Quay:6729,Grønnli,60.249865,11.044588
NSR:Quay:6730,Ekeliveien,59.907513,10.613027
NSR:Quay:6731,Ekeliveien,59.907629,10.613051
NSR:Quay:6732,Lierjordet,59.91722,11.538085
NSR:Quay:6733,Skabland,60.443568,10.854034
NSR:Quay:6734,Skabland,60.443674,10.853685
NSR:Quay:6735,Lierjordet,59.91756,11.5372
NSR:Quay:6736,Jar kirke,59.917583,10.617366
NSR:Quay:6737,Jar kirke,59.91756,10.616816
NSR:Quay:6739,Sørengvegen,60.440526,10.868536
NSR:Quay:6740,Sørengvegen,60.440342,10.868941
NSR:Quay:6741,Trudvangveien,59.916408,10.613311
NSR:Quay:6742,Trudvangveien,59.916072,10.611852
NSR:Quay:6743,Lierbakken,59.915661,11.538823
NSR:Quay:6744,Lierbakken,59.915552,11.538917
NSR:Quay:6745,Svartungsvegen,60.435008,10.884329
NSR:Quay:6746,Svartungsvegen,60.434961,10.884131
NSR:Quay:6747,Clausenbakken,59.913325,10.608354
NSR:Quay:6748,Clausenbakken,59.913234,10.608147
NSR:Quay:6749,Tusenårsparken,59.883395,11.56708
NSR:Quay:6750,Tusenårsparken,59.883469,11.566806
NSR:Quay:6751,Bakkeveien,59.910345,10.604524
NSR:Quay:6752,Bakkeveien,59.910367,10.604687
NSR:Quay:6753,Skrukkelidammen,60.41838,10.938915
NSR:Quay:6754,Skrukkelidammen,60.418514,10.938005
NSR:Quay:6756,Stabekk kino,59.90944,10.601546
NSR:Quay:6757,Stabekk kino,59.909516,10.601788
NSR:Quay:6758,Bjørkelangen vgs.,59.884125,11.561641
NSR:Quay:6759,Bjørkelangen vgs.,59.883822,11.561493
NSR:Quay:6760,Bjørkelangen vgs.,59.882678,11.561844
NSR:Quay:6761,Bjørkelangen vgs.,59.883368,11.562933
NSR:Quay:6762,Knaisetra,60.420739,10.956156
NSR:Quay:6763,Knaisetra,60.420688,10.956577
NSR:Quay:6764,Ringstabekk,59.92009,10.60438
NSR:Quay:6765,Ringstabekk,59.92016,10.60439
NSR:Quay:6766,Smedsrud,59.837837,11.55277
NSR:Quay:6767,Smedsrud,59.837808,11.552848
NSR:Quay:6768,Jåterud,60.413113,11.04693
NSR:Quay:6769,Jåterud,60.413029,11.046871
NSR:Quay:6770,Ringstabekkveien,59.91465,10.596461
NSR:Quay:6771,Ringstabekkveien,59.913349,10.59704
NSR:Quay:6772,Holetoppen,59.842365,11.559387
NSR:Quay:6773,Holetoppen,59.842332,11.5595
NSR:Quay:6774,Skallum,59.910924,10.599433
NSR:Quay:6775,Skallum,59.911417,10.598304
NSR:Quay:6776,Skimten,60.451653,10.761863
NSR:Quay:6777,Skimten,60.451778,10.76191
NSR:Quay:6778,Holtermoen,59.860503,11.567968
NSR:Quay:6779,Holtermoen,59.861186,11.567895
NSR:Quay:6780,Liomveien,59.933645,10.600479
NSR:Quay:6781,Liomveien,59.933441,10.600632
NSR:Quay:6782,Dølerudseter,60.448619,10.803479
NSR:Quay:6783,Dølerudseter,60.448696,10.803337
NSR:Quay:6784,Bjørkelangen skole,59.874711,11.559106
NSR:Quay:6785,Nordveien,59.937204,10.605771
NSR:Quay:6786,Nordveien,59.937475,10.606573
NSR:Quay:6787,Trandumsvingen,59.877986,11.56277
NSR:Quay:6788,Trandumsvingen,59.878713,11.56307
NSR:Quay:6789,Sibilrud,60.449888,10.821313
NSR:Quay:6790,Sibilrud,60.449963,10.820691
NSR:Quay:6791,Odds vei,59.93019,10.597558
NSR:Quay:6792,Odds vei,59.929977,10.596866
NSR:Quay:6795,Lundberg,60.447876,10.836087
NSR:Quay:6796,Lundberg,60.448036,10.836014
NSR:Quay:6797,Eikeli skole,59.935304,10.60292
NSR:Quay:6798,Eikeli skole,59.935236,10.602491
NSR:Quay:6799,Eidslia,59.879366,11.588915
NSR:Quay:6800,Søndre Eidsvei,59.879008,11.587371
NSR:Quay:6803,Brattlia,60.419383,10.97223
NSR:Quay:6804,Brattlia,60.419532,10.970533
NSR:Quay:6805,Sollum,59.728188,11.407802
NSR:Quay:6806,Sollum,59.72818,11.408709
NSR:Quay:6808,Hvile,60.415888,11.030598
NSR:Quay:6809,Hvile,60.415878,11.029927
NSR:Quay:6812,Bekkestua bussterminal,59.917422,10.589027
NSR:Quay:6813,Bekkestua bussterminal,59.91736,10.588831
NSR:Quay:6814,Bekkestua bussterminal,59.917391,10.588929
NSR:Quay:6816,Bekkestua bussterminal,59.917329,10.588734
NSR:Quay:6817,Bekkestua bussterminal,59.917297,10.588632
NSR:Quay:6819,Kjerkekretsen,60.407502,11.049288
NSR:Quay:6820,Kjerkekretsen,60.407202,11.049395
NSR:Quay:6821,Engerhaugen,59.715354,11.393882
NSR:Quay:6822,Engerhaugen,59.715449,11.394064
NSR:Quay:6823,Bekkestua,59.917285,10.589847
NSR:Quay:6824,Bekkestua,59.917224,10.589933
NSR:Quay:6825,Rødfoss,60.415216,11.016039
NSR:Quay:6826,Gangnes skole,59.707936,11.401311
NSR:Quay:6827,Rødfoss,60.415171,11.016779
NSR:Quay:6828,Gangnes skole,59.707959,11.401161
NSR:Quay:6830,Grepperud,59.702917,11.405775
NSR:Quay:6831,Grepperud,59.702901,11.405996
NSR:Quay:6832,Buråsvegen,60.416441,11.041104
NSR:Quay:6833,Buråsvegen,60.416713,11.040562
NSR:Quay:6834,Stabekk skole,59.915072,10.592349
NSR:Quay:6835,Stabekk skole,59.914754,10.593175
NSR:Quay:6836,Feriehjemmet,59.691155,11.412912
NSR:Quay:6837,Feriehjemmet,59.691023,11.412907
NSR:Quay:6838,Haraldvangen,60.401149,11.07942
NSR:Quay:6839,Haraldvangen,60.401383,11.079766
NSR:Quay:6840,Nadderudhallen,59.920177,10.587889
NSR:Quay:6841,Nadderudhallen,59.920894,10.589525
NSR:Quay:6842,Fylkesdele,59.683971,11.404055
NSR:Quay:6843,Fylkesdele,59.684046,11.40418
NSR:Quay:6844,Hans Burums vei,59.92236,10.592121
NSR:Quay:6845,Hurdalsenteret,60.39693,11.078666
NSR:Quay:6846,Hans Burums vei,59.922818,10.592389
NSR:Quay:6847,Hurdalsenteret,60.396792,11.078548
NSR:Quay:6848,Lidalen,59.847337,11.709065
NSR:Quay:6849,Lidalen,59.847499,11.708832
NSR:Quay:6850,Parksvingen,59.924776,10.602188
NSR:Quay:6851,Østerud,60.367655,11.067607
NSR:Quay:6852,Parksvingen,59.924844,10.602112
NSR:Quay:6853,Østerud,60.367761,11.067771
NSR:Quay:6854,Fagermoen,59.85036,11.691757
NSR:Quay:6855,Fagermoen,59.850292,11.691996
NSR:Quay:6856,Hosleveien,59.928049,10.596799
NSR:Quay:6857,Hosleveien,59.928121,10.596678
NSR:Quay:6858,Hosleveien,59.927547,10.596195
NSR:Quay:6859,Hosleveien,59.927705,10.59586
NSR:Quay:6860,Eidseter,60.378269,11.074216
NSR:Quay:6861,Eidseter,60.378363,11.074498
NSR:Quay:6862,Åmot,59.853619,11.672845
NSR:Quay:6863,Åmot,59.853684,11.672909
NSR:Quay:6864,Bogen,60.354703,11.073594
NSR:Quay:6865,Bogen,60.355084,11.073516
NSR:Quay:6866,Almelien,59.929287,10.610985
NSR:Quay:6867,Tangen,59.844967,11.71752
NSR:Quay:6868,Almelien,59.929451,10.609486
NSR:Quay:6869,Tangen,59.843723,11.717893
NSR:Quay:6871,Nadderudjordet,59.928528,10.588996
NSR:Quay:6872,Setskog kirke,59.828311,11.719545
NSR:Quay:6873,Setskog kirke,59.828803,11.719615
NSR:Quay:6874,Vassenden,60.488126,10.948018
NSR:Quay:6875,Vassenden,60.488038,10.947883
NSR:Quay:6876,Dyrefaret,59.93317,10.594828
NSR:Quay:6877,Dyrefaret,59.93238,10.593701
NSR:Quay:6878,Setskog skole,59.830283,11.720725
NSR:Quay:6879,Åserudkrysset,59.799629,11.725223
NSR:Quay:6880,Åserudkrysset,59.799636,11.724928
NSR:Quay:6881,Åserudkrysset,59.799481,11.725038
NSR:Quay:6882,Bispeveien,59.934618,10.595933
NSR:Quay:6883,Bispeveien,59.935202,10.595927
NSR:Quay:6884,Dalen,60.487147,10.961891
NSR:Quay:6885,Dalen,60.487121,10.962127
NSR:Quay:6886,Klokkersvingen,59.935195,10.592143
NSR:Quay:6887,Klokkersvingen,59.935238,10.591247
NSR:Quay:6888,Setskog garasje,59.806428,11.72244
NSR:Quay:6889,Setskog garasje,59.806756,11.722827
NSR:Quay:6890,Rognlikrysset,60.48715,10.992822
NSR:Quay:6891,Rognlikrysset,60.487262,10.992564
NSR:Quay:6892,Hosle skole,59.93394,10.586507
NSR:Quay:6893,Lund i Setskog,59.817512,11.723834
NSR:Quay:6894,Lund i Setskog,59.817189,11.723834
NSR:Quay:6895,Hosle skole,59.933944,10.587202
NSR:Quay:6896,Garsjøbrua,60.48577,10.997907
NSR:Quay:6897,Garsjøbrua,60.485296,10.99983
NSR:Quay:6898,Dæhlen,59.766052,11.415498
NSR:Quay:6899,Dæhlen,59.766048,11.415339
NSR:Quay:6900,Hosle senter,59.935904,10.58415
NSR:Quay:6901,Hosle senter,59.935849,10.584801
NSR:Quay:6902,Erikstellet,60.482004,11.012085
NSR:Quay:6903,Erikstellet,60.482263,11.011608
NSR:Quay:6904,Jegeråsen,59.938613,10.593478
NSR:Quay:6905,Gropa,59.781318,11.786619
NSR:Quay:6906,Jegeråsen,59.939093,10.594331
NSR:Quay:6907,Gropa,59.781214,11.78675
NSR:Quay:6908,Lønnås,59.940178,10.597571
NSR:Quay:6909,Lønnås,59.940318,10.5977
NSR:Quay:6910,Vold,59.763349,11.4173
NSR:Quay:6911,Vold,59.76338,11.417064
NSR:Quay:6912,Lysgård,60.480515,11.018056
NSR:Quay:6913,Lysgård,60.48065,11.017871
NSR:Quay:6914,Sagveien,59.80352,11.396553
NSR:Quay:6915,Lønnåsjordet,59.943344,10.60149
NSR:Quay:6916,Sagveien,59.803579,11.396709
NSR:Quay:6917,Lønnåsjordet,59.943192,10.601343
NSR:Quay:6918,Garsjømoen,60.478469,11.021792
NSR:Quay:6919,Garsjømoen,60.478612,11.02183
NSR:Quay:6921,Stigen,59.847574,11.347477
NSR:Quay:6922,Stigen,59.847257,11.348005
NSR:Quay:6923,Nordlisbrua,60.473651,11.030945
NSR:Quay:6924,Nordlisbrua,60.47399,11.030807
NSR:Quay:6925,Lønnås bo- og behandlingssenter,59.943807,10.600011
NSR:Quay:6926,Tunsjøen,59.839278,11.362132
NSR:Quay:6927,Tunsjøen,59.838967,11.362578
NSR:Quay:6928,Gjønnes,59.915023,10.580049
NSR:Quay:6929,Gjønnes,59.91509,10.58013
NSR:Quay:6930,Ovrum,59.778928,11.411885
NSR:Quay:6931,Ovrum,59.778954,11.41204
NSR:Quay:6932,Hurdal treindustri,60.383426,11.033347
NSR:Quay:6933,Hurdal treindustri,60.383499,11.033267
NSR:Quay:6936,Larsbråten,59.82923,11.363586
NSR:Quay:6937,Larsbråten,59.829254,11.363415
NSR:Quay:6938,Ruud,60.37934,11.025274
NSR:Quay:6939,Ruud,60.379277,11.02537
NSR:Quay:6940,Momoen,59.805046,11.39161
NSR:Quay:6941,Momoen,59.804142,11.394061
NSR:Quay:6942,Momoen,59.804711,11.392476
NSR:Quay:6943,Kleivveien,59.90876,10.574952
NSR:Quay:6944,Kleivveien,59.908641,10.574834
NSR:Quay:6945,Sjursrud,60.374632,11.021924
NSR:Quay:6946,Sjursrud,60.374178,11.021798
NSR:Quay:6947,Strand,59.903956,10.602547
NSR:Quay:6948,Mo,59.807691,11.388507
NSR:Quay:6949,Strand,59.902907,10.594701
NSR:Quay:6950,Mo,59.80791,11.387903
NSR:Quay:6951,Viken,60.366761,11.013303
NSR:Quay:6952,Bakker,59.811042,11.381273
NSR:Quay:6953,Søråsen,59.913183,10.584599
NSR:Quay:6954,Viken,60.366895,11.013917
NSR:Quay:6955,Bakker,59.810892,11.381337
NSR:Quay:6956,Søråsen,59.913074,10.584708
NSR:Quay:6958,Halabekk,59.814369,11.373999
NSR:Quay:6959,Halabekk,59.814408,11.374127
NSR:Quay:6960,Nordgardsbekken,60.361308,11.008609
NSR:Quay:6961,Nordgardsbekken,60.360542,11.008585
NSR:Quay:6962,Nordgrenda,59.945782,10.603622
NSR:Quay:6963,Nordgrenda,59.945286,10.605556
NSR:Quay:6964,Sletner,59.823093,11.366769
NSR:Quay:6965,Sletner,59.823047,11.366577
NSR:Quay:6966,Rustadfeltet,60.350783,11.0116
NSR:Quay:6967,Rustadfeltet,60.351497,11.011404
NSR:Quay:6968,Grini næringspark,59.948186,10.605457
NSR:Quay:6969,Grini næringspark,59.948569,10.606106
NSR:Quay:6970,Løken,59.795888,11.465588
NSR:Quay:6971,Løken,59.795774,11.465647
NSR:Quay:6973,Haugentoppen,59.798473,11.448599
NSR:Quay:6975,Rustad,60.347553,11.012614
NSR:Quay:6976,Haugentoppen,59.799025,11.448078
NSR:Quay:6977,Høvik stasjon,59.900286,10.580204
NSR:Quay:6979,Bjørnebråten,59.811965,11.356913
NSR:Quay:6981,Høvik kirke,59.898858,10.57827
NSR:Quay:6982,Høvik kirke,59.89957,10.578498
NSR:Quay:6983,Høvik kirke,59.898674,10.577283
NSR:Quay:6985,Halvorsrud bru,59.83615,11.363268
NSR:Quay:6987,Granlytunet,59.898005,10.588325
NSR:Quay:6988,Hurdal kirke,60.409075,11.055119
NSR:Quay:6989,Hurdal kirke,60.408952,11.055138
NSR:Quay:6990,Hagaveien,59.79894,11.469314
NSR:Quay:6991,Hagaveien,59.799827,11.469555
NSR:Quay:6992,Bjørnekollen,59.91253,10.564586
NSR:Quay:6993,Bjørnekollen,59.91237,10.564333
NSR:Quay:6994,Elverhøy,59.801611,11.443167
NSR:Quay:6995,Elverhøy,59.801974,11.442717
NSR:Quay:6996,Lundby vegskille,60.406364,11.047512
NSR:Quay:6998,Løkebergveien,59.914684,10.572809
NSR:Quay:6999,Løkebergveien,59.914143,10.57102
NSR:Quay:7000,Vesteng,59.80519,11.430472
NSR:Quay:7001,Vesteng,59.805592,11.42992
NSR:Quay:7002,Hurdalsjøen hotell,60.39922,11.044095
NSR:Quay:7003,Hurdalsjøen hotell,60.399322,11.044234
NSR:Quay:7004,Haslum terrasse,59.920748,10.560761
NSR:Quay:7005,Haslum terrasse,59.920495,10.560844
NSR:Quay:7006,Byrstua,59.806835,11.419266
NSR:Quay:7007,Byrstua,59.806901,11.419451
NSR:Quay:7008,Rud nordre,60.389065,11.039795
NSR:Quay:7009,Rud nordre,60.388978,11.03953
NSR:Quay:7010,Østenåsveien,59.91718,10.559951
NSR:Quay:7011,Østenåsveien,59.917763,10.56035
NSR:Quay:7013,Øysjøtangen,59.936438,11.815101
NSR:Quay:7014,Lunder,59.805494,11.407215
NSR:Quay:7016,Lunder,59.80504,11.405083
NSR:Quay:7018,Hurdal torg vest,60.435653,11.064101
NSR:Quay:7019,Hurdal torg vest,60.435241,11.064683
NSR:Quay:7021,Haslum,59.915108,10.564363
NSR:Quay:7022,Haslum,59.91503,10.564403
NSR:Quay:7023,Knai,60.427666,11.064552
NSR:Quay:7024,Knai,60.428367,11.064928
NSR:Quay:7025,Skoleveien,59.805109,11.400129
NSR:Quay:7026,Skoleveien,59.804937,11.401159
NSR:Quay:7027,Haslum T,59.915214,10.561072
NSR:Quay:7028,Haslum T,59.914709,10.561799
NSR:Quay:7029,Fagerli,59.943291,11.743454
NSR:Quay:7031,Knai gård,60.422746,11.064356
NSR:Quay:7032,Knai gård,60.422544,11.064608
NSR:Quay:7033,Haslum kirke,59.923494,10.564698
NSR:Quay:7034,Haslum kirke,59.923531,10.565047
NSR:Quay:7035,Rakkestad ungdomslokale,59.803231,11.470338
NSR:Quay:7036,Rakkestad ungdomslokale,59.803917,11.47103
NSR:Quay:7037,Terrasseveien,59.907724,10.597032
NSR:Quay:7038,Terrasseveien,59.907645,10.59762
NSR:Quay:7041,Molidalen,59.938081,11.72893
NSR:Quay:7042,Krokvolden,59.906402,10.59089
NSR:Quay:7043,Krokvolden,59.906094,10.589082
NSR:Quay:7044,Gårder bensin,60.413668,11.065928
NSR:Quay:7045,Gårder bensin,60.414134,11.066553
NSR:Quay:7046,Lundberg,59.813635,11.481518
NSR:Quay:7047,Lundberg,59.812792,11.479847
NSR:Quay:7048,Snoveien,59.903926,10.584649
NSR:Quay:7049,Snoveien,59.903907,10.58371
NSR:Quay:7051,Garsjø,59.929307,11.697658
NSR:Quay:7052,Prestegårdshagan,60.41041,11.062964
NSR:Quay:7053,Prestegårdshagan,60.41001,11.062028
NSR:Quay:7054,Høvikveien,59.902344,10.574561
NSR:Quay:7055,Høvikveien,59.902408,10.574142
NSR:Quay:7057,Høgmoen,59.915001,11.61936
NSR:Quay:7058,Hurdal Verk,60.448156,11.048858
NSR:Quay:7059,Hurdal Verk,60.449305,11.049478
NSR:Quay:7060,Granli,59.906456,11.600439
NSR:Quay:7061,Høvik skole,59.902233,10.56925
NSR:Quay:7062,Granli,59.906478,11.600608
NSR:Quay:7063,Høvik skole,59.902024,10.570942
NSR:Quay:7064,Hurdal kro,60.439768,11.055787
NSR:Quay:7065,Hurdal kro,60.440494,11.054802
NSR:Quay:7066,Sandemtorget,59.786882,11.490841
NSR:Quay:7067,Sandemtorget,59.786945,11.490908
NSR:Quay:7068,Dragveien,59.904027,10.565557
NSR:Quay:7069,Dragveien,59.904568,10.565621
NSR:Quay:7070,Naddumbrua,59.792329,11.484656
NSR:Quay:7071,Naddumbrua,59.792349,11.484822
NSR:Quay:7072,Ekeberg,59.906845,10.564642
NSR:Quay:7073,Ekeberg,59.906831,10.564926
NSR:Quay:7074,Fagerliflaen,60.396987,11.044454
NSR:Quay:7075,Fagerliflaen,60.397191,11.044296
NSR:Quay:7076,Smieveien,59.793305,11.473149
NSR:Quay:7077,Smieveien,59.793209,11.473484
NSR:Quay:7078,Fossveien,59.90933,10.562952
NSR:Quay:7079,Fossveien,59.909677,10.561962
NSR:Quay:7080,Åsanden,60.421888,11.081801
NSR:Quay:7081,Åsanden,60.421614,11.081925
NSR:Quay:7083,Olbergmoen,59.775877,11.422482
NSR:Quay:7084,Bjerkeholtet,59.908154,10.55254
NSR:Quay:7085,Bjerkeholtet,59.908041,10.552575
NSR:Quay:7086,Skogstad,60.428764,11.077738
NSR:Quay:7087,Skogstad,60.428385,11.07795
NSR:Quay:7089,Olberg,59.773521,11.42572
NSR:Quay:7091,Olbergåsen,59.771333,11.435705
NSR:Quay:7093,Glassverkveien,59.898084,10.574679
NSR:Quay:7094,Glassverkveien,59.898039,10.572415
NSR:Quay:7095,Hurdal torg øst,60.434754,11.06684
NSR:Quay:7096,Hurdal torg øst,60.434865,11.066945
NSR:Quay:7098,Borgersrud,59.772284,11.448843
NSR:Quay:7099,Solvikveien,59.895413,10.561
NSR:Quay:7100,Hurdal skole,60.433594,11.068589
NSR:Quay:7101,Solvikveien,59.895859,10.561461
NSR:Quay:7102,Hjellebøl,59.761432,11.45601
NSR:Quay:7103,Hjellebøl,59.760929,11.454693
NSR:Quay:7104,Heia,59.771136,11.461672
NSR:Quay:7105,Heia,59.771021,11.461578
NSR:Quay:7106,Høvik Verk skole,59.89328,10.571173
NSR:Quay:7107,Høvik Verk skole,59.89338,10.57107
NSR:Quay:7108,Langton,60.340393,11.093093
NSR:Quay:7109,Langton,60.340478,11.092992
NSR:Quay:7110,Sjøberg,59.773753,11.460953
NSR:Quay:7111,Presteveien,59.906167,10.554222
NSR:Quay:7113,Presteveien,59.906178,10.553953
NSR:Quay:7114,Sjøberg,59.774762,11.461299
NSR:Quay:7115,Sjøberg,59.774166,11.460744
NSR:Quay:7116,Flaen,60.468714,11.040259
NSR:Quay:7117,Flaen,60.468693,11.040128
NSR:Quay:7118,Lillehagveien,59.904393,10.54658
NSR:Quay:7119,Lillehagveien,59.904281,10.545759
NSR:Quay:7120,Hjellebøl gård,59.767418,11.460317
NSR:Quay:7121,Hjellebøl gård,59.767354,11.460073
NSR:Quay:7122,Høvikodden,59.893144,10.554661
NSR:Quay:7123,Hemnes gård,59.727197,11.418746
NSR:Quay:7124,Høvikodden,59.8933,10.554479
NSR:Quay:7125,Hemnes gård,59.726408,11.41896
NSR:Quay:7126,Hurdal skisenter,60.46306,11.045455
NSR:Quay:7127,Hurdal skisenter,60.462955,11.04527
NSR:Quay:7128,Holsjaren,59.746732,11.434748
NSR:Quay:7129,Holsjaren,59.746519,11.434976
NSR:Quay:7130,Holsjaren,59.746648,11.435158
NSR:Quay:7131,Avløs,59.913075,10.548398
NSR:Quay:7132,Avløs,59.91314,10.5483
NSR:Quay:7133,Strømmen skole,60.45378,11.047075
NSR:Quay:7134,Avløs,59.914867,10.552443
NSR:Quay:7135,Avløs,59.91483,10.551982
NSR:Quay:7136,Skogen,59.752689,11.445431
NSR:Quay:7137,Skogen,59.753324,11.446365
NSR:Quay:7138,Skogen,59.752789,11.446072
NSR:Quay:7140,Kitty Kiellands vei,59.913634,10.546196
NSR:Quay:7141,Hemneshagen,59.720082,11.44228
NSR:Quay:7142,Hemneshagen,59.720168,11.442242
NSR:Quay:7143,Kitty Kiellands vei,59.913648,10.545813
NSR:Quay:7144,Kirkeby,59.722049,11.424853
NSR:Quay:7145,Kirkeby,59.721964,11.424837
NSR:Quay:7149,Skålerud,59.719358,11.432725
NSR:Quay:7150,Skålerud,59.719443,11.432806
NSR:Quay:7151,Evje,59.897444,10.521316
NSR:Quay:7152,Evje,59.897431,10.521633
NSR:Quay:7154,Hemnes garasje,59.720785,11.460966
NSR:Quay:7155,Hemnes garasje,59.720657,11.461224
NSR:Quay:7156,Solberg,59.902338,10.535784
NSR:Quay:7157,Solberg,59.902136,10.534467
NSR:Quay:7158,Jernbanetorget,59.909041,10.749527
NSR:Quay:7159,Jernbanetorget,59.909486,10.748067
NSR:Quay:7160,Bråte skole,59.72109,11.453902
NSR:Quay:7161,Lindelia,59.903347,10.529795
NSR:Quay:7162,Lindelia,59.903301,10.529604
NSR:Quay:7163,Bråte,59.720563,11.454532
NSR:Quay:7164,Bråte,59.720919,11.456096
NSR:Quay:7165,Blommenholm,59.894277,10.545488
NSR:Quay:7166,Blommenholm,59.894427,10.545472
NSR:Quay:7167,Bjørvika,59.907995,10.75709
NSR:Quay:7168,Bjørvika,59.908175,10.756653
NSR:Quay:7169,Bjørvika,59.90795,10.756871
NSR:Quay:7170,Bjørvika,59.908211,10.756903
NSR:Quay:7171,Hemnes,59.718732,11.450624
NSR:Quay:7172,Hemnes,59.718689,11.449964
NSR:Quay:7175,Jernbanetorget,59.912235,10.750176
NSR:Quay:7176,Jernbanetorget,59.912325,10.749612
NSR:Quay:7177,Kragtorp,59.676062,11.481086
NSR:Quay:7178,Kragtorp,59.676122,11.481172
NSR:Quay:7181,Strand,59.694129,11.453749
NSR:Quay:7182,Strand,59.694063,11.453644
NSR:Quay:7183,Jernbanetorget,59.912197,10.75131
NSR:Quay:7184,Jernbanetorget,59.912268,10.751326
NSR:Quay:7185,Valler bru,59.909713,10.535996
NSR:Quay:7186,Valler bru,59.909811,10.536294
NSR:Quay:7187,Daltorp,59.690075,11.452952
NSR:Quay:7189,Christian Skredsvigs vei,59.911659,10.540553
NSR:Quay:7190,Daltorp,59.690229,11.453081
NSR:Quay:7192,Christian Skredsvigs vei,59.911798,10.541473
NSR:Quay:7193,Jernbanetorget,59.912323,10.751251
NSR:Quay:7194,Jernbanetorget,59.912095,10.751538
NSR:Quay:7195,Stomperud,59.663177,11.493928
NSR:Quay:7196,Stomperud,59.663216,11.494057
NSR:Quay:7197,Stasjonsveien,59.900644,10.560281
NSR:Quay:7198,Stasjonsveien,59.900389,10.55964
NSR:Quay:7199,Milesten,59.898062,10.553902
NSR:Quay:7201,Milesten,59.898004,10.553951
NSR:Quay:7202,Jernbanetorget,59.911701,10.750412
NSR:Quay:7203,Jernbanetorget,59.911425,10.749736
NSR:Quay:7205,Gjettum skole,59.907322,10.533121
NSR:Quay:7206,Gjettum skole,59.907551,10.533638
NSR:Quay:7207,Pavestad syd,59.686369,11.539756
NSR:Quay:7208,Pavestad syd,59.686407,11.539874
NSR:Quay:7209,Jernbanetorget,59.911733,10.750296
NSR:Quay:7210,Jernbanetorget,59.911401,10.749827
NSR:Quay:7211,Gjettumtunet,59.905848,10.529639
NSR:Quay:7212,Granli,59.663062,11.556397
NSR:Quay:7213,Gjettum,59.908477,10.530645
NSR:Quay:7214,Granli,59.662968,11.556405
NSR:Quay:7216,Jernbanetorget,59.910379,10.748676
NSR:Quay:7217,Gjettum,59.908554,10.530597
NSR:Quay:7218,Studsrud,59.659391,11.562231
NSR:Quay:7219,Studsrud,59.659226,11.562086
NSR:Quay:7220,Levretoppen,59.906024,10.521501
NSR:Quay:7221,Bergsjø,59.731116,11.494961
NSR:Quay:7222,Bergsjø,59.731087,11.494832
NSR:Quay:7224,Jernbanetorget,59.909736,10.749435
NSR:Quay:7225,Blommenholm skole,59.898504,10.548431
NSR:Quay:7226,Blommenholm skole,59.898436,10.548653
NSR:Quay:7227,Pavestad,59.692139,11.530854
NSR:Quay:7228,Pavestad,59.692212,11.530927
NSR:Quay:7230,Kvadraturen,59.910564,10.743312
NSR:Quay:7232,Engervannet,59.901073,10.544195
NSR:Quay:7233,Engervannet,59.89986,10.544995
NSR:Quay:7235,Kinnerslund,59.744235,11.490506
NSR:Quay:7236,Kinnerslund,59.744273,11.490667
NSR:Quay:7237,Henie Onstad seniorsenter,59.891761,10.55766
NSR:Quay:7238,Evenby,59.718185,11.508295
NSR:Quay:7239,Evenby,59.71803,11.50791
NSR:Quay:7241,Bærum rådhus,59.889795,10.527688
NSR:Quay:7242,Bærum rådhus,59.889895,10.527952
NSR:Quay:7243,Fjellheim bru,59.720592,11.482099
NSR:Quay:7244,Fjellheim bru,59.720482,11.48198
NSR:Quay:7245,Dronningens gate,59.910587,10.74681
NSR:Quay:7246,Dronningens gate,59.910434,10.74715
NSR:Quay:7247,Lakseberget,59.892208,10.536103
NSR:Quay:7248,Sydnes,59.759163,11.490613
NSR:Quay:7249,Lakseberget,59.892287,10.535755
NSR:Quay:7250,Sydnes,59.759193,11.490479
NSR:Quay:7251,Bærum rådhus,59.890329,10.525727
NSR:Quay:7252,Bærum rådhus,59.890412,10.52557
NSR:Quay:7253,Samuelsrudkrysset,59.719308,11.504807
NSR:Quay:7254,Samuelsrudkrysset,59.719188,11.505169
NSR:Quay:7255,Stortinget,59.913478,10.743221
NSR:Quay:7256,Stortinget,59.913406,10.743199
NSR:Quay:7257,Stortinget,59.913146,10.742714
NSR:Quay:7258,Stortinget,59.913907,10.743991
NSR:Quay:7259,Sandvika bussterminal,59.89259,10.523902
NSR:Quay:7260,Haubakk,59.748652,11.489744
NSR:Quay:7261,Sandvika bussterminal,59.892992,10.524977
NSR:Quay:7262,Haubakk,59.748611,11.489621
NSR:Quay:7263,Sandvika bussterminal,59.893199,10.525278
NSR:Quay:7264,Sandvika bussterminal,59.893065,10.524862
NSR:Quay:7265,Sandvika bussterminal,59.892797,10.52446
NSR:Quay:7266,Sandvika bussterminal,59.892777,10.523988
NSR:Quay:7267,Nærby,59.787574,11.52211
NSR:Quay:7268,Nærby,59.787356,11.522276
NSR:Quay:7273,Valler skole,59.901204,10.527542
NSR:Quay:7274,Valler skole,59.899758,10.526788
NSR:Quay:7275,Kollerud,59.712328,11.44531
NSR:Quay:7276,Kollerud,59.71233,11.445493
NSR:Quay:7277,Øvre Slottsgate,59.911881,10.74152
NSR:Quay:7278,Vallerveien,59.901548,10.523349
NSR:Quay:7279,Øvre Slottsgate,59.911694,10.741949
NSR:Quay:7280,Vallerveien,59.901626,10.523009
NSR:Quay:7281,Naddum,59.79314,11.482499
NSR:Quay:7282,Naddum,59.793071,11.482494
NSR:Quay:7283,Valler skole,59.899952,10.528126
NSR:Quay:7284,Helgerud,59.813762,11.522266
NSR:Quay:7285,Helgerud,59.813786,11.522432
NSR:Quay:7287,Sykehusveien,59.901738,10.517325
NSR:Quay:7288,Sykehusveien,59.902249,10.516182
NSR:Quay:7289,Øsken,59.818725,11.521571
NSR:Quay:7290,Øsken,59.818722,11.521745
NSR:Quay:7293,Levreveien,59.904101,10.514469
NSR:Quay:7294,Levreveien,59.904819,10.514423
NSR:Quay:7295,Grasåsen,59.83555,11.549804
NSR:Quay:7296,Grasåsen,59.835545,11.549946
NSR:Quay:7297,Skulerud garasje,59.671891,11.547854
NSR:Quay:7298,Skulerud garasje,59.67199,11.547969
NSR:Quay:7300,Toppåsveien,59.908803,10.51232
NSR:Quay:7301,Toppåsveien,59.908058,10.512615
NSR:Quay:7302,Bunes,59.6556,11.498027
NSR:Quay:7303,Bunes,59.655595,11.497882
NSR:Quay:7304,Hauger,59.911145,10.510083
NSR:Quay:7305,Hauger,59.911073,10.510019
NSR:Quay:7307,Ydersbotn,59.628654,11.515895
NSR:Quay:7308,Ydersbotn,59.628655,11.515708
NSR:Quay:7309,Hauger,59.912305,10.505199
NSR:Quay:7310,Hauger,59.911226,10.507476
NSR:Quay:7311,Wessels plass,59.912175,10.738983
NSR:Quay:7312,Basmo,59.616746,11.528475
NSR:Quay:7313,Basmo,59.616802,11.528577
NSR:Quay:7314,Kolsås senter,59.916996,10.500514
NSR:Quay:7315,Kolsås senter,59.916924,10.500511
NSR:Quay:7316,Bjørkemoen,60.051014,11.119065
NSR:Quay:7317,Bjørkemoen,60.050587,11.119084
NSR:Quay:7319,Kolsås,59.914229,10.501345
NSR:Quay:7320,Kolsås,59.914254,10.501433
NSR:Quay:7321,Gran,60.04073,11.11332
NSR:Quay:7322,Gran,60.040832,11.113502
NSR:Quay:7323,Kolsås,59.914804,10.501425
NSR:Quay:7324,Kolsås,59.91441,10.500545
NSR:Quay:7325,Kolsås,59.915236,10.499848
NSR:Quay:7326,Bjerke,60.045423,11.118132
NSR:Quay:7327,Bjerke,60.046536,11.118255
NSR:Quay:7329,Fløgstad gård,60.057218,11.118743
NSR:Quay:7330,Fløgstad gård,60.057516,11.119087
NSR:Quay:7331,Elias Smiths vei,59.891613,10.516066
NSR:Quay:7332,Elias Smiths vei,59.891774,10.516485
NSR:Quay:7333,Nationaltheatret,59.91532,10.73222
NSR:Quay:7334,Nationaltheatret,59.91535,10.73233
NSR:Quay:7335,Lindebergkrysset,60.037392,11.113256
NSR:Quay:7336,Lindebergkrysset,60.037706,11.112915
NSR:Quay:7337,Hamangskogen,59.893159,10.512865
NSR:Quay:7338,Hamangskogen,59.893365,10.512862
NSR:Quay:7339,Lindeberg handel,60.037523,11.125642
NSR:Quay:7340,Lindeberg handel,60.037907,11.125253
NSR:Quay:7343,Hamang,59.89651,10.50762
NSR:Quay:7344,Nordre Refsum,60.056703,11.179721
NSR:Quay:7345,Nordre Refsum,60.056641,11.179584
NSR:Quay:7346,Jongsstubben,59.888312,10.513017
NSR:Quay:7347,Arteid,60.055479,11.152244
NSR:Quay:7348,Arteid,60.055549,11.152542
NSR:Quay:7349,Nationaltheatret,59.914463,10.732905
NSR:Quay:7350,Nationaltheatret,59.914791,10.732886
NSR:Quay:7351,Måneveien,59.885267,10.508715
NSR:Quay:7352,Frogner stasjon,60.023403,11.107154
NSR:Quay:7353,Frogner stasjon,60.023576,11.105957
NSR:Quay:7354,Kampebråten,59.889177,10.508017
NSR:Quay:7355,Mork,59.949774,11.34104
NSR:Quay:7356,Mork,59.949627,11.342268
NSR:Quay:7357,Nationaltheatret,59.914705,10.732822
NSR:Quay:7358,Nationaltheatret,59.914542,10.732983
NSR:Quay:7359,Bjørnegård,59.892795,10.506878
NSR:Quay:7360,Bjørnegård,59.893047,10.50879
NSR:Quay:7362,Mork bedehus,59.951803,11.33166
NSR:Quay:7363,Mork bedehus,59.952189,11.330005
NSR:Quay:7364,Mork bedehus,59.952148,11.330944
NSR:Quay:7365,Vestereng,59.949916,11.310886
NSR:Quay:7366,Vestereng,59.950398,11.312158
NSR:Quay:7369,Varsjøen,59.936877,11.256258
NSR:Quay:7370,Varsjøen,59.936762,11.25618
NSR:Quay:7371,Jong,59.890043,10.50165
NSR:Quay:7372,Jong,59.889762,10.501465
NSR:Quay:7373,Nationaltheatret,59.91419,10.731347
NSR:Quay:7375,Sørumsand stasjon,59.986021,11.24187
NSR:Quay:7376,Kjørbo,59.888335,10.525584
NSR:Quay:7378,Kjørbo,59.888245,10.525028
NSR:Quay:7380,Sørumsand stasjon,59.986075,11.241843
NSR:Quay:7381,Konvallia,59.883666,10.510912
NSR:Quay:7382,Bingsfoss ungdomsskole,59.987453,11.250877
NSR:Quay:7384,Nationaltheatret,59.915964,10.733618
NSR:Quay:7385,Kjørbokollen,59.886813,10.518967
NSR:Quay:7386,Kjørbokollen,59.886842,10.519409
NSR:Quay:7387,Festiviteten,59.986794,11.248796
NSR:Quay:7388,Festiviteten,59.986902,11.249075
NSR:Quay:7389,Sandvika storsenter,59.890503,10.516922
NSR:Quay:7390,Sandvika storsenter,59.891061,10.516038
NSR:Quay:7391,Heggedalsveien,59.986963,11.257078
NSR:Quay:7392,Heggedalsveien,59.986719,11.256955
NSR:Quay:7393,Nationaltheatret,59.913412,10.732741
NSR:Quay:7394,Gyssestad,59.880846,10.513597
NSR:Quay:7395,Gyssestad,59.881722,10.514951
NSR:Quay:7396,Nedre Valsringen,59.993372,11.264095
NSR:Quay:7397,Nedre Valsringen,59.992969,11.263982
NSR:Quay:7398,Øvre Valsringen,59.997016,11.263513
NSR:Quay:7401,Øvre Valsringen,59.997626,11.263196
NSR:Quay:7402,Sandvika storsenter,59.890093,10.521285
NSR:Quay:7405,Hellesjø,60.045167,11.297352
NSR:Quay:7406,Nedre Ås,59.887393,10.499923
NSR:Quay:7407,Nedre Ås,59.887466,10.500484
NSR:Quay:7410,Bøler,60.039256,11.266944
NSR:Quay:7412,Juterudveien,59.883166,10.48913
NSR:Quay:7413,Juterudveien,59.883331,10.489677
NSR:Quay:7414,Vølneberg,60.05218,11.250287
NSR:Quay:7415,Vølneberg,60.052195,11.250408
NSR:Quay:7416,Rugdefaret,59.881049,10.492699
NSR:Quay:7417,Rugdefaret,59.881045,10.492627
NSR:Quay:7420,Veslesjea,60.027271,11.234768
NSR:Quay:7421,Åsløkkveien,59.876986,10.491037
NSR:Quay:7422,Åsløkkveien,59.876905,10.491036
NSR:Quay:7423,Valsporten,60.007542,11.262714
NSR:Quay:7424,Valsporten,60.007743,11.260769
NSR:Quay:7425,Valsporten,60.00689,11.261743
NSR:Quay:7427,Reverud,59.883433,10.483615
NSR:Quay:7428,Reverud,59.883096,10.484122
NSR:Quay:7429,Sørum skole,60.012318,11.235529
NSR:Quay:7430,Sørum skole,60.011497,11.236423
NSR:Quay:7431,Malerstua,59.884471,10.501473
NSR:Quay:7432,Malerstua,59.8846,10.501444
NSR:Quay:7433,Aker brygge,59.91095,10.729659
NSR:Quay:7434,Aker brygge,59.911063,10.730142
NSR:Quay:7435,Sørum skole,60.010931,11.23579
NSR:Quay:7436,Tanum skole,59.884327,10.477081
NSR:Quay:7437,Tanum skole,59.884464,10.476703
NSR:Quay:7438,Fallbrauta,60.016312,11.231318
NSR:Quay:7439,Fallbrauta,60.015733,11.23153
NSR:Quay:7442,Tanum kirke,59.896497,10.478698
NSR:Quay:7443,Tanum kirke,59.896508,10.478874
NSR:Quay:7444,Lørenfallet,60.020948,11.226456
NSR:Quay:7445,Lørenfallet,60.02072,11.226622
NSR:Quay:7446,Tanum eldresenter,59.883875,10.49136
NSR:Quay:7447,Bæregveien,60.021341,11.214842
NSR:Quay:7448,Bæregveien,60.021124,11.216907
NSR:Quay:7449,Nationaltheatret,59.913224,10.731475
NSR:Quay:7452,Frydenlundstoppen,60.022954,11.205022
NSR:Quay:7453,Frydenlundstoppen,60.022925,11.204389
NSR:Quay:7455,Staver,59.882496,10.470928
NSR:Quay:7456,Sørvald,60.02432,11.188384
NSR:Quay:7457,Bjerketun,59.88618,10.465119
NSR:Quay:7458,Sørvald,60.023556,11.190597
NSR:Quay:7459,Bjerketun,59.886065,10.465052
NSR:Quay:7461,Løkka,59.887357,10.456511
NSR:Quay:7462,Knatten,60.026309,11.176285
NSR:Quay:7463,Løkka,59.887396,10.456605
NSR:Quay:7464,Knatten,60.026289,11.178326
NSR:Quay:7465,Knatten,60.026984,11.178857
NSR:Quay:7467,Holo,59.890609,10.450294
NSR:Quay:7468,Holo,59.89053,10.450504
NSR:Quay:7469,Knipa,60.024809,11.173208
NSR:Quay:7470,Knipa,60.024463,11.172718
NSR:Quay:7471,Kattås,59.890544,10.439911
NSR:Quay:7472,Vilbergvegen,60.021,11.166205
NSR:Quay:7473,Vilbergvegen,60.02003,11.164446
NSR:Quay:7475,Aker brygge,59.910115,10.730164
NSR:Quay:7478,Aker brygge,59.910372,10.729182
NSR:Quay:7479,Aker brygge,59.910762,10.730099
NSR:Quay:7485,Lundermoen,60.015997,11.155868
NSR:Quay:7486,Lundermoen,60.016435,11.157874
NSR:Quay:7493,Sandbakkholtet,59.964707,11.379897
NSR:Quay:7494,Sandbakkholtet,59.964189,11.379398
NSR:Quay:7495,Sandbakkholtet,59.963911,11.380141
NSR:Quay:7496,Lindeleiken,59.901647,10.488708
NSR:Quay:7497,Stortorvet,59.912805,10.745734
NSR:Quay:7498,Lunderåsveien,60.014638,11.152816
NSR:Quay:7499,Tangen,59.902359,10.492737
NSR:Quay:7500,Tangen,59.902885,10.491391
NSR:Quay:7501,Aremoen,59.967594,11.378687
NSR:Quay:7502,Aremoen,59.968022,11.378727
NSR:Quay:7504,Høyrabben,59.89419,10.492295
NSR:Quay:7506,Ausenveien,60.016919,11.14114
NSR:Quay:7507,Ausenveien,60.015912,11.143892
NSR:Quay:7508,Kirkerud,59.905504,10.481078
NSR:Quay:7509,Kirkerud,59.905754,10.480906
NSR:Quay:7510,Husmoveien,59.972019,11.376662
NSR:Quay:7511,Husmoveien,59.971175,11.377134
NSR:Quay:7512,Stortorvet,59.912444,10.745391
NSR:Quay:7515,Vøyenenga,59.907462,10.476727
NSR:Quay:7516,Vøyenenga,59.908168,10.47566
NSR:Quay:7517,Yssen,60.01959,11.132999
NSR:Quay:7518,Yssen,60.019629,11.133884
NSR:Quay:7521,Borkenveien,59.906803,10.472571
NSR:Quay:7522,Borkenveien,59.906696,10.472566
NSR:Quay:7523,Drege,60.019637,11.126594
NSR:Quay:7524,Drege,60.019544,11.128332
NSR:Quay:7525,Ståviveien,59.910967,10.471736
NSR:Quay:7526,Ståviveien,59.911979,10.47121
NSR:Quay:7527,Frogner bedehus,60.022319,11.115552
NSR:Quay:7528,Frogner bedehus,60.021721,11.117394
NSR:Quay:7529,Tinghuset,59.915089,10.741276
NSR:Quay:7530,Tinghuset,59.915248,10.741308
NSR:Quay:7531,Horniveien,59.915266,10.467544
NSR:Quay:7532,Horniveien,59.913949,10.468833
NSR:Quay:7533,Melvoll,60.025804,11.116228
NSR:Quay:7535,Arnesenga,59.917473,10.464038
NSR:Quay:7536,Melvold gård,60.028225,11.11247
NSR:Quay:7537,Arnesenga,59.918301,10.463008
NSR:Quay:7538,Melvold gård,60.028178,11.112274
NSR:Quay:7539,Tullinløkka,59.916885,10.737108
NSR:Quay:7540,Tullinløkka,59.916734,10.737387
NSR:Quay:7541,Bærums meieri,59.919257,10.46102
NSR:Quay:7542,Bærums meieri,59.919816,10.460409
NSR:Quay:7543,Frogner skole,60.025359,11.106282
NSR:Quay:7544,Skui eldresenter,59.927352,10.444557
NSR:Quay:7545,Frogner sentrum,60.024832,11.105155
NSR:Quay:7546,Frogner sentrum,60.024914,11.101406
NSR:Quay:7547,Frogner sentrum,60.02497,11.101679
NSR:Quay:7550,Skui,59.925779,10.452673
NSR:Quay:7551,Skui,59.92531,10.453065
NSR:Quay:7552,Frogner bru,60.023997,11.096146
NSR:Quay:7553,Frogner bru,60.024072,11.095896
NSR:Quay:7554,Skui skole,59.927416,10.448864
NSR:Quay:7555,Skui skole,59.927911,10.448006
NSR:Quay:7556,Holbergs plass,59.918838,10.734592
NSR:Quay:7557,Holbergs plass,59.918563,10.734496
NSR:Quay:7558,Høybo,60.023817,11.083961
NSR:Quay:7559,Høybo,60.023643,11.082662
NSR:Quay:7560,Smestad,59.931382,10.438136
NSR:Quay:7561,Smestad,59.93139,10.438621
NSR:Quay:7562,Vardefjellet,60.031487,11.066806
NSR:Quay:7567,Eventyrveien,60.033275,11.071652
NSR:Quay:7568,Eventyrveien,60.033212,11.071054
NSR:Quay:7571,Åskammen,60.029444,11.074498
NSR:Quay:7572,Åskammen,60.029273,11.074648
NSR:Quay:7577,Fjellbo,60.02406,11.068975
NSR:Quay:7578,Svendsrudveien,59.964965,11.212857
NSR:Quay:7582,Blaker stasjon,60.004999,11.302088
NSR:Quay:7583,Blaker stasjon,60.005254,11.302778
NSR:Quay:7588,Grønnbekkvegen,60.025485,11.329801
NSR:Quay:7591,Bruvollen,59.984405,11.348823
NSR:Quay:7592,Bruvollen,59.984344,11.348737
NSR:Quay:7598,Hellne,59.978176,11.362344
NSR:Quay:7599,Hellne,59.978868,11.363275
NSR:Quay:7600,Hellne,59.978153,11.363133
NSR:Quay:7601,Hellne,59.9772,11.364174
NSR:Quay:7602,Bærum sykehus,59.898485,10.508836
NSR:Quay:7603,Bærum sykehus,59.898565,10.509447
NSR:Quay:7604,Haugtun skole,60.000406,11.315095
NSR:Quay:7609,Myrimellom,60.00407,11.335874
NSR:Quay:7610,Myrimellom,60.004214,11.335596
NSR:Quay:7611,Dønskitoppen,59.900974,10.501433
NSR:Quay:7612,Dønskitoppen,59.902051,10.502761
NSR:Quay:7615,Toreid,60.005101,11.356824
NSR:Quay:7616,Toreid,60.005035,11.356929
NSR:Quay:7620,Fossmoen,59.998887,11.310666
NSR:Quay:7621,Fossmoen,59.998776,11.308317
NSR:Quay:7623,Dønski bo- og behandlingssenter,59.902133,10.50442
NSR:Quay:7624,Haglund bru,59.991853,11.299409
NSR:Quay:7625,Haglund bru,59.992451,11.300369
NSR:Quay:7626,Vebekkveien,59.904596,10.505676
NSR:Quay:7627,Vebekkveien,59.904556,10.505491
NSR:Quay:7628,Fossum stasjon,59.986832,11.283825
NSR:Quay:7629,Fossum stasjon,59.987456,11.2847
NSR:Quay:7631,Rudsdalen,59.905996,10.503053
NSR:Quay:7632,Rudsdalen,59.906188,10.502975
NSR:Quay:7633,Monsrudveien,59.983106,11.269561
NSR:Quay:7634,Monsrudveien,59.982808,11.268046
NSR:Quay:7635,Rud,59.905499,10.497796
NSR:Quay:7636,Nordsjø,59.981769,11.263148
NSR:Quay:7637,Nordsjø,59.981815,11.26269
NSR:Quay:7638,Vippetangen,59.903404,10.740485
NSR:Quay:7639,Vippetangen,59.903186,10.741397
NSR:Quay:7640,Johs. Haugeruds vei,59.905461,10.499526
NSR:Quay:7641,Fjuk,59.984783,11.366419
NSR:Quay:7642,Fjuk,59.984191,11.365842
NSR:Quay:7643,Kremlegrenda,59.921255,10.498129
NSR:Quay:7644,Kremlegrenda,59.921452,10.498413
NSR:Quay:7646,Blaker skole,59.991355,11.373679
NSR:Quay:7647,Verksgata,59.936767,10.501296
NSR:Quay:7648,Staurhaugen,60.004283,11.382174
NSR:Quay:7649,Verksgata,59.937338,10.501342
NSR:Quay:7650,Staurhaugen,60.004293,11.382571
NSR:Quay:7651,Staurhaugen,60.004337,11.38215
NSR:Quay:7653,Gommerudveien,59.931702,10.496122
NSR:Quay:7654,Kurland,60.008822,11.389936
NSR:Quay:7655,Kurland,60.008834,11.39017
NSR:Quay:7656,Langleiken,59.929474,10.494958
NSR:Quay:7657,Rånåsfoss stasjon,60.029522,11.32919
NSR:Quay:7658,Langleiken,59.927989,10.495264
NSR:Quay:7659,Rånåsfoss stasjon,60.029751,11.329077
NSR:Quay:7662,Torbjørnsrudvegen,60.032186,11.314649
NSR:Quay:7664,Åsbråtan,59.925759,10.497471
NSR:Quay:7665,Åsbråtan,59.925099,10.497829
NSR:Quay:7666,Løkenhavna,59.923486,10.5055
NSR:Quay:7667,Rånås bru,60.034443,11.331196
NSR:Quay:7668,Løkenhavna,59.923601,10.505319
NSR:Quay:7669,Rånås bru,60.034257,11.329764
NSR:Quay:7670,Kontraskjæret,59.910796,10.736022
NSR:Quay:7671,Kontraskjæret,59.910985,10.735536
NSR:Quay:7672,Sandnesvegen,60.031835,11.340806
NSR:Quay:7673,Bryn kirke,59.919878,10.491206
NSR:Quay:7674,Bryn kirke,59.920214,10.490181
NSR:Quay:7676,Kvevli,59.974898,11.321698
NSR:Quay:7680,Rykkinn senter,59.924684,10.487376
NSR:Quay:7681,Skytten,59.929379,10.486166
NSR:Quay:7682,Ørken,59.963903,11.328315
NSR:Quay:7684,Rykkinn senter,59.923929,10.486238
NSR:Quay:7687,Rausandbakken,60.023854,11.30049
NSR:Quay:7688,Brennejordet,59.917173,10.472065
NSR:Quay:7689,Brennejordet,59.917091,10.472132
NSR:Quay:7691,Mangset,60.017587,11.289925
NSR:Quay:7692,Tjuvholmen,59.910114,10.721237
NSR:Quay:7693,Tjuvholmen,59.909941,10.7221
NSR:Quay:7694,Eineåsen,59.932933,10.479731
NSR:Quay:7695,Lystad,59.968029,11.218506
NSR:Quay:7696,Vøyen gård,59.912773,10.486789
NSR:Quay:7697,Vøyen gård,59.912791,10.487176
NSR:Quay:7698,Lystadkroken,59.960057,11.220394
NSR:Quay:7699,Vika atrium,59.910836,10.723177
NSR:Quay:7700,Vika atrium,59.910762,10.722139
NSR:Quay:7701,Grevlingveien,59.977503,11.24651
NSR:Quay:7702,Grevlingveien,59.978581,11.245132
NSR:Quay:7703,Langvari,59.92441,10.4938
NSR:Quay:7704,Langvari,59.924461,10.493648
NSR:Quay:7705,Sennerud,59.979558,11.239952
NSR:Quay:7706,Sennerud,59.980054,11.240092
NSR:Quay:7707,Otto Rykkinds vei,59.933647,10.471787
NSR:Quay:7710,Nylenna,59.973222,11.249289
NSR:Quay:7711,Nylenna,59.972661,11.24901
NSR:Quay:7712,Saubakken,59.929901,10.465832
NSR:Quay:7713,Orderud,59.97087,11.248704
NSR:Quay:7714,Orderud,59.970092,11.248289
NSR:Quay:7715,Bergerstien,59.925746,10.46819
NSR:Quay:7716,Filipstadveien,59.908621,10.713561
NSR:Quay:7717,Filipstadveien,59.908488,10.712882
NSR:Quay:7718,Orderudtoppen,59.968638,11.247334
NSR:Quay:7719,Paal Bergs vei,59.922752,10.483502
NSR:Quay:7721,Orredalen,59.969727,11.242305
NSR:Quay:7724,Makedonien,59.923362,10.479924
NSR:Quay:7725,Makedonien,59.923363,10.478659
NSR:Quay:7726,Skugstad,59.988057,11.326875
NSR:Quay:7727,Skugstad,59.988041,11.32773
NSR:Quay:7728,Skugstad,59.988118,11.32724
NSR:Quay:7729,Nadderud stadion,59.919354,10.580188
NSR:Quay:7730,Nadderud stadion,59.918758,10.581387
NSR:Quay:7731,Solli,59.914885,10.719338
NSR:Quay:7732,Solli,59.91482,10.718646
NSR:Quay:7733,Huseby,59.994879,11.31801
NSR:Quay:7734,Huseby,59.99494,11.318217
NSR:Quay:7735,Øygardveien,59.920882,10.576535
NSR:Quay:7736,Øygardveien,59.921296,10.57587
NSR:Quay:7737,Heia industrifelt,59.925033,11.213997
NSR:Quay:7738,Heia industrifelt,59.924588,11.219849
NSR:Quay:7739,Solli,59.915234,10.717219
NSR:Quay:7740,Haslum skole,59.925008,10.570385
NSR:Quay:7741,Haslum skole,59.924696,10.571205
NSR:Quay:7742,Gransveien,59.923806,11.193912
NSR:Quay:7743,Gransveien,59.923568,11.197434
NSR:Quay:7744,Griniveien,59.928144,10.568349
NSR:Quay:7745,Griniveien,59.928402,10.567963
NSR:Quay:7746,Tyriveien,59.936412,11.157319
NSR:Quay:7747,Solli,59.915259,10.717343
NSR:Quay:7748,Tyriveien,59.936338,11.157228
NSR:Quay:7749,Åsterud,59.929266,10.558671
NSR:Quay:7750,Åsterud,59.928393,10.557472
NSR:Quay:7751,Granlia,59.940447,11.156493
NSR:Quay:7752,Granlia,59.939877,11.156501
NSR:Quay:7753,Niels Juels gate,59.916319,10.71505
NSR:Quay:7754,Niels Juels gate,59.916368,10.715224
NSR:Quay:7755,Steinskogen gravlund,59.93226,10.551472
NSR:Quay:7756,Østersund skole,59.920338,11.168732
NSR:Quay:7757,Fetsund stasjon,59.927172,11.162206
NSR:Quay:7758,Godthåb,59.929923,10.553369
NSR:Quay:7759,Godthåb,59.929744,10.553406
NSR:Quay:7760,Herredshuset,59.924872,11.155768
NSR:Quay:7761,Stein gård,59.934352,10.54276
NSR:Quay:7762,Herredshuset,59.925069,11.154404
NSR:Quay:7763,Stein gård,59.933937,10.543375
NSR:Quay:7764,Skillebekk,59.912849,10.710892
NSR:Quay:7765,Skillebekk,59.912769,10.711401
NSR:Quay:7766,Hovinhøgda,59.930083,11.146705
NSR:Quay:7767,Knabberudveien,59.935884,10.537635
NSR:Quay:7768,Knabberudveien,59.935275,10.538536
NSR:Quay:7769,Hovinhøgda,59.930709,11.144662
NSR:Quay:7770,Skarpsno,59.914234,10.702529
NSR:Quay:7771,Skarpsno,59.91436,10.702427
NSR:Quay:7772,Steinskogen,59.938221,10.526394
NSR:Quay:7773,Steinskogen,59.937808,10.527099
NSR:Quay:7774,Hovinbakken,59.931443,11.140381
NSR:Quay:7775,Hovinbakken,59.93222,11.139303
NSR:Quay:7776,Øvre Toppenhaug,59.93907,10.519924
NSR:Quay:7777,Øvre Toppenhaug,59.939242,10.518476
NSR:Quay:7778,Linderud,59.793554,11.261719
NSR:Quay:7779,Linderud,59.79361,11.261834
NSR:Quay:7780,Nobels gate,59.917708,10.69817
NSR:Quay:7781,Nobels gate,59.91759,10.698433
NSR:Quay:7782,Nedre Toppenhaug,59.941766,10.506285
NSR:Quay:7783,Nedre Toppenhaug,59.941366,10.508474
NSR:Quay:7784,Korsveien,59.93362,11.148942
NSR:Quay:7785,Korsveien,59.933437,11.148344
NSR:Quay:7786,Bærums verk,59.941952,10.502841
NSR:Quay:7787,Bærums verk,59.941887,10.503045
NSR:Quay:7788,Sommerly,59.937202,11.151236
NSR:Quay:7789,Sommerly,59.936985,11.150729
NSR:Quay:7790,Observatoriegata,59.912723,10.719314
NSR:Quay:7791,Observatoriegata,59.912938,10.719789
NSR:Quay:7792,Helsetveien,59.944244,10.513219
NSR:Quay:7793,Helsetveien,59.944745,10.514123
NSR:Quay:7794,Gamle Fet rådhus,59.922435,11.169085
NSR:Quay:7795,Ruseløkka,59.912811,10.724306
NSR:Quay:7796,Ruseløkka,59.912914,10.723912
NSR:Quay:7797,Linderudveien,59.947431,10.512261
NSR:Quay:7798,Sundet,59.92279,11.171307
NSR:Quay:7799,Linderudveien,59.948388,10.511505
NSR:Quay:7800,Holterveien,59.945817,11.196597
NSR:Quay:7801,Sleiverudåsen,59.944809,10.502383
NSR:Quay:7802,Sleiverudåsen,59.944692,10.503697
NSR:Quay:7803,Løken terrasse,59.919646,11.181917
NSR:Quay:7804,Elisenberg,59.919624,10.708612
NSR:Quay:7805,Elisenberg,59.919336,10.708864
NSR:Quay:7806,Løken terrasse,59.919613,11.181743
NSR:Quay:7807,Grinda,59.944561,10.495127
NSR:Quay:7808,Grinda,59.944656,10.497415
NSR:Quay:7809,Olderveien,59.959462,11.204048
NSR:Quay:7810,Gruvemyra,59.94319,10.491275
NSR:Quay:7811,Gruvemyra,59.942713,10.490439
NSR:Quay:7812,Frogner kirke,59.917466,10.707657
NSR:Quay:7813,Frogner kirke,59.917891,10.706984
NSR:Quay:7814,Løken,59.916098,11.177202
NSR:Quay:7815,Løken,59.916193,11.177229
NSR:Quay:7816,Gullhaug,59.941226,10.491847
NSR:Quay:7817,Velveien,59.954324,11.203099
NSR:Quay:7818,Guldbrandslia,59.943647,10.507565
NSR:Quay:7819,Guldbrandslia,59.942834,10.506446
NSR:Quay:7820,Odins gate,59.919464,10.703526
NSR:Quay:7821,Odins gate,59.919471,10.703723
NSR:Quay:7822,Riddersand skole,59.916063,11.172004
NSR:Quay:7823,Riddersand skole,59.917226,11.169982
NSR:Quay:7824,Skarvaveien,59.949138,10.498112
NSR:Quay:7825,Skarvaveien,59.949058,10.499408
NSR:Quay:7826,Kjustadhagan,59.943779,11.21066
NSR:Quay:7827,Lille Frogner allé,59.917843,10.712255
NSR:Quay:7828,Lille Frogner allé,59.918026,10.712142
NSR:Quay:7829,Eineveien,59.953567,10.490272
NSR:Quay:7830,Grendehuset,59.939869,11.208152
NSR:Quay:7831,Eineveien,59.954106,10.4898
NSR:Quay:7832,Stubbgutua,59.933362,11.204357
NSR:Quay:7833,Slalåmveien,59.957403,10.485144
NSR:Quay:7834,Slalåmveien,59.957572,10.485109
NSR:Quay:7835,Olav Kyrres plass,59.919297,10.697795
NSR:Quay:7836,Olav Kyrres plass,59.919187,10.697873
NSR:Quay:7837,Falla,59.933202,11.197944
NSR:Quay:7838,Trulsrud,59.959889,10.478945
NSR:Quay:7839,Trulsrud,59.959732,10.479079
NSR:Quay:7840,Ekebergtoppen,59.935988,11.192459
NSR:Quay:7841,Lommedalen skole,59.961432,10.473551
NSR:Quay:7842,Karenslyst allé,59.918317,10.688734
NSR:Quay:7843,Karenslyst allé,59.918363,10.688158
NSR:Quay:7844,Fråstad,59.936519,11.188433
NSR:Quay:7845,Sentralen,59.961144,10.477309
NSR:Quay:7846,Sentralen,59.961748,10.476051
NSR:Quay:7847,Fallaveien,59.935769,11.1941
NSR:Quay:7849,Kirkebyveien,59.96393,10.474968
NSR:Quay:7851,Kirkebyveien,59.963738,10.474844
NSR:Quay:7852,Tingsrudveien,59.930083,11.202294
NSR:Quay:7853,Johnsrudgata,59.967615,10.472344
NSR:Quay:7854,Johnsrudgata,59.967482,10.472221
NSR:Quay:7855,Ramstadskogen,59.926028,11.197979
NSR:Quay:7856,Kongsgården,59.909243,10.681162
NSR:Quay:7857,Kongsgården,59.909369,10.680787
NSR:Quay:7858,Sagåsen,59.970387,10.469606
NSR:Quay:7859,Sagåsen,59.970449,10.469716
NSR:Quay:7860,Tofsrud,59.936795,11.207573
NSR:Quay:7861,Guribysagveien,59.973772,10.467575
NSR:Quay:7862,Guribysagveien,59.973755,10.46738
NSR:Quay:7863,Nordli,59.949336,11.216134
NSR:Quay:7864,Huk,59.898227,10.675122
NSR:Quay:7865,Huk,59.898559,10.674452
NSR:Quay:7866,Bråtenstubben,59.936685,11.204419
NSR:Quay:7867,Vensåsveien,59.976296,10.468903
NSR:Quay:7868,Vensåsveien,59.976226,10.468766
NSR:Quay:7869,Guttersrud,59.962967,11.207913
NSR:Quay:7870,Bykrysset,59.979368,10.467765
NSR:Quay:7871,Ro,59.900987,10.675608
NSR:Quay:7872,Ro,59.900862,10.675766
NSR:Quay:7874,Dammerud,59.931151,11.184514
NSR:Quay:7875,Burudveien,59.955217,10.49535
NSR:Quay:7876,Burudveien,59.955412,10.494703
NSR:Quay:7878,Annikveien,59.953489,10.506773
NSR:Quay:7879,Annikveien,59.952715,10.507696
NSR:Quay:7880,Frimurerhjemmet,59.901159,10.678904
NSR:Quay:7881,Frimurerhjemmet,59.901219,10.678864
NSR:Quay:7882,Fjellsrud,59.88225,11.219375
NSR:Quay:7883,Fjellsrud,59.882654,11.220034
NSR:Quay:7884,Fjellsrud,59.881506,11.219857
NSR:Quay:7885,Strandveien,59.912744,10.639406
NSR:Quay:7886,Fjellsrud,59.882698,11.220345
NSR:Quay:7887,Stensrud,59.877293,11.247388
NSR:Quay:7888,Lysakerlokket,59.913044,10.634353
NSR:Quay:7889,Stensrud,59.877196,11.249219
NSR:Quay:7890,Lysakerlokket,59.912938,10.634302
NSR:Quay:7891,Bygdøhus,59.901342,10.68223
NSR:Quay:7892,Bygdøhus,59.901396,10.681825
NSR:Quay:7893,Øvre Dalen,59.878853,11.242919
NSR:Quay:7894,Øvre Dalen,59.878321,11.244349
NSR:Quay:7895,Lysaker stasjon,59.913177,10.6373
NSR:Quay:7897,Lysaker stasjon,59.9132,10.638097
NSR:Quay:7901,Holtedalveien,59.875571,11.264041
NSR:Quay:7902,Holtedalveien,59.876031,11.26292
NSR:Quay:7903,Fredriksborg,59.903546,10.686835
NSR:Quay:7904,Fredriksborg,59.903224,10.686878
NSR:Quay:7905,Lysaker stasjon,59.912755,10.638489
NSR:Quay:7906,Nygårdstoppen,59.880911,11.230291
NSR:Quay:7907,Nygårdstoppen,59.881255,11.23278
NSR:Quay:7908,Lysaker brygge,59.911518,10.638928
NSR:Quay:7909,Lysaker brygge,59.911398,10.639317
NSR:Quay:7910,Sollien,59.869604,11.286116
NSR:Quay:7911,Sollien,59.869872,11.284745
NSR:Quay:7912,Vikingskipene,59.904523,10.68646
NSR:Quay:7913,Vikingskipene,59.90483,10.686787
NSR:Quay:7915,Kringenveien,59.922682,11.175526
NSR:Quay:7916,Kringenveien,59.922434,11.177658
NSR:Quay:7919,Krokedal,59.760538,11.294629
NSR:Quay:7920,Krokedal,59.760486,11.294431
NSR:Quay:7921,Folkemuseet,59.907708,10.686371
NSR:Quay:7922,Folkemuseet,59.907321,10.687415
NSR:Quay:7925,Smådal,59.762716,11.290249
NSR:Quay:7926,Smådal,59.762491,11.290652
NSR:Quay:7927,Slependen,59.878104,10.503498
NSR:Quay:7928,Slependen,59.877711,10.503327
NSR:Quay:7929,Bygdøynes,59.903108,10.698428
NSR:Quay:7930,Teig,59.76878,11.278126
NSR:Quay:7931,Teig,59.768738,11.278386
NSR:Quay:7932,Grønsund,59.874532,10.505671
NSR:Quay:7933,Grønsund,59.873727,10.508863
NSR:Quay:7934,Lindeberg gård,59.775453,11.274312
NSR:Quay:7935,Lindeberg gård,59.775908,11.276562
NSR:Quay:7936,Herbernveien,59.901921,10.694716
NSR:Quay:7937,Herbernveien,59.902143,10.695544
NSR:Quay:7938,Svartdal,59.778369,11.278724
NSR:Quay:7939,Svartdal,59.778274,11.278469
NSR:Quay:7940,Hals,59.872639,10.514651
NSR:Quay:7941,Hals,59.872755,10.514879
NSR:Quay:7942,Bøler mølle,59.784436,11.274346
NSR:Quay:7943,Bøler mølle,59.784527,11.27388
NSR:Quay:7944,IKEA Slependen,59.875502,10.500569
NSR:Quay:7945,IKEA Slependen,59.876033,10.500408
NSR:Quay:7946,Langvik,59.901676,10.687565
NSR:Quay:7947,Langvik,59.901625,10.687597
NSR:Quay:7948,Langerud,59.787465,11.269017
NSR:Quay:7949,Langerud,59.7875,11.269146
NSR:Quay:7950,Otto Blehrs vei,59.871213,10.516655
NSR:Quay:7951,Otto Blehrs vei,59.870961,10.516405
NSR:Quay:7952,Svarterud,59.799343,11.255984
NSR:Quay:7953,Svarterud,59.798207,11.257719
NSR:Quay:7954,Gråtenveien,59.871952,10.521574
NSR:Quay:7956,Enger,59.803319,11.258047
NSR:Quay:7957,Enger,59.803809,11.257553
NSR:Quay:7958,Vesthellinga,59.868927,10.513983
NSR:Quay:7959,Ersrud,59.806835,11.252948
NSR:Quay:7960,Ersrud,59.806062,11.254616
NSR:Quay:7962,Hovedøya,59.898905,10.730738
NSR:Quay:7963,Tjernveien,59.862939,10.514364
NSR:Quay:7964,Klokkerud,59.917593,11.184133
NSR:Quay:7965,Klokkerud,59.918511,11.183658
NSR:Quay:7966,Søndre brygge,59.859498,10.517078
NSR:Quay:7967,Svimek,59.884006,11.21677
NSR:Quay:7968,Lindøya vest,59.890101,10.706515
NSR:Quay:7969,Svindal,59.885156,11.207058
NSR:Quay:7970,Vendla,59.860718,10.522394
NSR:Quay:7971,Svindal,59.885976,11.205824
NSR:Quay:7972,Gaukerud,59.889287,11.20245
NSR:Quay:7973,Gaukerud,59.888902,11.202477
NSR:Quay:7974,Søndre vei,59.862775,10.528915
NSR:Quay:7976,Nakkholmen,59.890735,10.696918
NSR:Quay:7977,Åsveien,59.896539,11.193861
NSR:Quay:7978,Kalkbukta,59.86532,10.533898
NSR:Quay:7979,Åsveien,59.896134,11.194151
NSR:Quay:7980,Råmyra,59.898355,11.190098
NSR:Quay:7981,Sjøheim,59.868605,10.54205
NSR:Quay:7982,Råmyra,59.89852,11.190063
NSR:Quay:7984,Holtbakken,59.903889,11.182095
NSR:Quay:7985,Margretes vei,59.871858,10.540006
NSR:Quay:7986,Holtbakken,59.903322,11.182475
NSR:Quay:7987,Skjønhaug i Fet,59.908702,11.182607
NSR:Quay:7988,Skjønhaug i Fet,59.90795,11.181858
NSR:Quay:7989,Taglugnveien,59.873552,10.535057
NSR:Quay:7990,Bleikøya,59.889046,10.734917
NSR:Quay:7991,Bjerkeflåtten,59.833612,11.244024
NSR:Quay:7992,Bjerkeflåtten,59.833615,11.243885
NSR:Quay:7993,Hovedgårdsveien,59.873184,10.525761
NSR:Quay:7996,Ulverud,59.837589,11.246905
NSR:Quay:7997,Ulverud,59.837247,11.246446
NSR:Quay:7998,Lindøya øst,59.890549,10.719607
NSR:Quay:7999,Billingstadveien,59.874077,10.489285
NSR:Quay:8000,Vinlandsveien,59.841278,11.247114
NSR:Quay:8001,Billingstadveien,59.874887,10.493298
NSR:Quay:8002,Vinlandsveien,59.841538,11.247259
NSR:Quay:8003,Østanesveien,59.846297,11.242087
NSR:Quay:8004,Østanesveien,59.846566,11.242289
NSR:Quay:8005,Bergerveien,59.872796,10.487968
NSR:Quay:8007,Nesbru,59.866353,10.489591
NSR:Quay:8008,Nesbru,59.865201,10.488518
NSR:Quay:8009,Langøyene,59.871439,10.725556
NSR:Quay:8010,Sand,59.855501,11.235808
NSR:Quay:8011,Sand,59.855774,11.234926
NSR:Quay:8012,Gansvika,59.862985,11.225664
NSR:Quay:8013,Nedre Berger,59.869319,10.48795
NSR:Quay:8014,Gansvika,59.862039,11.226166
NSR:Quay:8015,Nedre Berger,59.869322,10.488089
NSR:Quay:8017,Bytoppen,59.872086,11.222674
NSR:Quay:8018,Nesåsen,59.863091,10.490506
NSR:Quay:8019,Bytoppen,59.872165,11.222824
NSR:Quay:8020,Nesåsen,59.862399,10.49083
NSR:Quay:8021,Dalheimveien,59.874604,11.222845
NSR:Quay:8022,Grønlia,59.851389,10.491981
NSR:Quay:8023,Dalheimveien,59.874937,11.223081
NSR:Quay:8024,Orestien,59.841724,10.46933
NSR:Quay:8025,Orestien,59.841696,10.469013
NSR:Quay:8026,Dalen skole,59.874271,11.220018
NSR:Quay:8027,Majorstuen,59.930047,10.714728
NSR:Quay:8028,Majorstuen,59.930279,10.714647
NSR:Quay:8029,Hestehagen,59.843645,10.478998
NSR:Quay:8030,Tuen,59.945912,11.110552
NSR:Quay:8031,Hestehagen,59.843522,10.479145
NSR:Quay:8032,Tuen,59.946406,11.108961
NSR:Quay:8033,Holmen bru,59.855324,10.486528
NSR:Quay:8034,Borgen-Jølsen,59.955024,11.107733
NSR:Quay:8037,Ravnsborg,59.857924,10.476679
NSR:Quay:8038,Ravnsborg,59.857905,10.477532
NSR:Quay:8039,Bergerveien,59.951239,11.116143
NSR:Quay:8041,Skjelverveien,59.949592,11.117508
NSR:Quay:8042,Majorstuen,59.929505,10.717431
NSR:Quay:8043,Hvalstad,59.857042,10.46635
NSR:Quay:8044,Leirsund stasjon,59.999611,11.086715
NSR:Quay:8045,Hvalstad,59.857101,10.467227
NSR:Quay:8046,Leirsund,59.996981,11.088188
NSR:Quay:8047,Leirsund,59.996439,11.086935
NSR:Quay:8048,Landøya,59.858565,10.493574
NSR:Quay:8049,Landøya,59.858717,10.493885
NSR:Quay:8052,Heishagen,59.997928,11.098544
NSR:Quay:8053,Heishagen,59.997766,11.09856
NSR:Quay:8054,Holmen senter,59.856329,10.491681
NSR:Quay:8055,Asak skole,59.992718,11.107416
NSR:Quay:8056,Asak skole,59.993459,11.108186
NSR:Quay:8057,Holmen sør,59.853884,10.491176
NSR:Quay:8058,Majorstuen,59.929063,10.715825
NSR:Quay:8059,Asak pleiehjem,59.988852,11.106301
NSR:Quay:8060,Holmenbukta,59.854771,10.492493
NSR:Quay:8061,Asak pleiehjem,59.988804,11.106129
NSR:Quay:8062,Syverstad,59.850003,10.491849
NSR:Quay:8063,Syverstad,59.848558,10.489124
NSR:Quay:8064,Asakmoen,59.985576,11.111711
NSR:Quay:8065,Asakmoen,59.985502,11.111708
NSR:Quay:8066,Majorstuen,59.92965,10.713266
NSR:Quay:8067,Majorstuen,59.929541,10.714046
NSR:Quay:8068,Hval,59.844271,10.483629
NSR:Quay:8069,Hval,59.844902,10.483535
NSR:Quay:8070,Tretjernet,59.985699,11.131602
NSR:Quay:8071,Tretjernet,59.985686,11.131766
NSR:Quay:8072,Hvalstrand,59.841681,10.481499
NSR:Quay:8073,Hvalstrand,59.841749,10.481231
NSR:Quay:8074,Branderud,59.983437,11.143422
NSR:Quay:8075,Branderud,59.983601,11.143447
NSR:Quay:8076,Majorstuen,59.929916,10.715827
NSR:Quay:8077,Majorstuen,59.930466,10.714686
NSR:Quay:8078,Majorstuen,59.929783,10.715688
NSR:Quay:8079,Majorstuen,59.929528,10.716088
NSR:Quay:8080,Jenseberget,59.956846,11.02533
NSR:Quay:8081,Leangen,59.838782,10.477036
NSR:Quay:8082,Jenseberget,59.956779,11.023238
NSR:Quay:8083,Leangen,59.838461,10.47545
NSR:Quay:8084,Jonas Lies gate,59.957102,11.035115
NSR:Quay:8085,Jonas Lies gate,59.956943,11.035101
NSR:Quay:8086,Konglungen,59.839332,10.510056
NSR:Quay:8087,Konglungen,59.839322,10.510094
NSR:Quay:8089,Majorstuen,59.929712,10.717431
NSR:Quay:8092,Lillestrøm bussterminal,59.954076,11.042217
NSR:Quay:8093,Lillestrøm bussterminal,59.95412,11.043312
NSR:Quay:8095,Lillestrøm bussterminal,59.953979,11.042842
NSR:Quay:8096,Gamle Konglungvei,59.837146,10.50234
NSR:Quay:8097,Lillestrøm bussterminal,59.954027,11.042528
NSR:Quay:8098,Gamle Konglungvei,59.837147,10.50216
NSR:Quay:8099,Lillestrøm bussterminal,59.953964,11.042944
NSR:Quay:8100,Lillestrøm bussterminal,59.953995,11.042738
NSR:Quay:8103,Lillestrøm bussterminal,59.954108,11.042008
NSR:Quay:8105,Lillestrøm bussterminal,59.954043,11.042424
NSR:Quay:8107,Lillestrøm bussterminal,59.954012,11.042633
NSR:Quay:8110,Lillestrøm bussterminal,59.954059,11.042319
NSR:Quay:8111,Lillestrøm bussterminal,59.954093,11.042107
NSR:Quay:8112,Spira,59.834984,10.494156
NSR:Quay:8114,Spira,59.834983,10.49392
NSR:Quay:8116,Gatåsen,59.829304,10.480276
NSR:Quay:8117,Gatåsen,59.82928,10.4806
NSR:Quay:8119,Homansbyen,59.922478,10.726519
NSR:Quay:8120,Homansbyen,59.922642,10.72657
NSR:Quay:8121,Askerhallen,59.827322,10.446692
NSR:Quay:8122,Askerhallen,59.827162,10.44659
NSR:Quay:8124,Bleikerhaugen,59.828669,10.444503
NSR:Quay:8125,Bleikerhaugen,59.829256,10.443515
NSR:Quay:8126,Vestbygata,59.963973,11.051498
NSR:Quay:8127,Vestbygata,59.963961,11.051297
NSR:Quay:8130,Floraveien,59.963719,11.058472
NSR:Quay:8131,Floraveien,59.962416,11.060435
NSR:Quay:8132,Langenga,59.826723,10.455079
NSR:Quay:8133,Langenga,59.826259,10.453202
NSR:Quay:8134,Måsasvingen vest,59.968029,11.05172
NSR:Quay:8135,Måsasvingen vest,59.968492,11.05157
NSR:Quay:8136,Fusdal,59.832243,10.44089
NSR:Quay:8137,Fusdal,59.830993,10.44085
NSR:Quay:8142,Tegnebyholtet,59.516483,10.734949
NSR:Quay:8143,Tegnebyholtet,59.516453,10.735764
NSR:Quay:8144,Måsasvingen øst,59.966661,11.053922
NSR:Quay:8145,Bekkelaget,59.532199,10.748271
NSR:Quay:8146,Bekkelaget,59.532084,10.748414
NSR:Quay:8147,Brauterkrysset,59.969962,11.050787
NSR:Quay:8148,Brauterkrysset,59.970155,11.051734
NSR:Quay:8149,Bogstadveien,59.926092,10.72165
NSR:Quay:8150,Bogstadveien,59.926357,10.721398
NSR:Quay:8151,Brandstad,59.545469,10.749985
NSR:Quay:8152,Steinbruddveien,59.541712,10.749161
NSR:Quay:8153,Kjerulfs gate,59.955966,11.051798
NSR:Quay:8154,Kjerulfs gate,59.95571,11.052555
NSR:Quay:8155,Grorød,59.547022,10.754564
NSR:Quay:8156,Grorød,59.547008,10.754212
NSR:Quay:8157,St. Olavs gate,59.955107,11.056176
NSR:Quay:8158,St. Olavs gate,59.954852,11.057195
NSR:Quay:8159,Frogner plass,59.921768,10.70472
NSR:Quay:8160,Frogner plass,59.921915,10.704946
NSR:Quay:8161,Leiv Eirikssons gate,59.954912,11.061505
NSR:Quay:8162,Pukkverket,59.585228,10.76621
NSR:Quay:8163,Pukkverket,59.58531,10.76632
NSR:Quay:8164,Roald Amundsens gate,59.955742,11.068656
NSR:Quay:8165,Roald Amundsens gate,59.955494,11.067489
NSR:Quay:8166,Brandstad,59.544984,10.750838
NSR:Quay:8167,Brandstad,59.544976,10.750691
NSR:Quay:8169,Vigernes,59.955645,11.073033
NSR:Quay:8170,Frogner plass,59.922475,10.704841
NSR:Quay:8171,Frogner plass,59.922618,10.705042
NSR:Quay:8172,Kjærstad,59.58594,10.810941
NSR:Quay:8173,Kjærstad,59.585914,10.810834
NSR:Quay:8177,Bjørnerud,59.588042,10.762787
NSR:Quay:8178,Bjørnerud,59.58813,10.762863
NSR:Quay:8179,Isakbekken,59.951598,11.076399
NSR:Quay:8180,Isakbekken,59.951811,11.076799
NSR:Quay:8181,Vigelandsparken,59.924676,10.708575
NSR:Quay:8182,Vigelandsparken,59.924451,10.707727
NSR:Quay:8183,Presterud,59.57481,10.800312
NSR:Quay:8184,Presterud,59.574931,10.800317
NSR:Quay:8185,Brautertoppen,59.976542,11.056645
NSR:Quay:8186,Brautertoppen,59.978008,11.056277
NSR:Quay:8187,Furukollen,59.571313,10.793917
NSR:Quay:8188,Furukollen,59.571425,10.794078
NSR:Quay:8189,Vigelandsparken,59.924676,10.708274
NSR:Quay:8190,Vigelandsparken,59.924449,10.708009
NSR:Quay:8191,Nordsnoveien,59.971248,11.05113
NSR:Quay:8192,Nordsnoveien,59.971339,11.05113
NSR:Quay:8193,Svineskog,59.566332,10.783626
NSR:Quay:8194,Svineskog,59.566327,10.783438
NSR:Quay:8195,Forskningsparken,59.973941,11.045203
NSR:Quay:8196,Forskningsparken,59.973931,11.045806
NSR:Quay:8197,Riis,59.983341,11.050846
NSR:Quay:8198,Randembakken,59.612625,10.744366
NSR:Quay:8199,Riis,59.982282,11.051514
NSR:Quay:8200,Frogner stadion,59.927394,10.713051
NSR:Quay:8201,Frogner stadion,59.927059,10.712354
NSR:Quay:8202,Trollerud,59.588939,10.709326
NSR:Quay:8203,Vestvollen,59.993427,11.036644
NSR:Quay:8204,Trollerud,59.588898,10.709444
NSR:Quay:8205,Vestvollen,59.993267,11.036869
NSR:Quay:8206,Prost Holms vei,59.98919,11.036255
NSR:Quay:8207,Prost Holms vei,59.989751,11.036802
NSR:Quay:8208,Randemfaret,59.610211,10.742231
NSR:Quay:8209,Frogner stadion,59.927242,10.712657
NSR:Quay:8210,Frogner stadion,59.927204,10.712748
NSR:Quay:8211,Prost Stabels vei,59.988037,11.028321
NSR:Quay:8212,Prost Stabels vei,59.987533,11.026481
NSR:Quay:8213,Åsveien,59.625042,10.739349
NSR:Quay:8214,Holt senter,59.987554,11.036046
NSR:Quay:8215,Holt senter,59.987516,11.03508
NSR:Quay:8216,Kleverveien,59.61788,10.739814
NSR:Quay:8219,Holt industri,59.986033,11.030276
NSR:Quay:8220,Holt industri,59.986979,11.028428
NSR:Quay:8221,Speiderveien,59.609032,10.742636
NSR:Quay:8222,Selmer,59.984919,11.02007
NSR:Quay:8223,Selmer,59.984908,11.020322
NSR:Quay:8224,Regnbueveien,59.614994,10.744189
NSR:Quay:8225,Uranienborgveien,59.921079,10.722348
NSR:Quay:8226,Uranienborgveien,59.9211,10.722552
NSR:Quay:8227,Skedsmosenteret,60.000335,11.038706
NSR:Quay:8228,Skedsmosenteret,60.001,11.038497
NSR:Quay:8229,Nordlysveien,59.618226,10.744192
NSR:Quay:8230,Høgdaveien,59.618667,10.741424
NSR:Quay:8231,Skedsmovollen,59.997299,11.043306
NSR:Quay:8232,Skedsmovollen,59.996491,11.044851
NSR:Quay:8235,Verpet,59.621026,10.740056
NSR:Quay:8236,Skedsmo kirke,59.991727,11.04895
NSR:Quay:8237,Skedsmo kirke,59.990685,11.048365
NSR:Quay:8238,Haugenlia,60.002207,11.02515
NSR:Quay:8239,Haugenlia,60.002072,11.025048
NSR:Quay:8240,Vestby arena,59.596501,10.754652
NSR:Quay:8241,Mosvingen,60.181765,11.231498
NSR:Quay:8242,Mosvingen,60.181816,11.231627
NSR:Quay:8243,Veibrån,59.996758,11.027481
NSR:Quay:8244,Vestbytorget,59.601101,10.746514
NSR:Quay:8245,Veibrån,59.996859,11.027189
NSR:Quay:8246,Vestbytorget,59.601675,10.746804
NSR:Quay:8247,Vestvollveien,59.995027,11.031518
NSR:Quay:8249,Vestvollveien,59.994654,11.033055
NSR:Quay:8250,Skedsmokorset,60.003998,11.032575
NSR:Quay:8252,Skedsmokorset,60.004063,11.032733
NSR:Quay:8255,Inngjerdingen,60.181795,11.237463
NSR:Quay:8256,Inngjerdingen,60.181749,11.237742
NSR:Quay:8258,Vestby stasjon,59.604024,10.749371
NSR:Quay:8259,Vestby stasjon,59.604259,10.74984
NSR:Quay:8260,Vestby stasjon,59.604141,10.749612
NSR:Quay:8261,Thomas Olsens vei,59.60533,10.671847
NSR:Quay:8262,Thomas Olsens vei,59.605345,10.671614
NSR:Quay:8263,Lund i Brånåsdalen,59.993893,11.029458
NSR:Quay:8264,Lund i Brånåsdalen,59.994068,11.029069
NSR:Quay:8265,Hvitsten torg,59.598716,10.655483
NSR:Quay:8266,Brånås skole,59.997629,11.021843
NSR:Quay:8267,Brånås skole,59.997012,11.021623
NSR:Quay:8268,Røsletta,60.183312,11.253034
NSR:Quay:8269,Røsletta,60.183346,11.252824
NSR:Quay:8270,Kullebunn,59.602632,10.663479
NSR:Quay:8271,Brånås skog,60.00155,11.024067
NSR:Quay:8272,Kullebunn,59.602548,10.663465
NSR:Quay:8273,Brånås skog,60.001473,11.023852
NSR:Quay:8274,Fjellsetveien,59.994797,11.024094
NSR:Quay:8275,Fjellsetveien,59.994859,11.024102
NSR:Quay:8276,Hølen torg,59.5397,10.742588
NSR:Quay:8277,Hølen torg,59.539605,10.742577
NSR:Quay:8278,Kopperud,60.223451,11.233643
NSR:Quay:8279,Kopperud,60.223423,11.233872
NSR:Quay:8280,Åsenhagen skole,60.009247,11.030864
NSR:Quay:8281,Åsenhagen skole,60.010254,11.030729
NSR:Quay:8284,Strømmen kirke,59.953098,11.016516
NSR:Quay:8285,Strømmen kirke,59.952921,11.016819
NSR:Quay:8286,Vestby kirke,59.601047,10.731974
NSR:Quay:8287,Vestby kirke,59.602001,10.732983
NSR:Quay:8288,Bernt Ankers vei,59.950893,11.016648
NSR:Quay:8289,Bernt Ankers vei,59.95103,11.016004
NSR:Quay:8293,Vestby bru,59.602698,10.745147
NSR:Quay:8294,Vestby bru,59.602659,10.741349
NSR:Quay:8295,Kastellveien,59.950384,11.019746
NSR:Quay:8296,Kastellveien,59.950502,11.019295
NSR:Quay:8297,Kurbadet,59.949061,11.020762
NSR:Quay:8298,Kurbadet,59.949446,11.020915
NSR:Quay:8299,Bruerløkka,59.551853,10.742507
NSR:Quay:8300,Bruerløkka,59.55154,10.742424
NSR:Quay:8303,Åsenhagen,60.014355,11.031786
NSR:Quay:8304,Åsenhagen,60.014348,11.031454
NSR:Quay:8305,Bylterudveien,59.558815,10.739637
NSR:Quay:8306,Bylterudveien,59.557668,10.739804
NSR:Quay:8307,Tærudhallen,60.012363,11.01701
NSR:Quay:8308,Hannestadtoppen,59.606211,10.713826
NSR:Quay:8309,Hannestadtoppen,59.606105,10.714003
NSR:Quay:8311,Tæruddalen,60.007576,11.014545
NSR:Quay:8312,Tæruddalen,60.007574,11.016452
NSR:Quay:8313,Borgen,60.091545,11.216661
NSR:Quay:8314,Borgen,60.091467,11.216708
NSR:Quay:8321,Værhaug,60.005265,11.000477
NSR:Quay:8322,Værhaug,60.005195,11.000445
NSR:Quay:8323,Krusebyen,59.596938,10.725505
NSR:Quay:8324,Krusebyen,59.597348,10.725918
NSR:Quay:8325,Borgen skole,60.097886,11.21986
NSR:Quay:8326,Ringnesåsen,60.010035,10.995252
NSR:Quay:8327,Ringnesåsen,60.01062,10.99486
NSR:Quay:8330,Eventyråsen,60.005627,11.019555
NSR:Quay:8331,Eventyråsen,60.006537,11.019091
NSR:Quay:8332,Høgda,59.612451,10.739959
NSR:Quay:8333,Borgen,60.093902,11.212929
NSR:Quay:8334,Borgen,60.093941,11.213101
NSR:Quay:8335,Midtskogveien,60.003429,11.022728
NSR:Quay:8336,Midtskogveien,60.003874,11.022085
NSR:Quay:8337,Midtskogveien,60.003548,11.023538
NSR:Quay:8338,Landåsveien,59.609691,10.741115
NSR:Quay:8339,Solberg,60.012769,10.983713
NSR:Quay:8340,Solberg,60.01284,10.984963
NSR:Quay:8341,Randemveien,59.607208,10.743025
NSR:Quay:8342,Fossum gård,60.007477,10.997443
NSR:Quay:8343,Fossum gård,60.007615,10.997196
NSR:Quay:8344,Lund gård,60.10095,11.235334
NSR:Quay:8346,Svarthagsveien,59.622813,10.739643
NSR:Quay:8347,Tærud,60.006781,11.012461
NSR:Quay:8348,Tærud,60.006885,11.012498
NSR:Quay:8350,Langgata,60.013176,10.977815
NSR:Quay:8351,Langgata,60.013144,10.97921
NSR:Quay:8352,Borgen,60.092184,11.214013
NSR:Quay:8356,Stav,59.962401,11.007064
NSR:Quay:8357,Stav,59.962456,11.00648
NSR:Quay:8358,Moradammen,59.592454,10.718295
NSR:Quay:8359,Moradammen,59.592969,10.718303
NSR:Quay:8360,Rettenveien,59.959041,11.011702
NSR:Quay:8361,Rettenveien,59.959135,11.011844
NSR:Quay:8362,Flindrum,60.109329,11.240596
NSR:Quay:8364,Vestbyhallen,59.597326,10.708826
NSR:Quay:8365,Niels Høeghs vei,59.954469,11.007367
NSR:Quay:8366,Niels Høeghs vei,59.954884,11.00767
NSR:Quay:8368,Leikvoll,60.026524,11.037491
NSR:Quay:8369,Leikvoll,60.027085,11.038462
NSR:Quay:8371,Myrersletta,60.023663,11.035654
NSR:Quay:8372,Myrersletta,60.022831,11.034619
NSR:Quay:8373,Støverud,60.130481,11.264779
NSR:Quay:8374,Støverud,60.130024,11.267896
NSR:Quay:8375,Karen Bachs vei,59.592701,10.705289
NSR:Quay:8376,Karen Bachs vei,59.593723,10.704825
NSR:Quay:8377,Gjelleråsen,59.985203,10.927529
NSR:Quay:8378,Gjelleråsen,59.98635,10.92861
NSR:Quay:8379,Preislers vei,59.598587,10.698213
NSR:Quay:8380,Preislers vei,59.598508,10.698152
NSR:Quay:8381,Ospelia,59.976453,10.930865
NSR:Quay:8383,Brattfoss,60.140201,11.217427
NSR:Quay:8384,Brattfoss,60.140065,11.217494
NSR:Quay:8386,Elsbergs vei,59.59666,10.692833
NSR:Quay:8387,Gamle Trondheimsvei,59.975925,10.934398
NSR:Quay:8388,Elsbergs vei,59.596379,10.693002
NSR:Quay:8391,Solhøy skole,59.521568,10.702022
NSR:Quay:8392,Solhøy skole,59.521193,10.703033
NSR:Quay:8393,Ås,60.119699,11.236994
NSR:Quay:8401,Stellas vei,59.595012,10.696116
NSR:Quay:8402,Stellas vei,59.594822,10.696252
NSR:Quay:8403,Fonbekk,60.14122,11.251883
NSR:Quay:8404,Fonbekk,60.140988,11.252376
NSR:Quay:8405,Fonbekk,60.140971,11.252543
NSR:Quay:8406,Fonbekk,60.141178,11.253543
NSR:Quay:8409,Berg,59.581692,10.702422
NSR:Quay:8410,Berg,59.581779,10.702365
NSR:Quay:8413,Mogholt,59.582036,10.700882
NSR:Quay:8414,Nesten,60.129722,11.271192
NSR:Quay:8415,Rønjul,59.585166,10.691602
NSR:Quay:8416,Nesten,60.129643,11.271216
NSR:Quay:8417,Rønjul,59.585253,10.69161
NSR:Quay:8418,Nyveien,60.056685,10.868311
NSR:Quay:8419,Solliveien,60.052184,10.874837
NSR:Quay:8420,Deør skog,59.52731,10.70876
NSR:Quay:8421,Solliveien,60.052136,10.874641
NSR:Quay:8422,Tajet,60.055665,10.86904
NSR:Quay:8423,Li,60.185766,11.17239
NSR:Quay:8424,Li,60.1874,11.17386
NSR:Quay:8425,Einerveien,59.525131,10.706729
NSR:Quay:8426,Einerveien,59.525113,10.706598
NSR:Quay:8427,Seterhaugen,59.995734,10.903062
NSR:Quay:8428,Bekkefaret,59.522659,10.702258
NSR:Quay:8429,Myrlia,59.99298,10.904676
NSR:Quay:8430,Myrlia,59.992573,10.904837
NSR:Quay:8431,Hauger,59.587288,10.682163
NSR:Quay:8432,Hauger,59.587212,10.68213
NSR:Quay:8433,Helseheimen,60.171586,11.169021
NSR:Quay:8434,Helseheimen,60.172428,11.16929
NSR:Quay:8436,Emmerstad,59.586998,10.668693
NSR:Quay:8437,Emmerstad,59.586928,10.668704
NSR:Quay:8438,Hernestoppen,59.589167,10.66619
NSR:Quay:8439,Skytta servicesenter,59.991098,10.907646
NSR:Quay:8440,Hernestoppen,59.589094,10.666174
NSR:Quay:8441,Briskeveien,59.992987,10.913624
NSR:Quay:8442,Nordbyvegen,60.158374,11.193137
NSR:Quay:8443,Briskeveien,59.993102,10.913685
NSR:Quay:8444,Nordbyvegen,60.159639,11.193722
NSR:Quay:8445,Strandtoppen,59.590187,10.662025
NSR:Quay:8446,Strandtoppen,59.590237,10.661896
NSR:Quay:8447,Saga,59.994877,10.919807
NSR:Quay:8448,Sagastubben,59.590886,10.65855
NSR:Quay:8449,Saga,59.995586,10.917967
NSR:Quay:8450,Sagastubben,59.590842,10.658413
NSR:Quay:8451,Bråtebuktveien,59.594152,10.657607
NSR:Quay:8452,Bråtebuktveien,59.594176,10.657674
NSR:Quay:8453,Mortetjern,59.987087,10.938848
NSR:Quay:8454,Mortetjern,59.987387,10.939038
NSR:Quay:8455,Grønvold,60.163903,11.171784
NSR:Quay:8456,Grønvold,60.164674,11.169928
NSR:Quay:8457,Grønvold,60.164831,11.173621
NSR:Quay:8458,Gamlebakken,59.59681,10.658522
NSR:Quay:8459,Gamlebakken,59.596833,10.658613
NSR:Quay:8460,Tjernslia,59.97824,10.935744
NSR:Quay:8464,Industriveien,59.991388,10.910644
NSR:Quay:8465,Industriveien,59.991427,10.91098
NSR:Quay:8466,Romerike folkehøgskole,60.160608,11.172819
NSR:Quay:8467,Romerike folkehøgskole,60.160764,11.173039
NSR:Quay:8469,Hagan,59.998004,10.918745
NSR:Quay:8470,Hagan,59.998691,10.917516
NSR:Quay:8471,Hagan,59.997284,10.917141
NSR:Quay:8472,Hagan,59.998118,10.917739
NSR:Quay:8475,Morteveien,59.988887,10.937957
NSR:Quay:8476,Morteveien,59.989064,10.937965
NSR:Quay:8477,Hovimoen,60.178742,11.171402
NSR:Quay:8478,Hovimoen,60.178855,11.171811
NSR:Quay:8479,Åmotbråten,59.548868,10.762543
NSR:Quay:8480,Åmotbråten,59.548891,10.762396
NSR:Quay:8481,Holumskogen skole,59.98366,10.938499
NSR:Quay:8482,Holumskogen skole,59.984362,10.939188
NSR:Quay:8483,Slettebakke,59.558996,10.774908
NSR:Quay:8484,Slettebakke,59.559063,10.775056
NSR:Quay:8485,Mortens kro,59.98561,10.950328
NSR:Quay:8486,Mortens kro,59.985259,10.952237
NSR:Quay:8487,Skogtun,60.154637,11.171958
NSR:Quay:8488,Skogtun,60.155767,11.17253
NSR:Quay:8489,Garder kirke,59.580728,10.810405
NSR:Quay:8490,Garder kirke,59.580617,10.810474
NSR:Quay:8491,Lahaugmoen,59.983533,10.961708
NSR:Quay:8492,Lahaugmoen,59.984266,10.959935
NSR:Quay:8493,Kjenn,59.567937,10.736727
NSR:Quay:8494,Kjenn,59.566866,10.736483
NSR:Quay:8495,Gjelleråstoppen,59.988793,10.930637
NSR:Quay:8496,Gjelleråstoppen,59.989091,10.930265
NSR:Quay:8497,Skogmo skole,60.140816,11.199006
NSR:Quay:8498,Skogmo skole,60.140704,11.20083
NSR:Quay:8499,Svingen,59.57402,10.736665
NSR:Quay:8500,Svingen,59.575278,10.736837
NSR:Quay:8501,Markerud,60.00514,10.916985
NSR:Quay:8502,Markerud,60.006333,10.917382
NSR:Quay:8503,Deliveien,59.577881,10.73762
NSR:Quay:8504,Deliveien,59.578135,10.737392
NSR:Quay:8506,Slattum,60.011759,10.916811
NSR:Quay:8507,Kremmerhuset,60.153443,11.171848
NSR:Quay:8508,Hovum,59.582445,10.8106
NSR:Quay:8509,Hovum,59.582548,10.810759
NSR:Quay:8510,Slattum terrasse,60.009338,10.920861
NSR:Quay:8511,Slattum terrasse,60.009285,10.920762
NSR:Quay:8512,Lureklo,59.581289,10.740732
NSR:Quay:8513,Lureklo,59.58432,10.744229
NSR:Quay:8514,Hauger,60.016548,10.912149
NSR:Quay:8515,Hauger,60.016359,10.912047
NSR:Quay:8516,Nordby ungdomsskole,60.149254,11.169204
NSR:Quay:8517,Delitoppen,59.588814,10.747142
NSR:Quay:8518,Delitoppen,59.586795,10.746295
NSR:Quay:8519,Li,60.006824,10.930624
NSR:Quay:8520,Li,60.006974,10.930659
NSR:Quay:8521,Bjerkeskog,59.582817,10.788204
NSR:Quay:8522,Bjerkeskog,59.582708,10.788824
NSR:Quay:8523,Bekkebakken,60.148014,11.169394
NSR:Quay:8524,Bekkebakken,60.148059,11.169705
NSR:Quay:8525,Heggeveien,60.003312,10.929865
NSR:Quay:8526,Heggeveien,60.003492,10.93005
NSR:Quay:8527,Grønlund,59.58473,10.772422
NSR:Quay:8528,Grønlund,59.584563,10.772755
NSR:Quay:8529,Rudstein,60.020389,10.907047
NSR:Quay:8530,Rudstein,60.019694,10.908273
NSR:Quay:8531,Skyset,59.999954,10.927113
NSR:Quay:8533,Skyset,59.999696,10.92685
NSR:Quay:8534,Sundby,59.595665,10.747662
NSR:Quay:8535,Sundby,59.595564,10.74762
NSR:Quay:8536,Ulverud skole,59.9986,10.922183
NSR:Quay:8537,Ulverud skole,59.998494,10.921668
NSR:Quay:8538,Knallstad gård,59.60703,10.679721
NSR:Quay:8539,Knallstad gård,59.607076,10.679626
NSR:Quay:8540,Kirkeby,60.022597,10.900463
NSR:Quay:8541,Kirkeby,60.023817,10.899795
NSR:Quay:8542,Grønberg,59.611593,10.696969
NSR:Quay:8543,Grønberg,59.611596,10.696631
NSR:Quay:8544,Jessheim skole,60.146913,11.172811
NSR:Quay:8545,Jessheim skole,60.146345,11.174439
NSR:Quay:8547,Velhuset,59.979969,10.937203
NSR:Quay:8549,Kjul,60.027244,10.89652
NSR:Quay:8550,Kjul,60.026068,10.896112
NSR:Quay:8551,Ekerholt,59.60703,10.707778
NSR:Quay:8553,Smedstuveien,60.008455,10.928832
NSR:Quay:8554,Smedstuveien,60.008355,10.928985
NSR:Quay:8555,Topper,59.592765,10.821834
NSR:Quay:8556,Topper,59.592709,10.821683
NSR:Quay:8558,Sonsveien stasjon,59.51485,10.726553
NSR:Quay:8561,Måsan,60.034361,10.891118
NSR:Quay:8562,Måsan,60.032782,10.891939
NSR:Quay:8563,Kapellveien,59.522219,10.693997
NSR:Quay:8564,Kapellveien,59.5224,10.69375
NSR:Quay:8565,Strømbråtenveien,59.521302,10.696937
NSR:Quay:8567,Strømbråtenveien,59.521173,10.697092
NSR:Quay:8568,Strømbråtenveien,59.520934,10.695998
NSR:Quay:8569,Strømbråtenveien,59.520947,10.69573
NSR:Quay:8570,Myra,60.037531,10.886633
NSR:Quay:8571,Myra,60.038254,10.886314
NSR:Quay:8572,Nittedal rådhus,60.042641,10.882476
NSR:Quay:8573,Nittedal rådhus,60.043403,10.882363
NSR:Quay:8574,Deørveien,59.518808,10.703017
NSR:Quay:8575,Deørveien,59.520042,10.700869
NSR:Quay:8576,Liabråten,59.518866,10.709009
NSR:Quay:8577,Liabråten,59.518491,10.70693
NSR:Quay:8578,Jessheim vgs.,60.146852,11.162168
NSR:Quay:8579,Jessheim vgs.,60.147229,11.163633
NSR:Quay:8581,Dam,60.047878,10.881456
NSR:Quay:8582,Dam,60.047158,10.881993
NSR:Quay:8584,Dam,60.049043,10.882494
NSR:Quay:8585,Son,59.523937,10.685851
NSR:Quay:8586,Holm,60.141072,11.215131
NSR:Quay:8587,Holm,60.14114,11.213181
NSR:Quay:8588,Bjertnes vgs.,60.048121,10.880904
NSR:Quay:8592,Rotnes,60.053589,10.881942
NSR:Quay:8593,Rotnes,60.054214,10.881424
NSR:Quay:8594,Rotnes,60.054081,10.881542
NSR:Quay:8596,Yttervegen,60.14122,11.223924
NSR:Quay:8597,Yttervegen,60.141117,11.226557
NSR:Quay:8598,Skråningen,60.051252,10.871492
NSR:Quay:8599,Skråningen,60.051113,10.871717
NSR:Quay:8600,Kleiva,59.52425,10.689357
NSR:Quay:8601,Kleiva,59.524309,10.689536
NSR:Quay:8602,Rotnes sag,60.06067,10.881446
NSR:Quay:8603,Rotnes sag,60.060319,10.881612
NSR:Quay:8605,Meisrudbekken,60.141486,11.238311
NSR:Quay:8606,Meisrudbekken,60.141543,11.236431
NSR:Quay:8609,Gartnerveien,59.492859,10.690285
NSR:Quay:8610,Gartnerveien,59.49378,10.689775
NSR:Quay:8611,Strømsenga,60.067236,10.883559
NSR:Quay:8612,Strømsenga,60.067608,10.884133
NSR:Quay:8613,Maily,59.495412,10.688171
NSR:Quay:8614,Maily,59.495979,10.688032
NSR:Quay:8615,Brennivegen,60.141788,11.244164
NSR:Quay:8616,Brennivegen,60.141708,11.245977
NSR:Quay:8617,Brente,60.052904,10.870534
NSR:Quay:8618,Brente,60.052911,10.870403
NSR:Quay:8619,Ishusveien,59.503526,10.685398
NSR:Quay:8620,Ishusveien,59.503126,10.685272
NSR:Quay:8621,Strøm bru,60.075935,10.887261
NSR:Quay:8622,Strøm bru,60.076138,10.887347
NSR:Quay:8623,Traneveien,59.500055,10.686095
NSR:Quay:8624,Traneveien,59.499831,10.686417
NSR:Quay:8625,Krokfoss,60.132048,11.082236
NSR:Quay:8626,Krokfoss,60.131978,11.082059
NSR:Quay:8629,Brevikbukta,59.5113,10.685218
NSR:Quay:8630,Brevikbukta,59.510105,10.685856
NSR:Quay:8631,Søndre Åneby,60.08266,10.880917
NSR:Quay:8632,Søndre Åneby,60.082893,10.880341
NSR:Quay:8633,Norittveien,59.515646,10.692562
NSR:Quay:8634,Norittveien,59.515797,10.69239
NSR:Quay:8635,Taugland,60.134346,11.100799
NSR:Quay:8636,Taugland,60.134276,11.100982
NSR:Quay:8637,Kruttverkveien,60.054538,10.860567
NSR:Quay:8638,Kruttverkveien,60.054606,10.860747
NSR:Quay:8639,Bokfinkveien,59.513491,10.69202
NSR:Quay:8640,Bokfinkveien,59.513219,10.692278
NSR:Quay:8641,Åneby,60.08968,10.873828
NSR:Quay:8642,Åneby,60.088702,10.873233
NSR:Quay:8643,Åneby,60.089941,10.87231
NSR:Quay:8644,Åstad,60.13807,11.109104
NSR:Quay:8645,Tyttebæråsen,59.508795,10.69828
NSR:Quay:8646,Åstad,60.138178,11.109506
NSR:Quay:8647,Tyttebæråsen,59.50941,10.699595
NSR:Quay:8649,Røsslyngåsen,59.511511,10.698264
NSR:Quay:8650,Røsslyngåsen,59.511801,10.697637
NSR:Quay:8651,Bliksrud,60.095206,10.868126
NSR:Quay:8652,Bliksrud,60.094629,10.868483
NSR:Quay:8655,Hovin skole,60.14829,11.128555
NSR:Quay:8656,Hovin skole,60.147799,11.127616
NSR:Quay:8657,Nittedal stasjon,60.057918,10.864103
NSR:Quay:8664,Gamle Algarheimsveg,60.138131,11.221021
NSR:Quay:8665,Gamle Algarheimsveg,60.137991,11.221003
NSR:Quay:8666,Fossen,60.10239,10.863644
NSR:Quay:8667,Fossen,60.102342,10.8634
NSR:Quay:8668,Linerleveien,59.503609,10.694402
NSR:Quay:8669,Linerleveien,59.504194,10.694437
NSR:Quay:8670,Åneby stasjon,60.086107,10.862713
NSR:Quay:8671,Måkeveien,59.498361,10.689976
NSR:Quay:8672,Rismovegen,60.136459,11.223714
NSR:Quay:8673,Måkeveien,59.498256,10.690059
NSR:Quay:8674,Rismovegen,60.136434,11.22391
NSR:Quay:8675,Kruttverket,60.050848,10.858958
NSR:Quay:8676,Nordliveien,59.791511,10.947168
NSR:Quay:8677,Nordliveien,59.790444,10.948359
NSR:Quay:8678,Varingskollen,60.10756,10.854262
NSR:Quay:8679,Varingskollen,60.107139,10.854975
NSR:Quay:8681,Bjørkeli,60.133025,11.229822
NSR:Quay:8682,Bjørkeli,60.133065,11.229948
NSR:Quay:8683,Høgda,59.79723,10.939089
NSR:Quay:8684,Høgda,59.796935,10.940119
NSR:Quay:8685,Løvstad,60.110085,10.847808
NSR:Quay:8686,Løvstad,60.111254,10.846285
NSR:Quay:8687,Sagstua,59.799622,10.932603
NSR:Quay:8688,Sagstua,59.799448,10.933486
NSR:Quay:8689,Habbarstad,60.132786,11.245185
NSR:Quay:8690,Habbarstad,60.132869,11.245336
NSR:Quay:8692,Krokhol,59.802161,10.92699
NSR:Quay:8694,Krokhol,59.801955,10.927295
NSR:Quay:8695,Sørmarka,59.810973,10.910051
NSR:Quay:8696,Sørmarka,59.81177,10.909182
NSR:Quay:8697,Sagstua,60.117767,10.836647
NSR:Quay:8698,Sagstua,60.11673,10.838222
NSR:Quay:8699,Ekornrud,60.130023,11.240041
NSR:Quay:8700,Ekornrud,60.130106,11.240185
NSR:Quay:8701,Ekornrud,60.130005,11.240297
NSR:Quay:8702,Frogner,59.689348,10.864524
NSR:Quay:8703,Frogner,59.689324,10.864347
NSR:Quay:8704,Hakadal stasjon,60.117709,10.829186
NSR:Quay:8705,Hakadal stasjon,60.117701,10.829397
NSR:Quay:8706,Bråte,59.685972,10.868973
NSR:Quay:8707,Bråte,59.685823,10.868998
NSR:Quay:8708,Hakadals verk,60.122049,10.824569
NSR:Quay:8709,Hakadals verk,60.122187,10.825047
NSR:Quay:8710,Mogreinakrysset,60.232027,11.175942
NSR:Quay:8711,Høysletta,59.70631,10.84434
NSR:Quay:8712,Høysletta,59.705502,10.84445
NSR:Quay:8713,Haug,60.125183,10.820967
NSR:Quay:8714,Haug,60.125212,10.821093
NSR:Quay:8715,Frogner nordre,59.693423,10.860154
NSR:Quay:8716,Frogner nordre,59.693555,10.859889
NSR:Quay:8717,Herregårdshuset sykehjem,60.241191,11.192968
NSR:Quay:8718,Herzeth,60.127287,10.816397
NSR:Quay:8719,Herzeth,60.127162,10.816493
NSR:Quay:8720,Eplehagen,59.712676,10.839764
NSR:Quay:8721,Eplehagen,59.712644,10.839933
NSR:Quay:8722,Elnesveien,60.131456,10.811523
NSR:Quay:8723,Elnesveien,60.131602,10.811234
NSR:Quay:8724,Leikvollen,59.714302,10.838115
NSR:Quay:8725,Leikvollen,59.714333,10.838227
NSR:Quay:8726,Mogreina skole,60.228746,11.167501
NSR:Quay:8727,Kongskog,60.133496,10.811035
NSR:Quay:8728,Regnbuen,59.768221,10.841508
NSR:Quay:8729,Rulse,60.090177,10.879461
NSR:Quay:8730,Rulse,60.090109,10.879619
NSR:Quay:8731,Snipetjernveien,59.770896,10.846649
NSR:Quay:8732,Snipetjernveien,59.770487,10.846183
NSR:Quay:8733,Elstad sykehjem,60.207267,11.150442
NSR:Quay:8734,Elstad sykehjem,60.207244,11.149052
NSR:Quay:8735,Staven,60.090914,10.888055
NSR:Quay:8736,Staven,60.090214,10.886735
NSR:Quay:8737,Bøleråsen skole,59.76388,10.853717
NSR:Quay:8738,Bøleråsen skole,59.763816,10.856641
NSR:Quay:8741,Blåklokkelia,59.765498,10.866766
NSR:Quay:8743,Melbykrysset,60.216894,11.137922
NSR:Quay:8744,Melbykrysset,60.216865,11.138117
NSR:Quay:8745,Gunhildstua,60.094817,10.884436
NSR:Quay:8746,Gunhildstua,60.094904,10.88416
NSR:Quay:8747,Blåbærveien,59.76187,10.861957
NSR:Quay:8748,Blåbærveien,59.762513,10.86094
NSR:Quay:8749,Kirkebyhaugen,60.099096,10.881478
NSR:Quay:8750,Kirkebyhaugen,60.100114,10.881196
NSR:Quay:8752,Kløversvingen,59.76116,10.844933
NSR:Quay:8753,Kloppeløkken,60.20552,11.165854
NSR:Quay:8754,Kloppeløkken,60.204243,11.16573
NSR:Quay:8755,Kloppeløkken,60.205049,11.165146
NSR:Quay:8756,Klokkertoppen,60.107451,10.875078
NSR:Quay:8757,Klokkertoppen,60.106496,10.875523
NSR:Quay:8758,Jettegryta,59.763026,10.846497
NSR:Quay:8759,Jettegryta,59.763519,10.847269
NSR:Quay:8760,Kirkerud,60.110889,10.86767
NSR:Quay:8761,Kirkerud,60.111234,10.866897
NSR:Quay:8762,Bregnefaret,59.764246,10.850179
NSR:Quay:8763,Bregnefaret,59.763738,10.850909
NSR:Quay:8764,Tøyen,60.112366,10.862332
NSR:Quay:8765,Mogreina,60.228232,11.167345
NSR:Quay:8766,Tøyen,60.11345,10.86098
NSR:Quay:8767,Mogreina,60.227402,11.16704
NSR:Quay:8768,Bøleråsen,59.767031,10.866884
NSR:Quay:8769,Tøyenhaugen,60.114526,10.85898
NSR:Quay:8770,Tøyenhaugen,60.114673,10.858862
NSR:Quay:8771,Midtsjø,59.726487,10.884774
NSR:Quay:8772,Midtsjø,59.726466,10.884503
NSR:Quay:8773,Elstadmoen,60.221542,11.164639
NSR:Quay:8774,Elstadmoen,60.22148,11.164432
NSR:Quay:8775,Grønvold,60.116032,10.855694
NSR:Quay:8776,Grønvold,60.116086,10.855774
NSR:Quay:8777,Nordre Midtsjø,59.731204,10.892134
NSR:Quay:8778,Nordre Midtsjø,59.731152,10.891788
NSR:Quay:8779,Hellerudhaugen,60.118059,10.852695
NSR:Quay:8780,Vasshagan,59.733892,10.897389
NSR:Quay:8781,Vasshagan,59.733822,10.897912
NSR:Quay:8782,Bjørtomthagen,60.212727,11.163775
NSR:Quay:8785,Bjørtomthagen,60.211863,11.163461
NSR:Quay:8786,Stokstad,59.734139,10.906508
NSR:Quay:8787,Stokstad,59.733987,10.907731
NSR:Quay:8788,Dalskrysset,60.005982,10.947364
NSR:Quay:8789,Dalskrysset,60.006095,10.947297
NSR:Quay:8790,Bjørnebråten,59.738232,10.935208
NSR:Quay:8791,Bjørnebråten,59.738485,10.935484
NSR:Quay:8792,Myrhus,60.104264,11.193706
NSR:Quay:8793,Myrhus,60.104383,11.19495
NSR:Quay:8794,Tingelstad,60.008898,10.954839
NSR:Quay:8795,Tingelstad,60.008945,10.95456
NSR:Quay:8796,Finstad hageby,59.710945,10.822459
NSR:Quay:8797,Finstad hageby,59.711432,10.825911
NSR:Quay:8798,Lønsvoll,60.012828,10.966753
NSR:Quay:8799,Lønsvoll,60.012898,10.966735
NSR:Quay:8800,Finstad,59.712399,10.830929
NSR:Quay:8801,Finstad,59.712422,10.831911
NSR:Quay:8802,Nygård,60.19276,11.174818
NSR:Quay:8803,Nygård,60.192852,11.174949
NSR:Quay:8805,Eikeliveien,59.713376,10.834976
NSR:Quay:8806,Eikeliveien,59.713898,10.83668
NSR:Quay:8809,Ski stasjon vest,59.718671,10.832442
NSR:Quay:8810,Ski stasjon vest,59.718756,10.832125
NSR:Quay:8811,Bondal,60.239444,11.191533
NSR:Quay:8812,Bondal,60.239631,11.189889
NSR:Quay:8813,Bondal,60.238739,11.189862
NSR:Quay:8814,Kjærstadsletta,60.105425,11.050715
NSR:Quay:8815,Kjærstadsletta,60.105488,11.05057
NSR:Quay:8818,Korsmo,60.1017,11.050339
NSR:Quay:8819,Korsmo,60.102125,11.050363
NSR:Quay:8820,Korsmo,60.101803,11.050245
NSR:Quay:8821,Korsmo,60.101607,11.050543
NSR:Quay:8823,Risebro,60.237488,11.171371
NSR:Quay:8824,Risebro,60.237608,11.170733
NSR:Quay:8825,Kråkstad plantesenter,59.679079,10.861517
NSR:Quay:8826,Tori,60.101718,11.059944
NSR:Quay:8827,Tori,60.101668,11.060062
NSR:Quay:8830,Bjastad,59.676552,10.873396
NSR:Quay:8831,Bjastad,59.675937,10.872973
NSR:Quay:8832,Bjastad,59.676403,10.872672
NSR:Quay:8833,Bjastad,59.676372,10.872302
NSR:Quay:8834,Reinlendersnippen,60.104071,11.208056
NSR:Quay:8835,Reinlendersnippen,60.104128,11.207881
NSR:Quay:8836,Heni,60.098689,11.047748
NSR:Quay:8837,Heni,60.09864,11.04756
NSR:Quay:8838,Holt,59.649342,10.876229
NSR:Quay:8839,Kankedalen,60.097034,11.039897
NSR:Quay:8840,Kankedalen,60.097476,11.039114
NSR:Quay:8841,Kankedalen,60.096848,11.038822
NSR:Quay:8842,Glenneveien,59.66969,10.872177
NSR:Quay:8843,Skomakersvingen,60.102001,11.210432
NSR:Quay:8844,Hellen bru,60.090381,11.040428
NSR:Quay:8845,Hellen bru,60.089006,11.040915
NSR:Quay:8846,Dyrerud,59.6645,10.872337
NSR:Quay:8847,Krogvold,60.080623,11.036153
NSR:Quay:8848,Neskrysset,59.648151,10.891348
NSR:Quay:8849,Krogvold,60.081043,11.036649
NSR:Quay:8850,Skansen,59.662893,10.888276
NSR:Quay:8851,Askjordet,60.075189,11.032875
NSR:Quay:8852,Askjordet,60.074724,11.032328
NSR:Quay:8853,Borgenvegen,60.098041,11.213562
NSR:Quay:8854,Borgenvegen,60.097177,11.213259
NSR:Quay:8855,Rabben,59.806249,10.881414
NSR:Quay:8856,Rabben,59.808382,10.881403
NSR:Quay:8857,Bråtasletta,60.045997,11.052034
NSR:Quay:8858,Bråtasletta,60.045273,11.053158
NSR:Quay:8859,Saga,59.802063,10.881301
NSR:Quay:8860,Borgen idrettsplass,60.096677,11.220362
NSR:Quay:8861,Saga,59.80262,10.881813
NSR:Quay:8862,Fjelly,60.035603,11.047743
NSR:Quay:8863,Fjelly,60.035258,11.047871
NSR:Quay:8864,Grønslett,59.79801,10.882908
NSR:Quay:8865,Grønslett,59.797785,10.883017
NSR:Quay:8866,Flatner,60.032324,11.045401
NSR:Quay:8867,Flatner,60.031498,11.044645
NSR:Quay:8868,Siggerud gård,59.79594,10.884916
NSR:Quay:8869,Siggerud gård,59.796155,10.884992
NSR:Quay:8870,Oppen,60.103512,11.205073
NSR:Quay:8871,Gjerdrum ungdomsskole,60.072536,11.02739
NSR:Quay:8872,Ask terminal,60.071967,11.03457
NSR:Quay:8874,Ask terminal,60.071999,11.034637
NSR:Quay:8875,Ask terminal,60.071944,11.034493
NSR:Quay:8876,Ask terminal,60.071914,11.034417
NSR:Quay:8879,Siggerud,59.791195,10.888741
NSR:Quay:8881,Siggerud sentrum,59.790931,10.882575
NSR:Quay:8882,Siggerud sentrum,59.790984,10.881333
NSR:Quay:8884,Nystuen,60.065483,11.040882
NSR:Quay:8885,Nystuen,60.065265,11.040756
NSR:Quay:8886,Tangenhagen,59.787178,10.893266
NSR:Quay:8887,Tangenhagen,59.786974,10.893349
NSR:Quay:8888,Fjellstaddalen,60.057374,11.042247
NSR:Quay:8889,Fjellstaddalen,60.057478,11.042472
NSR:Quay:8890,Asmyr,60.05184,11.047037
NSR:Quay:8891,Asmyr,60.050966,11.047343
NSR:Quay:8893,Måltrostveien,59.791182,10.872986
NSR:Quay:8894,Måltrostveien,59.790795,10.873877
NSR:Quay:8897,Kullebunn,59.785551,10.896868
NSR:Quay:8898,Kullebunn,59.785659,10.896796
NSR:Quay:8900,Orvegen,60.079312,11.018641
NSR:Quay:8901,Nordløkka nord,59.783032,10.901624
NSR:Quay:8902,Nordløkka nord,59.783142,10.901562
NSR:Quay:8903,Kverndalen,60.149093,11.150278
NSR:Quay:8904,Kverndalen,60.148788,11.152266
NSR:Quay:8906,Kulsrudgutua,60.077546,11.02186
NSR:Quay:8907,Nordløkka,59.78128,10.906326
NSR:Quay:8908,Nordløkka,59.781541,10.905744
NSR:Quay:8910,Bjørklundvegen,60.075105,11.025883
NSR:Quay:8911,Veståsen skole,60.084105,10.99931
NSR:Quay:8912,Bru,59.779204,10.910475
NSR:Quay:8913,Veståsen skole,60.084054,10.999315
NSR:Quay:8914,Bru,59.778746,10.910406
NSR:Quay:8915,Bru,59.779026,10.911267
NSR:Quay:8916,Gravhaugen,60.151131,11.136253
NSR:Quay:8917,Gravhaugen,60.151057,11.137701
NSR:Quay:8918,Grønlund,60.075266,11.00465
NSR:Quay:8919,Grønlund,60.075096,11.004626
NSR:Quay:8920,Langseth,59.77363,10.914158
NSR:Quay:8921,Langseth,59.773549,10.914552
NSR:Quay:8922,Kniplia,60.070346,11.012211
NSR:Quay:8923,Kniplia,60.069786,11.014564
NSR:Quay:8924,Haugsletta,60.1505,11.144686
NSR:Quay:8925,Haugsletta,60.1507,11.144509
NSR:Quay:8926,Karlsrud,59.768654,10.917594
NSR:Quay:8927,Karlsrud,59.76811,10.917849
NSR:Quay:8928,Fjellgrinna,60.070436,11.021242
NSR:Quay:8929,Fjellgrinna,60.069813,11.020894
NSR:Quay:8930,Vellumstad,59.76564,10.923406
NSR:Quay:8931,Vellumstad,59.76668,10.920574
NSR:Quay:8932,Furulundvegen,60.07384,11.029064
NSR:Quay:8934,Rønnegrinda,60.08121,11.01775
NSR:Quay:8936,Østre Solberg,59.762459,10.925407
NSR:Quay:8938,Gjestad øst,60.143779,11.163705
NSR:Quay:8939,Østre Solberg,59.762324,10.92575
NSR:Quay:8941,Rud,60.085327,11.019958
NSR:Quay:8942,Kile,59.757751,10.929618
NSR:Quay:8943,Kile,59.757969,10.929192
NSR:Quay:8945,Fossum,60.088475,11.024971
NSR:Quay:8946,Boger gård,59.751291,10.933733
NSR:Quay:8947,Boger gård,59.752214,10.933899
NSR:Quay:8949,Jessheimkrysset,60.143075,11.169121
NSR:Quay:8950,Åmotsgutua,60.092955,11.025333
NSR:Quay:8952,Skeidarkollen,59.749145,10.934055
NSR:Quay:8953,Skeidarkollen,59.748853,10.933841
NSR:Quay:8954,Vestby skole,60.096348,11.022329
NSR:Quay:8956,Stubberud,59.745538,10.937321
NSR:Quay:8957,Stubberud,59.745418,10.937619
NSR:Quay:8958,Veiberg,60.142441,11.172377
NSR:Quay:8959,Veiberg,60.142319,11.172511
NSR:Quay:8960,Kokstad nedre,60.099947,11.029498
NSR:Quay:8961,Kokstad nedre,60.09986,11.029826
NSR:Quay:8962,Jørgenrud,59.743603,10.939937
NSR:Quay:8963,Jørgenrud,59.743535,10.939816
NSR:Quay:8964,Kokstad øvre,60.09905,11.032433
NSR:Quay:8965,Kokstad øvre,60.098926,11.032425
NSR:Quay:8966,Gjedsjø skole,59.739936,10.945239
NSR:Quay:8967,Gjedsjø skole,59.739429,10.947227
NSR:Quay:8968,Olstaddalen,60.078483,11.079272
NSR:Quay:8969,Olstaddalen,60.077983,11.078255
NSR:Quay:8971,Gjedsjø,59.740808,10.940076
NSR:Quay:8973,Gjedsjø,59.741262,10.940902
NSR:Quay:8974,Hammer,60.075621,11.067849
NSR:Quay:8975,Hammer,60.075682,11.067768
NSR:Quay:8976,Humleveien,59.725287,10.829148
NSR:Quay:8977,Askhellinga,60.076245,11.045924
NSR:Quay:8978,Askhellinga,60.07569,11.044674
NSR:Quay:8980,Nes,59.732988,10.917479
NSR:Quay:8981,Nes,59.733012,10.916899
NSR:Quay:8982,Svendsrud bru,60.076001,11.058839
NSR:Quay:8983,Svendsrud bru,60.076087,11.058818
NSR:Quay:8986,Bekkeberget,60.086971,10.999358
NSR:Quay:8987,Bekkeberget,60.087861,10.999425
NSR:Quay:8990,Åmotshagan,60.081787,10.999793
NSR:Quay:8992,Åmotshagan,60.08203,10.999946
NSR:Quay:8995,Asper bro,59.672557,10.887985
NSR:Quay:8996,Hungerholt,60.078792,11.001488
NSR:Quay:8997,Hungerholt,60.079634,11.001061
NSR:Quay:8998,Asperudveien,59.667657,10.901388
NSR:Quay:8999,Vestby,60.100209,11.022038
NSR:Quay:9000,Asperudveien,59.667774,10.901552
NSR:Quay:9001,Vestby,60.100157,11.021787
NSR:Quay:9003,Henrik Bulls veg,60.143556,11.187201
NSR:Quay:9004,Henrik Bulls veg,60.143915,11.184841
NSR:Quay:9005,Gjersenga,59.73725,10.967
NSR:Quay:9006,Gjersenga,59.737183,10.967089
NSR:Quay:9007,Eikeberg,60.101944,11.004283
NSR:Quay:9008,Eikeberg,60.102002,11.004406
NSR:Quay:9010,Skei,60.101576,11.014094
NSR:Quay:9011,Skei,60.101653,11.013947
NSR:Quay:9012,Jessheim stasjon,60.141565,11.176145
NSR:Quay:9014,Jessheim stasjon,60.141811,11.176205
NSR:Quay:9015,Jessheim stasjon,60.141746,11.17619
NSR:Quay:9016,Jessheim stasjon,60.14162,11.176161
NSR:Quay:9017,Jessheim stasjon,60.141684,11.176176
NSR:Quay:9018,Kontra,59.722201,10.858231
NSR:Quay:9019,Kontra,59.722136,10.856973
NSR:Quay:9020,Gisti,60.095675,11.003854
NSR:Quay:9021,Gisti,60.09569,11.00398
NSR:Quay:9022,Ski skole,59.721585,10.845134
NSR:Quay:9024,Ski skole,59.721495,10.845378
NSR:Quay:9026,Sandum,60.104363,11.084022
NSR:Quay:9028,Sandum,60.104327,11.083893
NSR:Quay:9029,Dampsaga allé,60.140849,11.18199
NSR:Quay:9030,Myrstubben,59.719007,10.817102
NSR:Quay:9031,Dampsaga allé,60.140977,11.179707
NSR:Quay:9032,Torshaug,60.098745,11.085758
NSR:Quay:9033,Torshaug,60.098784,11.085876
NSR:Quay:9034,Vilbergveien,59.720322,10.825245
NSR:Quay:9035,Vilbergveien,59.720176,10.823338
NSR:Quay:9038,Myrveien,59.720034,10.816751
NSR:Quay:9039,Myrveien,59.720082,10.81516
NSR:Quay:9040,Myrveien,59.720389,10.815603
NSR:Quay:9043,Dølihagan,60.134656,11.166991
NSR:Quay:9044,Dølihagan,60.134683,11.167053
NSR:Quay:9052,Brynildsen,60.094608,11.087775
NSR:Quay:9053,Brynildsen,60.09483,11.087826
NSR:Quay:9054,Ski næringspark,59.715875,10.866798
NSR:Quay:9055,Ski næringspark,59.716534,10.866989
NSR:Quay:9056,Julius Dahls veg,60.140674,11.192161
NSR:Quay:9057,Julius Dahls veg,60.140559,11.193046
NSR:Quay:9058,Gjerdrum kirke,60.088875,11.086699
NSR:Quay:9059,Gjerdrum kirke,60.088987,11.087018
NSR:Quay:9061,Vangsdalskrysset,60.087283,11.084714
NSR:Quay:9062,Vangsdalskrysset,60.087132,11.084481
NSR:Quay:9063,St. Hansveien,59.723407,10.829245
NSR:Quay:9066,Smedstad,60.085537,11.083582
NSR:Quay:9067,Smedstad,60.085468,11.083427
NSR:Quay:9068,Fjellklangveien,59.725903,10.825304
NSR:Quay:9069,Gjerdrum meieri,60.082382,11.085508
NSR:Quay:9070,Gjerdrum meieri,60.081855,11.085519
NSR:Quay:9071,Gjerdrum meieri,60.081705,11.0845
NSR:Quay:9072,Ski middelalderkirke,59.722728,10.864011
NSR:Quay:9073,Ski middelalderkirke,59.722838,10.862391
NSR:Quay:9074,Averstad,60.077188,11.108377
NSR:Quay:9075,Averstad,60.077372,11.109973
NSR:Quay:9077,Herusti,59.725354,10.877581
NSR:Quay:9078,Herusti,59.725291,10.875918
NSR:Quay:9079,Nitteberg,60.115956,11.083998
NSR:Quay:9080,Nitteberg,60.115888,11.083902
NSR:Quay:9083,Ski stasjon Jernbaneveien,59.719397,10.835939
NSR:Quay:9085,Ski stasjon Jernbaneveien,59.719125,10.835583
NSR:Quay:9087,Smedhaugen,60.114113,11.086707
NSR:Quay:9088,Smedhaugen,60.114132,11.086812
NSR:Quay:9089,Dragvoll,60.115467,11.144072
NSR:Quay:9091,Dragvoll,60.115316,11.144267
NSR:Quay:9093,Dragvoll,60.115687,11.144992
NSR:Quay:9094,Rogstad,60.109792,11.089405
NSR:Quay:9095,Rogstad,60.109733,11.089454
NSR:Quay:9096,Lysneveien,59.72573,10.822554
NSR:Quay:9097,KB-senteret,60.072374,11.136411
NSR:Quay:9098,KB-senteret,60.071843,11.135193
NSR:Quay:9099,Lystad,60.106824,11.138911
NSR:Quay:9100,Lystad,60.106357,11.138777
NSR:Quay:9101,Øvre Hebekk barnehage,59.725749,10.819576
NSR:Quay:9104,Kløfta stasjon,60.075017,11.138804
NSR:Quay:9105,Kløfta stasjon,60.074828,11.138804
NSR:Quay:9106,Kløfta stasjon,60.074924,11.138806
NSR:Quay:9107,Kløfta stasjon,60.074645,11.138793
NSR:Quay:9108,Industriveien,59.7126,10.855356
NSR:Quay:9109,Industriveien,59.712672,10.85542
NSR:Quay:9110,Bakke,60.066849,11.133332
NSR:Quay:9111,Bakke,60.066389,11.132471
NSR:Quay:9112,Trøgstad,60.124849,11.154567
NSR:Quay:9113,Trøgstad,60.124911,11.154774
NSR:Quay:9115,Løkkåsveien,59.71371,10.848597
NSR:Quay:9116,Legesentret,60.071747,11.13844
NSR:Quay:9118,Romerikssenteret,60.07693,11.136433
NSR:Quay:9119,Fjell,59.787452,10.955874
NSR:Quay:9120,Fjell,59.786507,10.957848
NSR:Quay:9121,Bakkevegen,60.069795,11.134418
NSR:Quay:9122,Bakkevegen,60.069023,11.134316
NSR:Quay:9128,Jessheim vgs.,60.146669,11.162673
NSR:Quay:9130,Øvre Hebekk,59.726926,10.819586
NSR:Quay:9131,Hilton,60.063539,11.124875
NSR:Quay:9132,Hilton,60.063194,11.12362
NSR:Quay:9133,Statfram,60.070079,11.126409
NSR:Quay:9134,Statfram,60.069885,11.126238
NSR:Quay:9135,Smia,60.099622,11.139611
NSR:Quay:9136,Smia,60.099715,11.139818
NSR:Quay:9140,Isingrudkrysset,60.064774,11.146925
NSR:Quay:9141,Isingrudkrysset,60.064859,11.147035
NSR:Quay:9143,Trandum,60.212167,11.11925
NSR:Quay:9144,Trandum,60.212156,11.119443
NSR:Quay:9145,Nybakk,60.123865,11.302228
NSR:Quay:9146,Nybakk,60.122615,11.303542
NSR:Quay:9147,Nybakk,60.12266,11.302255
NSR:Quay:9148,Nybakk,60.123809,11.302164
NSR:Quay:9149,Granly,59.727346,10.81645
NSR:Quay:9150,Majorseter,60.233216,11.213053
NSR:Quay:9151,Slettaveien,59.722642,10.814031
NSR:Quay:9152,Flystasjonvegen,60.208746,11.11435
NSR:Quay:9153,Flystasjonvegen,60.208669,11.114503
NSR:Quay:9154,Myrveien Øvre,59.726461,10.81361
NSR:Quay:9155,Langbakk,60.113767,11.2896
NSR:Quay:9156,Langbakk,60.113669,11.288219
NSR:Quay:9157,Østli,60.232183,11.155533
NSR:Quay:9158,Nybrottveien vest,59.725139,10.813713
NSR:Quay:9159,Fløtten,60.227825,11.15052
NSR:Quay:9160,Fløtten,60.228354,11.151641
NSR:Quay:9162,Lund skole,60.101223,11.261697
NSR:Quay:9163,Lund skole,60.1012,11.261493
NSR:Quay:9164,Fløgstad,60.219753,11.141092
NSR:Quay:9165,Fløgstad,60.219676,11.140821
NSR:Quay:9167,Sætreringen,60.239011,11.200132
NSR:Quay:9168,Sætreringen,60.238557,11.200717
NSR:Quay:9169,Linjeveien,59.711276,10.835332
NSR:Quay:9170,Wethal,60.094028,11.283562
NSR:Quay:9171,Wethal,60.094093,11.283284
NSR:Quay:9172,Finstadtunet,59.708151,10.840697
NSR:Quay:9174,Ellingsrudlia,59.705905,10.847129
NSR:Quay:9175,Korslund,60.179006,11.215539
NSR:Quay:9176,Vardekrysset,60.240705,11.194406
NSR:Quay:9177,Vardekrysset,60.24104,11.195377
NSR:Quay:9178,Snippen,60.091227,11.249651
NSR:Quay:9179,Furuveien,59.71077,10.843616
NSR:Quay:9180,Snippen,60.091336,11.251
NSR:Quay:9181,Hauerseter stasjon,60.187106,11.196139
NSR:Quay:9182,Hauerseter stasjon,60.187134,11.196383
NSR:Quay:9183,Røys,59.660242,10.94344
NSR:Quay:9185,Vinsnes,59.942954,11.123073
NSR:Quay:9186,Vinsnes,59.941123,11.119977
NSR:Quay:9187,Vinsnes,59.941932,11.117754
NSR:Quay:9188,Nafstad,60.089993,11.225342
NSR:Quay:9189,Nafstad,60.089794,11.226456
NSR:Quay:9190,Hanakropp,59.653748,10.940755
NSR:Quay:9191,Hanakropp,59.653737,10.940942
NSR:Quay:9192,Furulund,59.939842,11.132989
NSR:Quay:9193,Furulund,59.937976,11.133074
NSR:Quay:9195,Skotbu,59.665251,10.946798
NSR:Quay:9196,Skotbu,59.665241,10.946935
NSR:Quay:9197,Furulund,59.939536,11.132742
NSR:Quay:9198,Furulund,59.938594,11.133233
NSR:Quay:9199,Holum,60.093306,11.137471
NSR:Quay:9200,Holum,60.092161,11.137331
NSR:Quay:9201,Gjevikbakkene,59.778526,10.924646
NSR:Quay:9202,Gjevikbakkene,59.778633,10.924665
NSR:Quay:9203,Foss,59.933218,11.134314
NSR:Quay:9204,Foss,59.933582,11.133622
NSR:Quay:9207,Gjevikveien,59.780753,10.939631
NSR:Quay:9208,Gjevikveien,59.780726,10.939927
NSR:Quay:9209,Furukollen,59.941435,11.155036
NSR:Quay:9210,Åreppen skole,60.08626,11.131884
NSR:Quay:9211,Åreppen skole,60.086315,11.131634
NSR:Quay:9212,Rausjøveien,59.78891,10.954106
NSR:Quay:9213,Gråorveien,59.946901,11.15366
NSR:Quay:9214,Stasjonsveien,59.680811,10.883878
NSR:Quay:9215,Stasjonsveien,59.681214,10.883503
NSR:Quay:9216,Røsslyngveien,59.943888,11.152156
NSR:Quay:9217,Sigtunet,59.682675,10.878729
NSR:Quay:9218,Sigtunet,59.681974,10.88089
NSR:Quay:9219,Vitåsen,59.940845,11.149119
NSR:Quay:9220,Verkensvegen,60.138471,11.173745
NSR:Quay:9221,Verkensvegen,60.137381,11.172822
NSR:Quay:9222,Kråkstad skole,59.678624,10.88445
NSR:Quay:9223,Kråkstad skole,59.678472,10.884399
NSR:Quay:9224,Svingen stasjon,59.928666,11.177167
NSR:Quay:9225,Svingen stasjon,59.928907,11.177481
NSR:Quay:9226,Rolandsveien,59.815599,10.904789
NSR:Quay:9227,Rolandsveien,59.815676,10.904963
NSR:Quay:9228,Mittskog,59.860503,11.32022
NSR:Quay:9229,Mittskog,59.860558,11.320019
NSR:Quay:9230,Skinnerudvegen,60.082363,11.13426
NSR:Quay:9231,Skinnerudvegen,60.082237,11.134544
NSR:Quay:9232,Rolborg,59.784153,10.963728
NSR:Quay:9233,Rolborg,59.784755,10.962497
NSR:Quay:9234,Skjønberg,59.871962,11.083955
NSR:Quay:9235,Skjønberg,59.872584,11.084371
NSR:Quay:9236,Bindingsvann,59.781804,10.972021
NSR:Quay:9237,Bindingsvann,59.782311,10.970739
NSR:Quay:9238,Nordby skole,59.86488,11.092793
NSR:Quay:9239,Furuberget,59.778762,10.977911
NSR:Quay:9240,Tomter,59.862862,11.094075
NSR:Quay:9241,Furuberget,59.779128,10.977705
NSR:Quay:9242,Tomter,59.861241,11.095092
NSR:Quay:9243,Averstadmoen,60.079622,11.136062
NSR:Quay:9244,Averstadmoen,60.07915,11.136556
NSR:Quay:9245,Fjellstadfeltet,59.857763,11.09669
NSR:Quay:9246,Fjellstadfeltet,59.857112,11.09658
NSR:Quay:9247,Langhus stasjon,59.749252,10.837026
NSR:Quay:9248,Langhus stasjon,59.750052,10.838053
NSR:Quay:9249,Ødegårdsveien,59.752793,10.845491
NSR:Quay:9250,Jahr,59.882819,11.091213
NSR:Quay:9251,Ødegårdsveien,59.752377,10.843686
NSR:Quay:9252,Jahr,59.883807,11.09227
NSR:Quay:9254,Grinitajet,59.879312,11.088561
NSR:Quay:9255,Grinitajet,59.879235,11.088153
NSR:Quay:9256,Langhus senter,59.75547,10.844686
NSR:Quay:9257,Langhus senter,59.75538,10.845933
NSR:Quay:9258,Lund,59.924427,11.072813
NSR:Quay:9259,Kvakestad,59.737525,10.841497
NSR:Quay:9260,Lund,59.92485,11.072355
NSR:Quay:9261,Kvakestad,59.736228,10.84257
NSR:Quay:9262,Måstad,60.089514,11.235884
NSR:Quay:9263,Måstad,60.089411,11.235808
NSR:Quay:9264,Sundhagen,59.928293,11.069825
NSR:Quay:9265,Vevelstad stasjon,59.7565,10.839539
NSR:Quay:9266,Aamodt,59.932085,11.067905
NSR:Quay:9267,Vevelstadåsen,59.758157,10.846993
NSR:Quay:9268,Aamodt,59.931073,11.068736
NSR:Quay:9269,Orderud,59.944874,11.049797
NSR:Quay:9270,Orderud,59.945349,11.049298
NSR:Quay:9273,Lundsletta,60.098569,11.259372
NSR:Quay:9274,Lundsletta,60.097931,11.258519
NSR:Quay:9275,Borgen,59.942237,11.05849
NSR:Quay:9276,Borgen,59.941792,11.05929
NSR:Quay:9277,Vevelstadlia,59.759536,10.845496
NSR:Quay:9278,Vevelstadlia,59.759559,10.845762
NSR:Quay:9279,Aamodttoppen,59.933615,11.068557
NSR:Quay:9280,Vevelstad gård,59.762116,10.843509
NSR:Quay:9281,Vevelstad gård,59.760717,10.842591
NSR:Quay:9282,Logn,59.939532,11.061358
NSR:Quay:9283,Logn,59.9387,11.063836
NSR:Quay:9284,Berghagan,59.764361,10.842943
NSR:Quay:9285,Berghagan,59.763087,10.842991
NSR:Quay:9286,Gamlevegen,60.076218,11.127659
NSR:Quay:9287,Gamlevegen,60.076248,11.127825
NSR:Quay:9288,Furukollen,59.945516,11.029681
NSR:Quay:9289,Furukollen,59.945735,11.031242
NSR:Quay:9290,Regnbueveien,59.771798,10.849855
NSR:Quay:9291,Regnbueveien,59.772936,10.850316
NSR:Quay:9292,Karibekken,59.844122,11.128987
NSR:Quay:9293,Karibekken,59.844314,11.128818
NSR:Quay:9294,Stenfelt,59.758542,10.817507
NSR:Quay:9295,Stenfelt,59.759152,10.816877
NSR:Quay:9296,Reierstad,60.110491,11.300962
NSR:Quay:9297,Reierstad,60.110571,11.301077
NSR:Quay:9298,Fjerdingby,59.922049,11.072043
NSR:Quay:9299,Fjerdingby,59.922159,11.071928
NSR:Quay:9304,Stenfeltlia,59.761309,10.822429
NSR:Quay:9305,Marikollen,59.923977,11.065526
NSR:Quay:9306,Marikollen,59.924243,11.065182
NSR:Quay:9309,Kauserudkrysset,60.088932,11.263564
NSR:Quay:9310,Kauserudkrysset,60.088885,11.263492
NSR:Quay:9311,Kauserudkrysset,60.089038,11.263347
NSR:Quay:9312,Rælingen rådhus,59.926088,11.066988
NSR:Quay:9313,Rælingen rådhus,59.926224,11.066666
NSR:Quay:9319,Rælingsbrua,59.951434,11.036984
NSR:Quay:9320,Rælingsbrua,59.951477,11.037242
NSR:Quay:9321,Ormstad,60.077763,11.277084
NSR:Quay:9324,Dammensvika,59.950034,11.039905
NSR:Quay:9325,Dammensvika,59.949575,11.04089
NSR:Quay:9326,Steinsleppen,59.741701,10.825384
NSR:Quay:9327,Steinsleppen,59.741632,10.825212
NSR:Quay:9328,Hagastubakken,59.941612,11.051289
NSR:Quay:9329,Hagastubakken,59.94232,11.049832
NSR:Quay:9330,Ingjersmyr,60.090846,11.255796
NSR:Quay:9333,Ingjersmyr,60.090786,11.255727
NSR:Quay:9334,Øgardshøgda,59.939082,11.054336
NSR:Quay:9335,Øgardshøgda,59.938124,11.055001
NSR:Quay:9336,Ramstad terrasse,59.74528,10.845373
NSR:Quay:9338,Norum,59.935293,11.058737
NSR:Quay:9339,Norum,59.934629,11.05951
NSR:Quay:9340,Retvedt,59.654564,10.918511
NSR:Quay:9341,Retvedt,59.65499,10.91981
NSR:Quay:9342,Dovre fabrikker,59.930207,11.060601
NSR:Quay:9343,Dovre fabrikker,59.929138,11.060419
NSR:Quay:9347,Rud skole,59.945099,11.042027
NSR:Quay:9348,Rud skole,59.944901,11.04215
NSR:Quay:9350,Li,59.659458,10.910639
NSR:Quay:9351,Petrinehøy,59.946273,11.034991
NSR:Quay:9352,Petrinehøy,59.946097,11.03527
NSR:Quay:9354,Brokkenhus,59.817925,10.897346
NSR:Quay:9355,Brokkenhus,59.817887,10.899194
NSR:Quay:9356,Smestad skole,59.908549,11.089792
NSR:Quay:9357,Smestad skole,59.907318,11.089915
NSR:Quay:9359,Holt,59.911339,11.084529
NSR:Quay:9360,Holt,59.912276,11.082866
NSR:Quay:9361,Tusenfryd,59.749812,10.781708
NSR:Quay:9362,Tusenfryd,59.748725,10.781499
NSR:Quay:9363,Narvestad,59.851286,11.108269
NSR:Quay:9364,Narvestad,59.851085,11.109047
NSR:Quay:9366,Bye,59.854361,11.098978
NSR:Quay:9367,Bye,59.853605,11.100507
NSR:Quay:9368,Fålesloråsen,59.751476,10.781877
NSR:Quay:9369,Fålesloråsen,59.750993,10.781525
NSR:Quay:9370,Eikeliveien,59.952107,11.033441
NSR:Quay:9371,Eikeliveien,59.952007,11.035429
NSR:Quay:9372,Ås videregående skole,59.664502,10.796709
NSR:Quay:9373,Ås videregående skole,59.664712,10.796414
NSR:Quay:9374,Linjeveien,59.951935,11.024255
NSR:Quay:9375,Linjeveien,59.952291,11.025344
NSR:Quay:9378,Stalsberghagen,59.945471,11.019673
NSR:Quay:9379,Stalsberghagen,59.94613,11.02029
NSR:Quay:9381,Vinterbro,59.739663,10.776569
NSR:Quay:9382,Vinterbro,59.739844,10.776641
NSR:Quay:9383,Øvre Strømsdal,59.945647,11.026593
NSR:Quay:9384,Øvre Strømsdal,59.945533,11.026636
NSR:Quay:9385,Kløfta bosenter,60.079262,11.128903
NSR:Quay:9386,Vinterbro senter,59.740453,10.770716
NSR:Quay:9387,Sæterveien,59.94452,11.028222
NSR:Quay:9388,Sæterveien,59.944248,11.028168
NSR:Quay:9389,Myrås,59.742022,10.7794
NSR:Quay:9390,Skytilveien,59.940901,11.024761
NSR:Quay:9391,Skytilveien,59.941272,11.025086
NSR:Quay:9392,Kveldroveien,59.734056,10.778564
NSR:Quay:9393,Kveldroveien,59.734203,10.77684
NSR:Quay:9394,Løvenstad senter,59.938344,11.021363
NSR:Quay:9395,Løvenstad senter,59.93812,11.020639
NSR:Quay:9396,Aktivitetsvegen,60.151078,11.188025
NSR:Quay:9397,Aktivitetsvegen,60.151493,11.188256
NSR:Quay:9398,Sjøskogen,59.737594,10.764295
NSR:Quay:9399,Sjøskogen,59.737106,10.762079
NSR:Quay:9400,Løvenstadvegen,59.935204,11.024745
NSR:Quay:9401,Løvenstadvegen,59.936004,11.024236
NSR:Quay:9404,Sandbekkhallen,59.933081,11.027613
NSR:Quay:9405,Sandbekkhallen,59.932988,11.027194
NSR:Quay:9406,Gystadmarka skole,60.152274,11.191579
NSR:Quay:9411,Gystadmarka skole,60.152275,11.19204
NSR:Quay:9415,Blystadlia,59.93112,11.034527
NSR:Quay:9416,Askehaug,59.732286,10.740072
NSR:Quay:9417,Askehaug,59.732858,10.741759
NSR:Quay:9418,Torgenholtet,59.937368,11.02091
NSR:Quay:9419,Torgenholtet,59.93781,11.019191
NSR:Quay:9420,Vollebekk,59.664723,10.759405
NSR:Quay:9421,Vollebekk,59.664793,10.762627
NSR:Quay:9422,Kurlandsveien,59.939082,11.017198
NSR:Quay:9423,Kurlandsveien,59.939554,11.016334
NSR:Quay:9424,Fjellheim,60.198979,11.305782
NSR:Quay:9425,Fjellheim,60.198963,11.306265
NSR:Quay:9426,Fosterud,59.676258,10.745289
NSR:Quay:9427,Teigen,59.848532,11.117504
NSR:Quay:9428,Teigen,59.848616,11.115863
NSR:Quay:9429,Trosterud ved Årungen,59.681041,10.743234
NSR:Quay:9430,Årnesvegen,59.890386,11.100392
NSR:Quay:9431,Årnesvegen,59.890464,11.100129
NSR:Quay:9432,Sentralholtet,59.667382,10.804941
NSR:Quay:9433,Sentralholtet,59.666047,10.806604
NSR:Quay:9434,Sentralholtet,59.666932,10.805129
NSR:Quay:9435,Sentralholtet,59.666298,10.80632
NSR:Quay:9436,Musehogget,60.197384,11.300112
NSR:Quay:9437,Musehogget,60.197369,11.300291
NSR:Quay:9438,Hektnereika,59.895269,11.098624
NSR:Quay:9439,Hektnereika,59.895579,11.098141
NSR:Quay:9442,Oppsal,59.899538,11.094974
NSR:Quay:9443,Oppsal,59.900701,11.094325
NSR:Quay:9444,Melby,59.706207,10.771172
NSR:Quay:9445,Melby,59.707083,10.771357
NSR:Quay:9446,Grøndalen,60.194005,11.294624
NSR:Quay:9447,Grøndalen,60.194056,11.294275
NSR:Quay:9448,Engerhagan,59.902502,11.092654
NSR:Quay:9449,Engerhagan,59.902456,11.092935
NSR:Quay:9450,Melby,59.706778,10.770834
NSR:Quay:9451,Kirkeby,59.916068,11.081305
NSR:Quay:9452,Kirkeby,59.916599,11.080551
NSR:Quay:9456,Ramstad,59.885709,11.092624
NSR:Quay:9457,Rømåa,60.195745,11.286513
NSR:Quay:9458,Rømåa,60.196041,11.285955
NSR:Quay:9461,Berger,59.725836,11.084532
NSR:Quay:9462,Berger,59.725788,11.086463
NSR:Quay:9463,Furumoveien,59.64099,10.829856
NSR:Quay:9464,Furumoveien,59.64056,10.829446
NSR:Quay:9465,Enebakk sykehjem,59.731493,11.111196
NSR:Quay:9466,Enebakk sykehjem,59.731367,11.11115
NSR:Quay:9467,Kaksrud,59.613219,10.827608
NSR:Quay:9468,Kaksrud,59.613262,10.827675
NSR:Quay:9469,Stensby,60.192896,11.272045
NSR:Quay:9470,Stensby,60.192867,11.272244
NSR:Quay:9471,Bekkevold,59.727821,11.100641
NSR:Quay:9472,Bekkevold,59.727919,11.100083
NSR:Quay:9473,Rustadporten,59.662441,10.81839
NSR:Quay:9474,Rustadporten,59.663208,10.81807
NSR:Quay:9475,Ombergtoppen,59.727182,11.091728
NSR:Quay:9476,Ombergtoppen,59.727165,11.091996
NSR:Quay:9478,Helgestad,59.636668,10.827906
NSR:Quay:9479,Helgestad,59.636612,10.827823
NSR:Quay:9480,Bjerklund,59.72455,11.07847
NSR:Quay:9481,Bjerklund,59.724785,11.080254
NSR:Quay:9483,Gudmundsrudteiet,60.147561,11.281621
NSR:Quay:9484,Gudmundsrudteiet,60.147352,11.282018
NSR:Quay:9485,Svenskerud,59.723774,11.074621
NSR:Quay:9486,Universitetet i Ås,59.664839,10.774388
NSR:Quay:9487,Universitetet i Ås,59.664888,10.770764
NSR:Quay:9488,Svenskerud,59.723991,11.076338
NSR:Quay:9491,Østby,59.722652,11.067567
NSR:Quay:9492,Østby,59.722661,11.069117
NSR:Quay:9493,Nore,60.190007,11.265439
NSR:Quay:9494,Nore,60.190615,11.266056
NSR:Quay:9495,Tangen bru,59.722351,11.055948
NSR:Quay:9496,Nyborgveien,59.673291,10.805963
NSR:Quay:9497,Nyborgveien,59.67294,10.805094
NSR:Quay:9498,Tømmerbråten,59.734302,11.131245
NSR:Quay:9499,Holstad skole,59.684722,10.812302
NSR:Quay:9500,Holstad skole,59.684805,10.812288
NSR:Quay:9501,Nyeng,59.733127,11.14692
NSR:Quay:9502,Nyeng,59.733217,11.14721
NSR:Quay:9503,Skuterudsletta,59.680453,10.81147
NSR:Quay:9504,Skuterudsletta,59.678971,10.810606
NSR:Quay:9505,Postmannsvingen,60.188367,11.264626
NSR:Quay:9506,Postmannsvingen,60.188161,11.264347
NSR:Quay:9507,Vik,59.737675,11.016632
NSR:Quay:9508,Vik,59.737728,11.016369
NSR:Quay:9509,Holstad,59.689224,10.815321
NSR:Quay:9510,Holstad,59.689258,10.814106
NSR:Quay:9511,Barbøl,59.750892,11.142717
NSR:Quay:9512,Barbøl,59.749513,11.142532
NSR:Quay:9513,Kjølstadhøgda,59.701541,10.830071
NSR:Quay:9514,Kjølstadhøgda,59.701997,10.829454
NSR:Quay:9517,Jødalsmosen,60.173331,11.30533
NSR:Quay:9518,Jødalsmosen,60.17345,11.305464
NSR:Quay:9519,Bjørnebekk,59.655957,10.828628
NSR:Quay:9520,Bjørnebekk,59.65529,10.829172
NSR:Quay:9521,Kronafeltet,59.758571,11.144428
NSR:Quay:9522,Kronafeltet,59.757535,11.144428
NSR:Quay:9523,Danskerudbråten,59.651908,10.8326
NSR:Quay:9524,Danskerudbråten,59.652349,10.832514
NSR:Quay:9525,Gravveien,59.729625,11.00524
NSR:Quay:9526,Gravveien,59.729736,11.005015
NSR:Quay:9527,Vestengen,60.165278,11.302208
NSR:Quay:9528,Vestengen,60.165266,11.302387
NSR:Quay:9529,Danskerudveien,59.648709,10.831905
NSR:Quay:9530,Danskerudveien,59.648735,10.831777
NSR:Quay:9531,Brevik,59.704206,11.149302
NSR:Quay:9532,Hammeren skole,59.753551,11.18412
NSR:Quay:9533,Hammeren skole,59.753566,11.18424
NSR:Quay:9534,Egge,59.697437,10.773009
NSR:Quay:9535,Egge,59.697518,10.773154
NSR:Quay:9536,Furuset kirke,60.158602,11.261936
NSR:Quay:9537,Furuset kirke,60.158524,11.261786
NSR:Quay:9538,Nordre Mysen gård,59.749025,11.176666
NSR:Quay:9539,Nordre Mysen gård,59.748961,11.176425
NSR:Quay:9540,Klommestein,59.65915,10.681613
NSR:Quay:9541,Klommestein,59.658639,10.681938
NSR:Quay:9542,Heier veistasjon,59.744267,11.167506
NSR:Quay:9543,Heier veistasjon,59.74474,11.168238
NSR:Quay:9544,Nordby kirke,59.719503,10.771905
NSR:Quay:9545,Nordby kirke,59.719378,10.771865
NSR:Quay:9546,Løkengarasjen,59.769875,11.148468
NSR:Quay:9547,Løkengarasjen,59.769857,11.14868
NSR:Quay:9548,Nordby skole,59.724593,10.762042
NSR:Quay:9549,Nordby skole,59.724607,10.762033
NSR:Quay:9550,Furuset,60.156308,11.262075
NSR:Quay:9551,Furuset,60.156261,11.261971
NSR:Quay:9552,Flatebysenteret,59.829304,11.153663
NSR:Quay:9553,Flatebysenteret,59.82798,11.15421
NSR:Quay:9554,Flatebysenteret,59.828799,11.152183
NSR:Quay:9555,Siriusveien,59.725302,10.756366
NSR:Quay:9556,Siriusveien,59.725373,10.756425
NSR:Quay:9557,Hagenveien,59.830782,11.147998
NSR:Quay:9558,Hagenveien,59.83126,11.14733
NSR:Quay:9559,Tømmerveien,59.731521,10.751117
NSR:Quay:9560,Tømmerveien,59.731268,10.75064
NSR:Quay:9561,Fredheimveien,59.833066,11.14294
NSR:Quay:9562,Fredheimveien,59.832875,11.143044
NSR:Quay:9563,Tiursvingen,59.734397,10.756181
NSR:Quay:9564,Tiursvingen,59.734432,10.75638
NSR:Quay:9565,Furuset syd,60.153274,11.261804
NSR:Quay:9566,Furuset syd,60.153248,11.261678
NSR:Quay:9567,Bjerke,59.834634,11.137184
NSR:Quay:9568,Bjerke,59.834428,11.138305
NSR:Quay:9569,Askehaug gård,59.727266,10.752667
NSR:Quay:9570,Askehaug gård,59.727237,10.752552
NSR:Quay:9571,Rud,59.834127,11.147937
NSR:Quay:9572,Rud,59.835064,11.147411
NSR:Quay:9575,Linås,59.795176,11.187834
NSR:Quay:9576,Linås,59.795805,11.187564
NSR:Quay:9579,Folkvang,60.147985,11.26204
NSR:Quay:9580,Folkvang,60.148021,11.262199
NSR:Quay:9581,Sanner,59.734577,11.168783
NSR:Quay:9582,Sanner,59.734478,11.168989
NSR:Quay:9583,Sanner,59.734424,11.168753
NSR:Quay:9586,Nedre Sundby,59.711653,11.179582
NSR:Quay:9587,Nedre Sundby,59.711748,11.179802
NSR:Quay:9588,Solberg skole,59.718609,10.795591
NSR:Quay:9589,Solberg skole,59.71914,10.795577
NSR:Quay:9590,Fjellheim,59.704068,11.185686
NSR:Quay:9591,Fjellheim,59.703917,11.185609
NSR:Quay:9592,Algarheim,60.145078,11.258596
NSR:Quay:9593,Algarheim,60.145639,11.25938
NSR:Quay:9594,Gamle Kongevei,59.723434,10.786504
NSR:Quay:9595,Gamle Kongevei,59.723273,10.786571
NSR:Quay:9596,Tysdalstoppen,59.717994,11.178821
NSR:Quay:9597,Tysdalstoppen,59.717975,11.178564
NSR:Quay:9598,Nordre Jaer,59.72197,11.178177
NSR:Quay:9599,Nordre Jaer,59.722048,11.178395
NSR:Quay:9600,Rydningen,59.64984,10.830103
NSR:Quay:9602,Ekebergdalen,59.771809,11.117883
NSR:Quay:9603,Grenseveien,59.71988,10.80861
NSR:Quay:9604,Grenseveien,59.719887,10.810947
NSR:Quay:9605,Oscar Christensens veg,60.14223,11.255354
NSR:Quay:9607,Ekeberg,59.769434,11.11949
NSR:Quay:9608,Ekeberg,59.769532,11.119511
NSR:Quay:9609,Granheimtunet,59.719534,10.802972
NSR:Quay:9610,Granheimtunet,59.719604,10.800526
NSR:Quay:9611,Elverum,59.766283,11.124663
NSR:Quay:9612,Elverum,59.766219,11.124725
NSR:Quay:9613,Nygårdsåsen,59.719954,10.792222
NSR:Quay:9614,Nygårdsåsen,59.720259,10.790318
NSR:Quay:9615,Østenbøl bru,59.764239,11.132711
NSR:Quay:9616,Østenbøl bru,59.764278,11.132829
NSR:Quay:9617,GA-terminalen,60.200002,11.073902
NSR:Quay:9618,GA-terminalen,60.200078,11.073714
NSR:Quay:9619,Nygård,59.71891,10.786133
NSR:Quay:9620,Nygård,59.718973,10.787112
NSR:Quay:9621,Krokengveien,59.762596,11.137893
NSR:Quay:9622,Krokengveien,59.762504,11.1378
NSR:Quay:9624,Ås stasjon,59.663823,10.793885
NSR:Quay:9626,Ås stasjon,59.663656,10.793971
NSR:Quay:9627,Ås stasjon,59.663738,10.793931
NSR:Quay:9629,Flateby boligfelt,59.837393,11.142599
NSR:Quay:9630,Enebakk kirke,59.763771,11.14662
NSR:Quay:9631,Enebakk kirke,59.763765,11.146815
NSR:Quay:9632,Enebakk kirke,59.763792,11.146545
NSR:Quay:9633,Enebakk kirke,59.763766,11.146713
NSR:Quay:9634,Eldor,59.651576,10.806403
NSR:Quay:9635,Gardergutua,60.195631,11.070989
NSR:Quay:9636,Gardergutua,60.195673,11.071231
NSR:Quay:9637,Svartebekk,59.758566,11.165947
NSR:Quay:9638,Svartebekk,59.758663,11.166049
NSR:Quay:9639,Hogstvetveien,59.655213,10.800062
NSR:Quay:9640,Hogstvetveien,59.654782,10.799974
NSR:Quay:9641,Guslund,59.775689,11.16057
NSR:Quay:9642,Guslund,59.776163,11.161377
NSR:Quay:9643,Åsgård skole,59.664205,10.783196
NSR:Quay:9644,Hobøl,59.779188,11.169445
NSR:Quay:9645,Hobøl,59.77922,11.168056
NSR:Quay:9646,Åsgård skole,59.664202,10.786061
NSR:Quay:9647,Garder,60.193681,11.060172
NSR:Quay:9648,Garder,60.193556,11.060489
NSR:Quay:9649,Flaputten,59.780844,11.173584
NSR:Quay:9650,Flaputten,59.780259,11.173412
NSR:Quay:9653,Kigen,59.785192,11.175861
NSR:Quay:9654,Kigen,59.785453,11.17688
NSR:Quay:9655,Nesset,59.729006,10.733677
NSR:Quay:9656,Nesset,59.729481,10.733656
NSR:Quay:9657,Solberg,59.787622,11.180281
NSR:Quay:9658,Solberg,59.78807,11.180587
NSR:Quay:9659,Lilleplassen,60.190443,11.064748
NSR:Quay:9660,Nordbysaga,59.702483,10.757656
NSR:Quay:9661,Vaslestad,59.79217,11.182765
NSR:Quay:9662,Nordbysaga,59.702402,10.757544
NSR:Quay:9663,Vaslestad,59.792823,11.184517
NSR:Quay:9664,Nordbysvingen,59.717782,10.775464
NSR:Quay:9665,Bolseth,59.761751,11.145509
NSR:Quay:9666,Nordbysvingen,59.716902,10.775866
NSR:Quay:9667,Bolseth,59.761245,11.145321
NSR:Quay:9668,Nordbysvingen,59.717621,10.776958
NSR:Quay:9669,Hervakrysset,60.177296,11.083671
NSR:Quay:9670,Hervakrysset,60.176554,11.085621
NSR:Quay:9671,Bekk,59.725937,10.731628
NSR:Quay:9672,Bekk,59.727147,10.731929
NSR:Quay:9674,Borud,59.700025,11.196775
NSR:Quay:9675,Borud,59.700062,11.197006
NSR:Quay:9676,Bekkstrand,59.722858,10.728992
NSR:Quay:9677,Bekkstrand,59.723887,10.729501
NSR:Quay:9678,Landskaug,59.76455,10.992411
NSR:Quay:9679,Landskaug,59.763333,10.993533
NSR:Quay:9681,Bekkevold,59.71906,10.728978
NSR:Quay:9682,Bekkevold,59.720263,10.72908
NSR:Quay:9683,Nordre Brudalen,60.175509,11.091784
NSR:Quay:9684,Nordre Brudalen,60.175201,11.093903
NSR:Quay:9685,Durud,59.756229,10.998208
NSR:Quay:9686,Durud,59.758716,10.998685
NSR:Quay:9687,Fløyspjell,59.720305,10.724467
NSR:Quay:9688,Fløyspjell,59.719588,10.723289
NSR:Quay:9689,Fjellstad,59.754532,11.000742
NSR:Quay:9690,Fjellstad,59.754478,11.000648
NSR:Quay:9691,Brønnerud skole,59.663571,10.749991
NSR:Quay:9692,Brønnerud skole,59.663231,10.748837
NSR:Quay:9693,Bakken,59.751231,11.003805
NSR:Quay:9694,Bakken,59.751052,11.003722
NSR:Quay:9695,Brudalen,60.170532,11.100695
NSR:Quay:9696,Brudalen,60.171099,11.100317
NSR:Quay:9699,Råkendalen,59.744161,11.008057
NSR:Quay:9700,Råkendalen,59.744099,11.007866
NSR:Quay:9701,Råken,59.738539,11.008826
NSR:Quay:9702,Råken,59.738764,11.008599
NSR:Quay:9703,Nyveien,59.661131,10.738857
NSR:Quay:9704,Nyveien,59.661093,10.737443
NSR:Quay:9705,Omberg,59.810953,11.180453
NSR:Quay:9706,Omberg,59.809985,11.180169
NSR:Quay:9707,Tronstuløkka,60.164769,11.108532
NSR:Quay:9708,Tronstuløkka,60.164557,11.108446
NSR:Quay:9710,Hagen,59.805533,11.183149
NSR:Quay:9711,Hagen,59.806627,11.182473
NSR:Quay:9712,Haug,59.659287,10.725355
NSR:Quay:9713,Haug,59.659374,10.726661
NSR:Quay:9714,Fløtten,59.802558,11.184238
NSR:Quay:9715,Fløtten,59.80185,11.183672
NSR:Quay:9716,Holstad gård,59.658509,10.714256
NSR:Quay:9717,Holstad gård,59.658382,10.715374
NSR:Quay:9718,Gjestang,59.815967,11.176341
NSR:Quay:9719,Gjestang,59.81675,11.175429
NSR:Quay:9720,Hannestad,60.159017,11.119334
NSR:Quay:9721,Hannestad,60.160219,11.117038
NSR:Quay:9722,Vennersgård nord,59.657756,10.708768
NSR:Quay:9723,Vennersgård nord,59.657377,10.707732
NSR:Quay:9724,Sikkebøl,59.818997,11.16984
NSR:Quay:9725,Sikkebøl,59.81945,11.169011
NSR:Quay:9726,Kroer kirke,59.638316,10.847079
NSR:Quay:9727,Kroer kirke,59.6382,10.847135
NSR:Quay:9728,Kroer kirke,59.63843,10.847273
NSR:Quay:9729,Stranden skole,59.821606,11.163622
NSR:Quay:9730,Sand,60.154878,11.127158
NSR:Quay:9731,Sand,60.155543,11.126254
NSR:Quay:9732,Sundby,59.824636,11.160004
NSR:Quay:9733,Sundby,59.824416,11.160116
NSR:Quay:9734,Gjeddevannsveien,59.836153,11.128657
NSR:Quay:9735,Skoftestad,59.656371,10.695164
NSR:Quay:9736,Skoftestad,59.656457,10.694195
NSR:Quay:9737,Myhra,59.732096,11.118102
NSR:Quay:9738,Myhra,59.732154,11.115841
NSR:Quay:9740,Rødskrysset,59.631994,10.831184
NSR:Quay:9741,Rødskrysset,59.63207,10.831532
NSR:Quay:9742,Gardermoen næringspark,60.166403,11.1534
NSR:Quay:9743,Gardermoen næringspark,60.165658,11.155766
NSR:Quay:9744,Gran,59.771204,10.984907
NSR:Quay:9745,Gran,59.771861,10.984341
NSR:Quay:9746,Kjellås,59.736343,11.024037
NSR:Quay:9747,Topper vestre,59.6013,10.829333
NSR:Quay:9748,Kjellås,59.736093,11.024053
NSR:Quay:9749,Topper vestre,59.601235,10.829223
NSR:Quay:9750,Vågvann,59.734258,11.027004
NSR:Quay:9751,Kroer skole,59.632898,10.850008
NSR:Quay:9752,Rensevegen,60.168751,11.127112
NSR:Quay:9753,Rensevegen,60.168863,11.127364
NSR:Quay:9754,Skovheim,59.730583,11.03298
NSR:Quay:9755,Skovheim,59.730595,11.032669
NSR:Quay:9758,Vestby bru,59.724561,11.042531
NSR:Quay:9759,Vestby bru,59.724666,11.042665
NSR:Quay:9761,Revhaugkrysset,59.645227,10.832951
NSR:Quay:9762,Revhaugkrysset,59.645223,10.83311
NSR:Quay:9765,Vågsenteret,59.723511,11.04999
NSR:Quay:9766,Vågsenteret,59.723127,11.05172
NSR:Quay:9767,Kjærnes brygge,59.75063,10.724929
NSR:Quay:9768,Kjærnes brygge,59.750671,10.724905
NSR:Quay:9769,Postterminalen øst,59.940901,10.94797
NSR:Quay:9770,Postterminalen øst,59.940979,10.947964
NSR:Quay:9771,Kjærnes,59.747452,10.731619
NSR:Quay:9772,Kjærnes,59.747492,10.731708
NSR:Quay:9773,Postterminalen vest,59.940726,10.941849
NSR:Quay:9774,Postterminalen vest,59.940772,10.942742
NSR:Quay:9776,Kjellveien,59.743423,10.740205
NSR:Quay:9777,Kjellveien,59.743476,10.740241
NSR:Quay:9778,Georg Stangs vei,59.933495,10.93969
NSR:Quay:9779,Georg Stangs vei,59.93364,10.939497
NSR:Quay:9780,Ringneskrysset,59.756352,10.781869
NSR:Quay:9781,Snorres vei,59.929775,10.945532
NSR:Quay:9782,Snorres vei,59.930452,10.944271
NSR:Quay:9783,Teigen,59.620619,10.820284
NSR:Quay:9784,Teigen,59.620602,10.820085
NSR:Quay:9785,Oslo lufthavn,60.193705,11.094909
NSR:Quay:9787,Oslo lufthavn,60.193623,11.095483
NSR:Quay:9788,Haralds vei,59.930313,10.952825
NSR:Quay:9790,Haralds vei,59.929931,10.952074
NSR:Quay:9793,Oslo lufthavn,60.193665,11.095199
NSR:Quay:9795,Oslo lufthavn,60.19358,11.095757
NSR:Quay:9796,Tandbergløkka,59.700852,10.845381
NSR:Quay:9797,Tandbergløkka,59.700124,10.845692
NSR:Quay:9798,Lørenskog sentrum,59.927656,10.953632
NSR:Quay:9799,Sagstuen,59.76803,10.693761
NSR:Quay:9800,Sagstuen,59.767974,10.693584
NSR:Quay:9801,Lørenskog sentrum,59.928516,10.953664
NSR:Quay:9802,Lørenskog sentrum,59.928754,10.954799
NSR:Quay:9805,Lørenskog sentrum,59.927532,10.953525
NSR:Quay:9806,Flyporten,60.189352,11.101486
NSR:Quay:9809,Lørenskog sentrum,59.928056,10.954539
NSR:Quay:9810,Lørenskog sentrum,59.927923,10.955126
NSR:Quay:9811,Lørenskog sentrum,59.927864,10.955134
NSR:Quay:9812,Lørenskog sentrum,59.927994,10.954555
NSR:Quay:9815,Bergerveien,59.917404,10.958337
NSR:Quay:9816,Bergerveien,59.916963,10.958189
NSR:Quay:9819,SAS tekniske,60.184922,11.097967
NSR:Quay:9820,Finstadsletta,59.914768,10.960236
NSR:Quay:9821,Finstadsletta,59.914511,10.961976
NSR:Quay:9828,Garder veiskille,59.758854,10.697787
NSR:Quay:9829,Garder veiskille,59.759177,10.697739
NSR:Quay:9831,Fridtjof Nansens veg øst,60.18778,11.100574
NSR:Quay:9832,Finstadlia,59.914719,10.966292
NSR:Quay:9833,Finstadlia,59.914808,10.967853
NSR:Quay:9834,Glenne veiskille,59.756223,10.699589
NSR:Quay:9835,Glenne veiskille,59.756311,10.699807
NSR:Quay:9836,Nesåsen,59.911615,10.975868
NSR:Quay:9838,Roald Amundsens veg,60.184789,11.088577
NSR:Quay:9839,Roald Amundsens veg,60.184023,11.088418
NSR:Quay:9840,Ahus,59.933382,10.993959
NSR:Quay:9841,Ahus,59.933351,10.993506
NSR:Quay:9842,Dal skole,59.745859,10.696934
NSR:Quay:9844,Fjellhamar stasjon,59.940952,10.981809
NSR:Quay:9847,Søndre Dal,59.736108,10.691663
NSR:Quay:9848,Søndre Dal,59.736187,10.691832
NSR:Quay:9849,Fridtjof Nansens veg vest,60.188915,11.090958
NSR:Quay:98499,Wankels vei,59.483827,10.6926
NSR:Quay:98500,Wankels vei,59.483802,10.692773
NSR:Quay:98501,Sjøhagen terrasse,59.486808,10.690227
NSR:Quay:98503,Trosterud,59.653913,11.861377
NSR:Quay:98504,Trosterud,59.653366,11.861825
NSR:Quay:98505,Os,59.664882,11.836242
NSR:Quay:98506,Os,59.664821,11.836272
NSR:Quay:98507,Bekkenga,59.675398,11.800684
NSR:Quay:98508,Bekkenga,59.675787,11.800628
NSR:Quay:98509,Rømskog NSB-garasje,59.758011,11.820098
NSR:Quay:98510,Rømskog NSB-garasje,59.757953,11.81987
NSR:Quay:98511,Lund i Rømskog,59.770064,11.816933
NSR:Quay:98512,Lund i Rømskog,59.769914,11.816885
NSR:Quay:98513,Trandumsætrakrysset,59.775903,11.808439
NSR:Quay:98514,Trandumsætrakrysset,59.775444,11.809887
NSR:Quay:98515,Skjønhaug,59.718049,11.793708
NSR:Quay:98516,Skjønhaug,59.717788,11.793731
NSR:Quay:98517,Eidet,59.738875,11.804327
NSR:Quay:98518,Eidet,59.738687,11.803281
NSR:Quay:98519,Tørnby,59.744248,11.806258
NSR:Quay:98520,Tørnby,59.744111,11.805743
NSR:Quay:98521,Rømskog skole,59.748991,11.811435
NSR:Quay:98522,Rømskog skole,59.748957,11.811247
NSR:Quay:98523,Østkroken,59.751711,11.823075
NSR:Quay:98524,Østkroken,59.751697,11.822965
NSR:Quay:98525,Trandum,59.755489,11.817703
NSR:Quay:98526,Trandum,59.755501,11.817963
NSR:Quay:98527,Ramberg,59.726263,11.784014
NSR:Quay:98528,Ramberg,59.726339,11.78406
NSR:Quay:98529,Bunesvika,59.683913,11.79602
NSR:Quay:98530,Bunesvika,59.683821,11.795953
NSR:Quay:98531,Skolestua,59.745364,11.823175
NSR:Quay:98532,Skolestua,59.745479,11.823185
NSR:Quay:98533,Hov,59.667365,11.31369
NSR:Quay:98534,Hov,59.666943,11.313654
NSR:Quay:98535,Nygård,59.707192,11.294504
NSR:Quay:98536,Nygård,59.707681,11.294832
NSR:Quay:98537,Sletta,59.728972,11.288046
NSR:Quay:98538,Sletta,59.728871,11.287911
NSR:Quay:98539,Hvammer,59.73317,11.283271
NSR:Quay:98540,Hvammer,59.73307,11.28309
NSR:Quay:98541,Fjell,59.752317,11.293611
NSR:Quay:98542,Båstad skole,59.691389,11.293326
NSR:Quay:98550,Høvikvollen,59.72985,10.510389
NSR:Quay:98551,Høvik gård,59.726001,10.512178
NSR:Quay:98555,Eternitveien,59.785336,10.486971
NSR:Quay:98556,Eternitveien,59.784432,10.487531
NSR:Quay:98557,Nilsemarka,59.780239,10.482062
NSR:Quay:98558,Nilsemarka,59.781066,10.477723
NSR:Quay:98559,Filtvet,59.57358,10.617642
NSR:Quay:98560,Sætre bussterminal,59.680663,10.530288
NSR:Quay:9860,Clarion Hotel,60.193729,11.068492
NSR:Quay:98618,Gladbakk,60.088796,11.196764
NSR:Quay:9862,Clarion Hotel,60.194047,11.068887
NSR:Quay:98621,Herbergåsen,60.186996,11.539569
NSR:Quay:98622,Herbergåsen,60.187132,11.544029
NSR:Quay:98643,Stanseveien,59.946862,10.877452
NSR:Quay:9866,Fjellsrud skole,59.936548,10.978276
NSR:Quay:9867,Fjellsrud skole,59.937601,10.979341
NSR:Quay:9868,Aspond,59.726725,10.577374
NSR:Quay:9869,Knatten,59.928293,10.963328
NSR:Quay:9870,Knatten,59.928075,10.964592
NSR:Quay:9871,Grande,59.670036,10.627325
NSR:Quay:9872,Grande,59.669575,10.627725
NSR:Quay:9873,Onsrud,60.129209,11.282433
NSR:Quay:9874,Onsrud,60.128445,11.283179
NSR:Quay:9875,Søndre Langåra,59.753421,10.564714
NSR:Quay:9876,Sørlihavna,59.919931,10.97767
NSR:Quay:9877,Sørlihavna,59.919397,10.976538
NSR:Quay:9879,Triaden,59.918436,10.954096
NSR:Quay:9880,Triaden,59.9183,10.954206
NSR:Quay:9881,Fram,60.126955,11.296005
NSR:Quay:9882,Fram,60.12704,11.296051
NSR:Quay:9884,Triaden,59.919745,10.954887
NSR:Quay:9886,Triaden,59.920173,10.955005
NSR:Quay:9888,Vallerudveien,59.918034,10.948375
NSR:Quay:9889,Vallerudveien,59.91825,10.949072
NSR:Quay:9890,Lågøya,59.736743,10.568185
NSR:Quay:9891,Rasta skole,59.919878,10.939725
NSR:Quay:9892,Rasta skole,59.91949,10.938166
NSR:Quay:9893,Vilbergvegen,60.153195,11.130642
NSR:Quay:9896,Vilbergvegen,60.15231,11.131873
NSR:Quay:9897,Vallerudlia,59.915568,10.934575
NSR:Quay:9898,Vallerudlia,59.915675,10.93435
NSR:Quay:9899,Søndre Hallangen,59.70408,10.618554
NSR:Quay:9901,Nordbyhagen,59.935919,10.989804
NSR:Quay:9902,Vestgårdsveien,59.718767,10.623838
NSR:Quay:9903,Vestgårdsveien,59.718568,10.624206
NSR:Quay:9904,Fjellet,60.150717,11.306328
NSR:Quay:9905,Fjellet,60.150812,11.306336
NSR:Quay:9908,Nordre Hallangen,59.716254,10.636472
NSR:Quay:9909,Nordre Hallangen,59.716186,10.636305
NSR:Quay:9910,Vallerudtoppen,59.91198,10.940516
NSR:Quay:9911,Hallangshagen,59.715726,10.651253
NSR:Quay:9912,Hallangshagen,59.715452,10.649767
NSR:Quay:9913,Tistilveien,59.913246,10.931724
NSR:Quay:9914,Tistilveien,59.913361,10.930133
NSR:Quay:9915,Rolstad,60.114265,11.303019
NSR:Quay:9916,Rolstad,60.114301,11.303177
NSR:Quay:9917,Skydsrud,59.712687,10.664999
NSR:Quay:9918,Skydsrud,59.710743,10.665268
NSR:Quay:9919,Kleiva,59.917391,10.929302
NSR:Quay:9920,Kleiva,59.917402,10.929151
NSR:Quay:9923,Røykås terrasse,59.924785,10.930656
NSR:Quay:9924,Røykås terrasse,59.924859,10.930412
NSR:Quay:9925,Nordkisa skole,60.190585,11.258983
NSR:Quay:9928,Vittenberg,59.939325,11.000673
NSR:Quay:9929,Vittenberg,59.938907,10.99876
NSR:Quay:9930,Bergertoppen,59.72389,10.696025
NSR:Quay:9931,Bergertoppen,59.724222,10.695343
NSR:Quay:9932,Skogveien,59.933894,10.949735
NSR:Quay:9933,Skogveien,59.934081,10.949799
NSR:Quay:9934,Holtbråten,59.71922,10.662127
NSR:Quay:9935,Håkons vei,59.935951,10.949204
NSR:Quay:9936,Holtbråten,59.719511,10.664238
NSR:Quay:9937,Håkons vei,59.935813,10.949206
NSR:Quay:9938,Holtbråten,59.719021,10.662792
NSR:Quay:9940,Lindeveien,59.939595,10.949201
NSR:Quay:9941,Lindeveien,59.93946,10.949158
NSR:Quay:9944,Kloppaveien,59.932984,10.984359
NSR:Quay:9945,Kloppaveien,59.932593,10.980586
NSR:Quay:9947,Måna,59.695045,10.659084
NSR:Quay:9948,Dovre trygdesenter,59.933851,10.972995
NSR:Quay:9949,Dovre trygdesenter,59.93423,10.972566
NSR:Quay:9951,Frogn videregående skole,59.691498,10.659131
NSR:Quay:9952,Frogn videregående skole,59.691253,10.658924
NSR:Quay:9953,Bårlibakken,59.936764,11.00262
NSR:Quay:9954,Bårlibakken,59.937157,11.003797
NSR:Quay:9955,Sogsti skole,59.654683,10.640809
NSR:Quay:9956,Sogsti skole,59.656034,10.641678
NSR:Quay:9957,Glitnegården,59.933127,11.001126
NSR:Quay:9958,Glitnegården,59.933895,11.00111
NSR:Quay:9959,Haver,59.648126,10.680548
NSR:Quay:9960,Haver,59.648082,10.680291
NSR:Quay:9962,Hovelsrudveien,59.92981,10.998175
NSR:Quay:9964,Krogsrud,59.634176,10.669586
NSR:Quay:9966,Hovelsrudveien,59.928997,10.997304
NSR:Quay:9967,Ermesjø,59.67457,10.699123
NSR:Quay:9968,Østbyveien,59.926372,10.99099
NSR:Quay:99688,Vækerø,59.91565,10.651833
NSR:Quay:9969,Østbyveien,59.926731,10.992272
NSR:Quay:9970,Bakker bru,59.684112,10.712772
NSR:Quay:9971,Bakker bru,59.684181,10.710989
NSR:Quay:9972,Dalstua,60.124887,11.30803
NSR:Quay:9973,Dalstua,60.124433,11.306401
NSR:Quay:9974,Lørenskog kirke,59.924338,10.985996
NSR:Quay:9975,Lørenskog kirke,59.923535,10.983871
NSR:Quay:9976,Vassum,59.701679,10.738261
NSR:Quay:9977,Vassum,59.701629,10.738028
NSR:Quay:9978,Rolvsrud,59.924228,10.954069
NSR:Quay:9979,Rolvsrud,59.92426,10.954254
NSR:Quay:9980,Hallangen veiskille,59.719093,10.621475
NSR:Quay:9981,Hallangen veiskille,59.719247,10.621591
NSR:Quay:9982,Hallangen veiskille,59.719096,10.62191
NSR:Quay:9983,Nordkisa,60.186258,11.263408
NSR:Quay:99833,Hjortnes,59.910045,10.71034
NSR:Quay:9984,Nordkisa,60.185326,11.262609
NSR:Quay:9985,Skåreråsen,59.921127,10.959372
NSR:Quay:9986,Skåreråsen,59.921338,10.959203
NSR:Quay:9987,Jordveien,59.714644,10.622352
NSR:Quay:9988,Jordveien,59.714579,10.622478
NSR:Quay:9991,Bekkeholtet,59.706993,10.620081
NSR:Quay:9992,Bekkeholtet,59.70701,10.619981
NSR:Quay:9993,Sørlitoppen,59.919518,10.973124
NSR:Quay:9994,Nordkisa syd,60.18351,11.26159
NSR:Quay:9995,Sørlitoppen,59.919656,10.974202
NSR:Quay:9996,Nordkisa syd,60.184085,11.26203
NSR:Quay:9997,Dalsbakken,59.750823,10.699085
NSR:Quay:9998,Dalsbakken,59.751231,10.699721
NSR:Quay:9999,Løkenåsveien,59.917944,10.96615
NSR:Quay:99992,Asker stasjon,59.832851,10.434775
NSR:StopPlace:1005,Trøgstad torg,59.641735,11.315762
NSR:StopPlace:1016,Frøshaugdalen,59.65178,11.309524
NSR:StopPlace:1019,Solberg Båstadveien,59.661269,11.317472
NSR:StopPlace:1021,Berger,59.672452,11.310024
NSR:StopPlace:1023,Skovly,59.683681,11.297695
NSR:StopPlace:1025,Olberg,59.687592,11.294818
NSR:StopPlace:1027,Båstad skole,59.691443,11.293354
NSR:StopPlace:1029,Båstad kirke,59.69555,11.29488
NSR:StopPlace:1031,Kirkebyåsen,59.699419,11.294293
NSR:StopPlace:1033,Heiås,59.702609,11.29531
NSR:StopPlace:1036,Båstad handel,59.705425,11.294935
NSR:StopPlace:1038,Venta,59.710611,11.294379
NSR:StopPlace:1044,Enger,59.717913,11.291434
NSR:StopPlace:1047,Folkvang,59.722159,11.294125
NSR:StopPlace:1048,Årmo,59.725569,11.292634
NSR:StopPlace:1051,Lund,59.738322,11.28125
NSR:StopPlace:1053,Gullbergtoppen,59.742223,11.286799
NSR:StopPlace:1055,Langholen,59.746504,11.291774
NSR:StopPlace:1058,Solvang,59.757415,11.291644
NSR:StopPlace:1160,Kjærstad,59.682949,11.203802
NSR:StopPlace:14863,Torskeberget,59.753544,10.512334
NSR:StopPlace:14870,Svaberg,59.748515,10.511563
NSR:StopPlace:14877,Ramton,59.743583,10.509635
NSR:StopPlace:14883,Høvikskogen,59.727985,10.511425
NSR:StopPlace:14889,Båtstø,59.722302,10.512886
NSR:StopPlace:14895,Landik,59.722456,10.507699
NSR:StopPlace:14901,Nordli,59.722413,10.503207
NSR:StopPlace:14906,Hov,59.719672,10.493437
NSR:StopPlace:14911,Sundbykrysset,59.714475,10.49364
NSR:StopPlace:14916,Åros fabrikker,59.711385,10.50031
NSR:StopPlace:14923,Åros samfunnshus,59.709762,10.506183
NSR:StopPlace:14928,Åros sentrum,59.705334,10.512564
NSR:StopPlace:14933,Åros brygge,59.7029,10.519
NSR:StopPlace:14938,Beston,59.690224,10.515576
NSR:StopPlace:14944,Slemmestad,59.779109,10.486123
NSR:StopPlace:14948,Toern,59.782175,10.488226
NSR:StopPlace:14953,Villingstadveien,59.736344,10.431049
NSR:StopPlace:14958,Ølstadveien øst,59.73452,10.438951
NSR:StopPlace:14963,Husebysvingen,59.732524,10.443146
NSR:StopPlace:14967,Krokodden,59.729998,10.44773
NSR:StopPlace:14972,Sagfoss,59.726889,10.457253
NSR:StopPlace:14977,Hotvet meieri,59.725451,10.462302
NSR:StopPlace:14981,Dalebråten bru,59.720507,10.474203
NSR:StopPlace:14986,Lingsom,59.714984,10.488167
NSR:StopPlace:14990,Auvi søndre,59.737578,10.376499
NSR:StopPlace:14994,Luftfartsverket,59.735743,10.376619
NSR:StopPlace:14997,Muserud,59.730189,10.375278
NSR:StopPlace:15002,Gamle Hyggenvei,59.726984,10.37599
NSR:StopPlace:15006,Hyggenhagan,59.72118,10.373811
NSR:StopPlace:15011,Hyggen speiderhus,59.719795,10.370159
NSR:StopPlace:15020,Bølstad terrasse,59.74105,10.333158
NSR:StopPlace:15022,Kleiverfeltet,59.760681,10.402205
NSR:StopPlace:15041,Rørvik Kafé,59.672965,10.431309
NSR:StopPlace:15047,Rørvik,59.669031,10.438036
NSR:StopPlace:15056,Småskjær,59.657168,10.436371
NSR:StopPlace:15060,Selvik hyttefelt,59.646425,10.436399
NSR:StopPlace:15064,Selvik gård,59.640484,10.441243
NSR:StopPlace:15068,Roås,59.628833,10.46012
NSR:StopPlace:15072,Inglingstadtoppen,59.626453,10.463399
NSR:StopPlace:15077,Haugen,59.622977,10.466323
NSR:StopPlace:15081,Åsheimkrysset,59.619902,10.469831
NSR:StopPlace:15085,Åsheim bussterminal,59.615763,10.464767
NSR:StopPlace:15088,Andreas Mørchs vei,59.610928,10.465449
NSR:StopPlace:15092,Langelien,59.6084,10.46645
NSR:StopPlace:15096,Killingstad,59.6061,10.46745
NSR:StopPlace:15100,Møllatoppen,59.601,10.46995
NSR:StopPlace:15103,Mølla,59.598232,10.472937
NSR:StopPlace:15107,Rødby,59.596238,10.472634
NSR:StopPlace:15111,Bjørnson,59.589773,10.472457
NSR:StopPlace:15115,Stokkergården,59.58692,10.472265
NSR:StopPlace:15120,Dalenveien,59.58336,10.473047
NSR:StopPlace:15123,Holtvedtveien,59.575048,10.475378
NSR:StopPlace:15127,Lærum,59.569882,10.465381
NSR:StopPlace:15131,Liltvet,59.565354,10.466752
NSR:StopPlace:15133,Liltvetkrysset,59.5633,10.4663
NSR:StopPlace:15136,Knivsvikveien,59.563385,10.45525
NSR:StopPlace:15140,Engene,59.560158,10.443639
NSR:StopPlace:15144,Holmsbu kirke,59.557652,10.437843
NSR:StopPlace:15148,Skolegaten,59.559575,10.431537
NSR:StopPlace:15152,Holmsbu torg,59.560366,10.427321
NSR:StopPlace:15155,Støa,59.5523,10.42155
NSR:StopPlace:15160,Trollebogen,59.54792,10.419885
NSR:StopPlace:15162,Rødtangen,59.530953,10.417515
NSR:StopPlace:15167,Jahrenbakkene,59.552725,10.442175
NSR:StopPlace:15170,Skjøttelvik,59.548027,10.445589
NSR:StopPlace:15173,Bergsmyrene,59.547991,10.453392
NSR:StopPlace:15177,Myrene,59.547447,10.457847
NSR:StopPlace:15180,Folkestad skole,59.5507,10.464873
NSR:StopPlace:15183,Kana,59.551817,10.472291
NSR:StopPlace:15187,Graver gård,59.548499,10.480224
NSR:StopPlace:15191,Berg,59.547274,10.485868
NSR:StopPlace:15194,Trondstadfjerdingen,59.547714,10.495197
NSR:StopPlace:15197,Grønnsletta,59.555555,10.504813
NSR:StopPlace:15201,Sagene,59.534191,10.532977
NSR:StopPlace:15204,Bakkestranda,59.536714,10.541421
NSR:StopPlace:15208,Striglesand,59.537515,10.545094
NSR:StopPlace:15212,Apotekerstranda,59.540259,10.551102
NSR:StopPlace:15215,Tofte sentrum,59.541426,10.556908
NSR:StopPlace:15220,Tofte båthavn,59.543473,10.562044
NSR:StopPlace:15223,Skogveien,59.547123,10.564258
NSR:StopPlace:15227,Toftejordet,59.553597,10.573032
NSR:StopPlace:15229,Brinkli,59.5568,10.5744
NSR:StopPlace:15233,Rød,59.563142,10.576412
NSR:StopPlace:15237,Kaltenbakk,59.566889,10.582235
NSR:StopPlace:15240,Rødsbakkene,59.568753,10.583778
NSR:StopPlace:15244,Filtvet skole,59.572183,10.592113
NSR:StopPlace:15248,Filtvet kapell,59.569654,10.599586
NSR:StopPlace:15251,Bjerkelunden,59.569242,10.606372
NSR:StopPlace:15255,Filtvet,59.57258,10.613104
NSR:StopPlace:15259,Tårnhuset,59.577199,10.61012
NSR:StopPlace:15262,Husebybakken,59.581918,10.609328
NSR:StopPlace:15266,Solberg,59.58675,10.6098
NSR:StopPlace:15270,Hermannsbråten,59.588651,10.612086
NSR:StopPlace:15273,Granlien,59.592828,10.614038
NSR:StopPlace:15276,Solbergstøa,59.597496,10.614574
NSR:StopPlace:15279,Eltorn,59.605772,10.611886
NSR:StopPlace:15283,Brydestranda,59.612724,10.611377
NSR:StopPlace:15287,Granli,59.616695,10.608797
NSR:StopPlace:15291,Teigen,59.621803,10.606547
NSR:StopPlace:15294,Dehli,59.630447,10.605473
NSR:StopPlace:15297,Rønningen,59.636137,10.604229
NSR:StopPlace:15300,Storsand brygge,59.641295,10.603856
NSR:StopPlace:15303,Storsand sentrum,59.646466,10.601815
NSR:StopPlace:15307,Storsandbakken,59.649255,10.601206
NSR:StopPlace:15310,Ellingstadveien,59.653427,10.598033
NSR:StopPlace:15313,Vannsbrekka,59.652523,10.59126
NSR:StopPlace:15317,Storsandtoppen,59.655812,10.587939
NSR:StopPlace:15320,Fredbo,59.658462,10.573818
NSR:StopPlace:15324,Verpen,59.668128,10.561278
NSR:StopPlace:15327,Peterstua,59.671395,10.548192
NSR:StopPlace:15330,Sætre skole,59.676409,10.537458
NSR:StopPlace:15335,Grytnes,59.678086,10.533239
NSR:StopPlace:15338,Sætre bussterminal,59.6806,10.53018
NSR:StopPlace:15342,Sætre sentrum,59.682043,10.526158
NSR:StopPlace:15345,Dammen,59.685016,10.520994
NSR:StopPlace:15348,Gunnaråsen,59.677622,10.522886
NSR:StopPlace:15351,Bjørndalen,59.675191,10.522314
NSR:StopPlace:15354,Åsveien industriområde,59.670348,10.522888
NSR:StopPlace:15358,Damstua,59.666453,10.519456
NSR:StopPlace:15361,Ledangtoppen,59.655608,10.514347
NSR:StopPlace:15364,Mørkvann,59.650564,10.511637
NSR:StopPlace:15367,Ødegården,59.644345,10.505631
NSR:StopPlace:15369,Østli,59.63505,10.50027
NSR:StopPlace:15372,Steinerskolen Hurum,59.632318,10.495151
NSR:StopPlace:15375,Rokkestad,59.629363,10.485916
NSR:StopPlace:15379,Østernveien,59.62759,10.481116
NSR:StopPlace:15382,Ugstadtoppen,59.623813,10.474453
NSR:StopPlace:15385,Hurum kirke,59.613723,10.457737
NSR:StopPlace:15389,Bråtan,59.615704,10.453035
NSR:StopPlace:15392,Bråtakroken,59.618325,10.450871
NSR:StopPlace:15395,Bogen,59.61285,10.43588
NSR:StopPlace:15398,Fjordhuset,59.61355,10.4214
NSR:StopPlace:15401,Verket ferjekai,59.613321,10.413376
NSR:StopPlace:16050,Lierstranda,59.74828,10.241348
NSR:StopPlace:16058,Jensvollveien,59.750242,10.247394
NSR:StopPlace:16061,Lierstranda 111,59.751047,10.251007
NSR:StopPlace:16064,Frydenlund,59.75194,10.254952
NSR:StopPlace:16067,Amtmannsvingen,59.752859,10.260439
NSR:StopPlace:16134,Husebygata,59.753788,10.271833
NSR:StopPlace:16139,Gullaugkrysset,59.751593,10.287463
NSR:StopPlace:16192,St. Hallvard vgs.,59.759195,10.237086
NSR:StopPlace:16195,Lier vgs.,59.757539,10.243513
NSR:StopPlace:16197,Brøholtstranda,59.7237,10.3185
NSR:StopPlace:16200,Fjellheim,59.721567,10.31838
NSR:StopPlace:16203,Lauton,59.7179,10.3182
NSR:StopPlace:16205,Kinnartangen,59.714213,10.33809
NSR:StopPlace:16209,Vestre Hyggen,59.715774,10.34898
NSR:StopPlace:16212,Hyggenbanen,59.718433,10.364109
NSR:StopPlace:16214,Hyggen,59.716364,10.368728
NSR:StopPlace:16217,Hyggenbukta,59.710743,10.376925
NSR:StopPlace:16221,Steinsbrekka,59.705692,10.380396
NSR:StopPlace:16223,Sand,59.699862,10.389719
NSR:StopPlace:16226,Nilsrudkleiva,59.695317,10.392758
NSR:StopPlace:16228,Gjerdal,59.692064,10.398098
NSR:StopPlace:16231,Bjørkeløkka,59.691975,10.405587
NSR:StopPlace:16234,Gjerdalsjordet,59.69035,10.41035
NSR:StopPlace:16236,Solodden,59.685119,10.413899
NSR:StopPlace:16239,Herningbakken,59.682857,10.418285
NSR:StopPlace:16241,Grimsrud,59.683597,10.422496
NSR:StopPlace:16244,Brøholt,59.730926,10.324077
NSR:StopPlace:16248,Bråset,59.741765,10.386311
NSR:StopPlace:16250,Torsrudveien,59.738759,10.329945
NSR:StopPlace:16253,Spikkestad sentrum,59.744272,10.33974
NSR:StopPlace:16256,Bjørkeliveien,59.742095,10.344976
NSR:StopPlace:16259,Spikkestad ungdomsskole,59.74015,10.350323
NSR:StopPlace:16261,Bitihagen,59.743794,10.364056
NSR:StopPlace:16264,Grinidalen,59.744122,10.37489
NSR:StopPlace:16267,Prestegårdsjordet,59.743737,10.38274
NSR:StopPlace:16269,Røyken stasjon,59.746504,10.389904
NSR:StopPlace:16273,Røyken sentrum,59.747453,10.395188
NSR:StopPlace:16276,Vangsvingen,59.749199,10.40335
NSR:StopPlace:16279,Midtbygda skole,59.744027,10.41435
NSR:StopPlace:16282,Gamle Røyken rådhus,59.740538,10.411437
NSR:StopPlace:16291,Røyken vgs.,59.739363,10.400507
NSR:StopPlace:16293,Steinbruddet,59.741974,10.417195
NSR:StopPlace:16295,Bjørnstad,59.738787,10.423037
NSR:StopPlace:16299,Kornmagasinet,59.742084,10.424089
NSR:StopPlace:16302,Ølstadveien vest,59.74471,10.430455
NSR:StopPlace:16304,Brynshagen,59.746553,10.439219
NSR:StopPlace:16308,Brynsholmen,59.750888,10.440244
NSR:StopPlace:16313,Grodalen,59.752961,10.442577
NSR:StopPlace:16315,Åsgård,59.751327,10.448462
NSR:StopPlace:16318,Bødalen,59.758555,10.45924
NSR:StopPlace:16322,Tors vei,59.765354,10.461763
NSR:StopPlace:16325,Stokker,59.769858,10.440948
NSR:StopPlace:16327,Dalbø,59.76046,10.464105
NSR:StopPlace:16330,Østskogen,59.763278,10.467498
NSR:StopPlace:16333,Dambo,59.767428,10.471247
NSR:StopPlace:16336,Prestenga,59.772685,10.47716
NSR:StopPlace:16339,Odalsveien,59.775827,10.485029
NSR:StopPlace:16346,Sørmarka,59.771377,10.483132
NSR:StopPlace:16349,Morbergtoppen,59.769708,10.490634
NSR:StopPlace:16352,Breidablikk,59.760513,10.49578
NSR:StopPlace:16356,Baarsrudveien,59.758173,10.50135
NSR:StopPlace:16358,Nærsnes,59.75936,10.508163
NSR:StopPlace:16362,Baku,59.757489,10.512017
NSR:StopPlace:16771,Gullaug,59.7488,10.2909
NSR:StopPlace:16775,Gullaugkleiva,59.744234,10.299574
NSR:StopPlace:16777,Karlseberget,59.7369,10.303
NSR:StopPlace:16780,Røykenveien 49,59.7334,10.3045
NSR:StopPlace:16785,Engersand,59.730023,10.309129
NSR:StopPlace:16787,Lahellkrysset,59.727822,10.312962
NSR:StopPlace:16790,Lahelldammen,59.72659,10.313914
NSR:StopPlace:16804,Drammen busstasjon,59.740605,10.20017
NSR:StopPlace:16808,Bragernes torg,59.743605,10.20324
NSR:StopPlace:17347,Brandtenborggata,59.742953,10.221367
NSR:StopPlace:17348,Erik Børresens alle,59.74345,10.2108
NSR:StopPlace:17349,Losjeplassen,59.742752,10.21531
NSR:StopPlace:17350,CC Kjøpesenter,59.741483,10.222856
NSR:StopPlace:2478,Sjøhagen syd,59.481978,10.695919
NSR:StopPlace:2531,Tigerplassen,59.446719,10.686122
NSR:StopPlace:2552,Trolldalen,59.452028,10.687675
NSR:StopPlace:2561,Kambosenteret,59.464041,10.688524
NSR:StopPlace:2570,Nøkkelandveien,59.467582,10.689888
NSR:StopPlace:2583,Møllebakken,59.471258,10.690877
NSR:StopPlace:2591,Kambo stasjon,59.477517,10.693691
NSR:StopPlace:2600,Sjøhagen,59.488374,10.69246
NSR:StopPlace:2605,Stubbeløkkveien,59.472054,10.695773
NSR:StopPlace:2610,Sjøhagen terrasse,59.486841,10.690145
NSR:StopPlace:2613,Nøkkeland,59.468294,10.697136
NSR:StopPlace:2618,Steinerskolen Moss,59.46501,10.695814
NSR:StopPlace:2754,Kongens gate,59.436817,10.668001
NSR:StopPlace:2759,Verket,59.442537,10.672148
NSR:StopPlace:2764,Verket skole,59.445192,10.679025
NSR:StopPlace:2769,Gamleveien,59.443995,10.675417
NSR:StopPlace:2774,Childrens International School,59.439993,10.669487
NSR:StopPlace:2900,Moss bussterminal,59.436439,10.662746
NSR:StopPlace:3076,Opsal,60.36182,11.193176
NSR:StopPlace:3077,Fjellstrand,59.798509,10.616132
NSR:StopPlace:3078,Undelstad,59.837199,10.456865
NSR:StopPlace:3079,Brøhaug,60.460084,11.239974
NSR:StopPlace:3080,Morskogen,60.469758,11.240018
NSR:StopPlace:3081,Ulvin gård,60.477103,11.23979
NSR:StopPlace:3083,Nygårdsverkstedet,60.389519,11.207997
NSR:StopPlace:3084,Bleikerkollen,59.82404,10.453119
NSR:StopPlace:3085,Fjellstrand skole,59.795749,10.622849
NSR:StopPlace:3086,Ørbekk,60.422037,11.239749
NSR:StopPlace:3087,Molykkja,60.428967,11.240419
NSR:StopPlace:3088,Korslund,60.438878,11.240227
NSR:StopPlace:3089,Fredheim,60.291174,11.243901
NSR:StopPlace:3090,Hellberget,60.301357,11.242798
NSR:StopPlace:3092,Sneisrud,60.305903,11.251283
NSR:StopPlace:3093,Betaniatoppen,59.79581,10.629411
NSR:StopPlace:3094,Bårli,60.313363,11.255921
NSR:StopPlace:3095,Bårlidalen,60.320172,11.258304
NSR:StopPlace:3096,Tunneltoppen,60.32413,11.258693
NSR:StopPlace:3097,Eidsvoll stasjon,60.330174,11.247125
NSR:StopPlace:3098,Skoleveien,59.793534,10.611733
NSR:StopPlace:3099,Fusdalbråten,59.834007,10.444755
NSR:StopPlace:3100,Eidsvollbrua,60.327114,11.26159
NSR:StopPlace:3101,Sagasenteret,60.327999,11.259216
NSR:StopPlace:3102,Smia,60.277902,11.318002
NSR:StopPlace:3103,Frilset nord,60.279765,11.316449
NSR:StopPlace:3104,Frilset,60.274389,11.323016
NSR:StopPlace:3105,Movei,59.79007,10.608328
NSR:StopPlace:3106,Asker rådhus,59.836922,10.435233
NSR:StopPlace:3107,Råholt kirke,60.27506,11.179017
NSR:StopPlace:3108,Sandhølet,60.270704,11.181657
NSR:StopPlace:3110,Ladderud,60.265234,11.183245
NSR:StopPlace:3111,Nordstrand,59.783976,10.606179
NSR:StopPlace:3112,Furulundjordet,60.262042,11.185482
NSR:StopPlace:3113,Trekanten,59.835695,10.431757
NSR:StopPlace:3114,Langset skole,60.402195,11.239322
NSR:StopPlace:3115,Movegen,60.257547,11.190506
NSR:StopPlace:3116,Langset skole,60.40419,11.242292
NSR:StopPlace:3117,Sandbakken,59.780853,10.603306
NSR:StopPlace:3118,Langset,60.411238,11.242788
NSR:StopPlace:3119,Storenga,60.397602,11.244968
NSR:StopPlace:3120,Røisi,60.394098,11.258817
NSR:StopPlace:3122,Minnesund nord,60.400943,11.238919
NSR:StopPlace:3123,Minnesund stasjon,60.39708,11.230333
NSR:StopPlace:3124,Jaer skole,59.791897,10.69022
NSR:StopPlace:3125,Dal skole,60.253696,11.199123
NSR:StopPlace:3126,Risengasletta,59.827265,10.436939
NSR:StopPlace:3127,Klippen,60.403633,11.257859
NSR:StopPlace:3128,Sollihøgda,60.406152,11.255729
NSR:StopPlace:3130,Dorr,60.400513,11.238973
NSR:StopPlace:3131,Dal,60.248177,11.199865
NSR:StopPlace:3132,Letohallen,60.249792,11.177544
NSR:StopPlace:3133,Fredtunveien,59.827855,10.436186
NSR:StopPlace:3134,Bjørgan,59.785911,10.689562
NSR:StopPlace:3136,Skogvegen,60.250844,11.196941
NSR:StopPlace:3137,Eidsvoll verk stasjon,60.287486,11.169724
NSR:StopPlace:3139,Høn stasjon,59.843835,10.45638
NSR:StopPlace:3140,Lundsgutua,60.287562,11.165433
NSR:StopPlace:3141,Håpet,60.29113,11.169579
NSR:StopPlace:3142,Råholt senter parkering,60.280828,11.17407
NSR:StopPlace:3143,Østråt,59.791144,10.695231
NSR:StopPlace:3144,Hofstad skole,59.847146,10.47088
NSR:StopPlace:3145,Sundbyvegen,60.297805,11.168059
NSR:StopPlace:3146,Statsrådvegen,60.283374,11.151375
NSR:StopPlace:3147,Berntsengutua,60.287893,11.150667
NSR:StopPlace:3148,Bomansvik,59.789431,10.699849
NSR:StopPlace:3149,Reistadlia,59.8462,10.473307
NSR:StopPlace:3151,Venger,60.301919,11.194674
NSR:StopPlace:3152,Krystalldammen,59.781774,10.704184
NSR:StopPlace:3153,Øvre Grindaveg,60.281271,11.158328
NSR:StopPlace:3154,Undelstad terrasse,59.838985,10.459598
NSR:StopPlace:3156,Feiring kommunehus,60.48756,11.156879
NSR:StopPlace:3157,Vakåsveien,59.850261,10.456683
NSR:StopPlace:3158,Granerud snuplass,59.775005,10.637632
NSR:StopPlace:3159,Baker Gulbrandsen,60.278877,11.17706
NSR:StopPlace:3160,Disserud,60.504631,11.171207
NSR:StopPlace:3161,Klokkerjordet,59.8524,10.466662
NSR:StopPlace:3162,Råholt senter,60.281499,11.175097
NSR:StopPlace:3163,Hasle,59.777644,10.689509
NSR:StopPlace:3164,Flesvik,60.499404,11.162736
NSR:StopPlace:3165,Søndre samfunn,60.283854,11.172873
NSR:StopPlace:3166,Jacob Neumanns vei,59.847879,10.459591
NSR:StopPlace:3167,Gullerud,59.771405,10.691033
NSR:StopPlace:3168,Feiring skole,60.491768,11.156498
NSR:StopPlace:3169,Sagmoen,60.289447,11.155645
NSR:StopPlace:3170,Leangbukta,59.83584,10.470022
NSR:StopPlace:3171,Eidsvoll verk,60.301478,11.167126
NSR:StopPlace:3172,Blylaget,59.777041,10.706684
NSR:StopPlace:3173,Mattisholtet,60.290379,11.157729
NSR:StopPlace:3174,Torgunrud,60.522928,11.183162
NSR:StopPlace:3175,Hvile,59.832329,10.469574
NSR:StopPlace:3176,Svestadtoppen,59.778348,10.604561
NSR:StopPlace:3177,Overgangen,60.515156,11.177087
NSR:StopPlace:3178,Feiring samvirkelag,60.482588,11.157839
NSR:StopPlace:3179,Eidsvoll verk nord,60.303289,11.165784
NSR:StopPlace:3180,Vettre,59.828352,10.471956
NSR:StopPlace:3181,Svestadbakken,59.776473,10.599926
NSR:StopPlace:3182,Rømmerudbakken,60.511691,11.173418
NSR:StopPlace:3183,Hasselbakken,60.463428,11.1827
NSR:StopPlace:3184,Melby,60.263962,11.329635
NSR:StopPlace:3185,Aspelund,59.824259,10.466985
NSR:StopPlace:3186,Svestadveien,59.774767,10.594483
NSR:StopPlace:3187,Bråeng,60.268977,11.32641
NSR:StopPlace:3188,Eidsvoll vgs.,60.336273,11.262332
NSR:StopPlace:3189,Grendborgen,59.772145,10.593768
NSR:StopPlace:3190,Vilberg ungdomsskole,60.335354,11.261193
NSR:StopPlace:3191,Vettrelia,59.826918,10.467734
NSR:StopPlace:3192,Kirkebygda,60.480867,11.157496
NSR:StopPlace:3193,Rogneskjær,59.768335,10.592714
NSR:StopPlace:3194,Sagsvingen,60.446804,11.193265
NSR:StopPlace:3195,Lindløkka,59.830614,10.458341
NSR:StopPlace:3196,Steindansen,60.288724,11.280368
NSR:StopPlace:3197,Døli,60.269292,11.290126
NSR:StopPlace:3198,Vettrekollen,59.825106,10.463507
NSR:StopPlace:3199,Stensby,60.383135,11.194838
NSR:StopPlace:3200,Nordre Spro,59.764323,10.59045
NSR:StopPlace:3201,Tømtedalen,60.372943,11.202385
NSR:StopPlace:3202,Lokalet,60.278788,11.290731
NSR:StopPlace:3203,Leangkollen,59.832991,10.465999
NSR:StopPlace:3204,Midtre Spro,59.759895,10.588599
NSR:StopPlace:3205,Julsrud,60.378541,11.199387
NSR:StopPlace:3206,Bårstad,60.257886,11.297228
NSR:StopPlace:3207,Granholt,59.860902,10.665434
NSR:StopPlace:3208,Strand,60.306166,11.275392
NSR:StopPlace:3209,Blakstad bussterminal,59.819264,10.465262
NSR:StopPlace:3210,Bårliåsen,60.31919,11.262738
NSR:StopPlace:3211,Sundet,60.32893,11.259559
NSR:StopPlace:3212,Søndre Spro,59.758315,10.587529
NSR:StopPlace:3213,Wergelands gate,60.328913,11.2575
NSR:StopPlace:3214,Nedre Frydendal,59.842463,10.422842
NSR:StopPlace:3217,Vilberg,60.331112,11.261987
NSR:StopPlace:3218,Biterudveien,59.841398,10.429389
NSR:StopPlace:3219,Vilberggarasjen,60.329435,11.269803
NSR:StopPlace:3220,Store Rud,59.753603,10.591755
NSR:StopPlace:3221,Gruemyra,60.324292,11.279445
NSR:StopPlace:3222,Frydendal,59.843606,10.425006
NSR:StopPlace:3223,Elvik,60.321928,11.280812
NSR:StopPlace:3225,Rødvika,60.328781,11.124153
NSR:StopPlace:3226,Hanevold,59.845681,10.42399
NSR:StopPlace:3228,Sagvegen,60.297953,11.152223
NSR:StopPlace:3229,Gaupa,59.74734,10.59104
NSR:StopPlace:3230,Stavivegen,60.302277,11.159698
NSR:StopPlace:3231,Vøyen,59.849375,10.420833
NSR:StopPlace:3232,Ormlia,60.309364,11.14961
NSR:StopPlace:3233,Solbakken,59.741212,10.591437
NSR:StopPlace:3234,Haakens,60.304566,11.157834
NSR:StopPlace:3235,Solgården,59.849509,10.447759
NSR:StopPlace:3236,Bråtengutua,60.301865,11.147894
NSR:StopPlace:3237,Fjell veiskille,59.794973,10.636324
NSR:StopPlace:3238,Asker kirke,59.84215,10.436566
NSR:StopPlace:3239,Styrilia,60.321083,11.295046
NSR:StopPlace:3240,Åserud,60.31962,11.295105
NSR:StopPlace:3241,Lunner,59.791501,10.63785
NSR:StopPlace:3242,Ludvikbakken,60.31613,11.295922
NSR:StopPlace:3243,Asker museum,59.853657,10.455653
NSR:StopPlace:3244,Fosserud,60.313408,11.298692
NSR:StopPlace:3245,Fagerhøi,59.788705,10.637665
NSR:StopPlace:3246,Eriksen,60.328359,11.293494
NSR:StopPlace:3247,Asker stasjon,59.83331,10.433721
NSR:StopPlace:3248,Grue,60.332702,11.289582
NSR:StopPlace:3249,Nordre Granerud,59.786049,10.638505
NSR:StopPlace:3250,Dal stasjon,60.249074,11.203389
NSR:StopPlace:3251,Hagaløkka,59.833314,10.423682
NSR:StopPlace:3252,Granerud bilverksted,59.78271,10.636285
NSR:StopPlace:3255,Søndre Granerud,59.780261,10.637058
NSR:StopPlace:3256,Rødhettes vei,59.821795,10.423149
NSR:StopPlace:3257,Skovseth,60.339019,11.287047
NSR:StopPlace:3258,Nesodden kirke,59.805538,10.690475
NSR:StopPlace:3259,Borgen skole,59.826388,10.421916
NSR:StopPlace:3260,Hagan,60.342941,11.290319
NSR:StopPlace:3261,Gustav Wentzels vei,59.830471,10.420222
NSR:StopPlace:3262,Helge Neumanns veg,60.33532,11.266214
NSR:StopPlace:3263,Svae,59.805524,10.681808
NSR:StopPlace:3264,Vilberg helsetun,60.333963,11.2677
NSR:StopPlace:3265,Fredbos vei,59.831703,10.425397
NSR:StopPlace:3266,Smia,59.805238,10.678515
NSR:StopPlace:3268,Askeladdveien,59.823319,10.426659
NSR:StopPlace:3269,Lars Tønsagers veg,60.33559,11.269455
NSR:StopPlace:3270,Sydhagen,59.803827,10.67266
NSR:StopPlace:3271,Bønsdalen,60.287178,11.188707
NSR:StopPlace:3272,Rønningen skole,59.819355,10.428376
NSR:StopPlace:3273,Bønsmovegen,60.285715,11.178541
NSR:StopPlace:3274,Rudsborg,59.800516,10.690987
NSR:StopPlace:3275,Råholthallen,60.283951,11.171073
NSR:StopPlace:3276,Østhellinga,59.816518,10.43036
NSR:StopPlace:3277,Jaer gård,59.794344,10.690837
NSR:StopPlace:3278,Bøn sykehjem,60.290635,11.20374
NSR:StopPlace:3279,Barlindbekken,59.814246,10.428021
NSR:StopPlace:3280,Oksval,59.855484,10.670324
NSR:StopPlace:3281,Vassbunnsvingen,59.818505,10.431975
NSR:StopPlace:3282,Grøndahls vei,59.852289,10.671559
NSR:StopPlace:3283,Korslund,60.110534,11.049957
NSR:StopPlace:3284,Ridderkleiva,59.821672,10.448029
NSR:StopPlace:3285,Døhlen,60.112068,11.038676
NSR:StopPlace:3286,Dalsbergstien,59.848338,10.671679
NSR:StopPlace:3287,Bondi sykehjem,59.82202,10.438361
NSR:StopPlace:3288,Finstad skole,60.119216,11.031204
NSR:StopPlace:3289,Flateby,59.827068,10.67934
NSR:StopPlace:3290,Brotno,60.114885,11.03223
NSR:StopPlace:3291,Bondi skole,59.823099,10.435848
NSR:StopPlace:3292,Solbergtoppen,59.821028,10.682273
NSR:StopPlace:3293,Finstad sameie,60.112234,11.033814
NSR:StopPlace:3294,Åbyfaret,59.823839,10.464037
NSR:StopPlace:3295,Kringlertoppen,60.232628,10.982181
NSR:StopPlace:3296,Sørby,59.819472,10.682477
NSR:StopPlace:3297,Bondibrua,59.818174,10.439689
NSR:StopPlace:3298,Røer gård,59.815147,10.684652
NSR:StopPlace:3299,Kringler syd,60.228414,10.977324
NSR:StopPlace:3300,Gullhella sykehjem,59.814649,10.446248
NSR:StopPlace:3301,Lovisenlund,59.813057,10.687045
NSR:StopPlace:3302,Kringler gamle skole,60.223342,10.97153
NSR:StopPlace:3303,Erlands vei,59.811622,10.457297
NSR:StopPlace:3304,Furuheim,60.22131,10.967431
NSR:StopPlace:3305,Torget,59.810277,10.689856
NSR:StopPlace:3306,Eskerud,60.219421,10.963431
NSR:StopPlace:3307,Skogheim,59.737371,10.594692
NSR:StopPlace:3308,Nordbykrysset,60.217059,10.960466
NSR:StopPlace:3309,Jørgens vei,59.81162,10.45009
NSR:StopPlace:3310,Kringler bru,60.23652,10.991781
NSR:StopPlace:3311,Bergheim,59.740939,10.59877
NSR:StopPlace:3312,Skjennum gård,60.232644,10.998072
NSR:StopPlace:3313,Blakstad hageby,59.816223,10.46599
NSR:StopPlace:3314,Nygård,59.743057,10.603644
NSR:StopPlace:3315,Bjørke gård,60.234987,11.009065
NSR:StopPlace:3316,Vardåsen,59.813117,10.375264
NSR:StopPlace:3317,Hagamoen,60.130125,11.059651
NSR:StopPlace:3318,Gjøfjell,59.745525,10.608583
NSR:StopPlace:3319,Slemdal,60.123007,11.058235
NSR:StopPlace:3320,Brendsrudroa,59.829591,10.399238
NSR:StopPlace:3321,Myklerud,59.74738,10.613949
NSR:StopPlace:3322,Låvegghellinga,60.115268,11.056594
NSR:StopPlace:3323,Oppsjøsvingen,59.817555,10.381426
NSR:StopPlace:3324,Munkerud,59.748813,10.631672
NSR:StopPlace:3325,Haugerud,60.113748,11.050985
NSR:StopPlace:3326,Ånnerudjordet,59.831791,10.407958
NSR:StopPlace:3327,Gamle Eltonveg,60.136905,11.055939
NSR:StopPlace:3328,Fredbostubben,59.747275,10.623439
NSR:StopPlace:3329,Gutugropa,60.133243,11.063206
NSR:StopPlace:3330,Oreholtet,59.830647,10.417402
NSR:StopPlace:3331,Grani,60.124716,11.029909
NSR:StopPlace:3333,Gangfløtt,60.130259,11.028495
NSR:StopPlace:3335,Svestad gård,59.766453,10.63653
NSR:StopPlace:3336,Eltonåsen,60.136793,11.022913
NSR:StopPlace:3338,Kløfta veiskille,59.751697,10.636211
NSR:StopPlace:3339,Eltonåsen skole,60.13167,11.014821
NSR:StopPlace:3340,Bekkevar,60.151987,11.004527
NSR:StopPlace:3341,Askervangen,59.83493,10.416838
NSR:StopPlace:3342,Sørli,59.816227,10.629559
NSR:StopPlace:3343,Trøgstadberget,60.148434,11.008562
NSR:StopPlace:3344,Drengsrud skole,59.828644,10.408003
NSR:StopPlace:3345,Ellingstad,59.806257,10.62453
NSR:StopPlace:3346,Rovold,60.14527,11.011896
NSR:StopPlace:3347,Måsankroken,59.826945,10.401136
NSR:StopPlace:3348,Håkenstad,60.142883,11.01609
NSR:StopPlace:3349,Ellingstadåsen,59.803396,10.619965
NSR:StopPlace:3350,Holter sag,60.13881,11.016664
NSR:StopPlace:3351,Måsan,59.824313,10.394619
NSR:StopPlace:3352,Agnor veiskille,59.72765,10.612232
NSR:StopPlace:3353,Løkendalen,60.138018,11.041823
NSR:StopPlace:3354,Trollstua,59.82235,10.389574
NSR:StopPlace:3355,Labråtstubben,59.730599,10.605452
NSR:StopPlace:3356,Irisvegen,60.137774,11.044997
NSR:StopPlace:3357,Gulbrandsrud,60.141089,11.051645
NSR:StopPlace:3358,Vardåsen skole,59.819575,10.38159
NSR:StopPlace:3359,Labråteveien,59.732836,10.599145
NSR:StopPlace:3360,Løken skole,60.139495,11.053708
NSR:StopPlace:3361,Sportstuen,59.82027,10.38138
NSR:StopPlace:3362,Fagerstrand,59.733907,10.586607
NSR:StopPlace:3363,Nedre Harstad gård,60.143186,11.024232
NSR:StopPlace:3364,Fagerli,60.155002,11.030577
NSR:StopPlace:3366,Svinesjøen,59.821156,10.372019
NSR:StopPlace:3368,Gjersjø bru,59.808978,10.776276
NSR:StopPlace:3369,Engelsrud,59.819858,10.36596
NSR:StopPlace:3370,Erpestad,60.153478,11.032943
NSR:StopPlace:3371,Erpestadhellinga,60.153163,11.035783
NSR:StopPlace:3372,Lienga,59.818485,10.782529
NSR:StopPlace:3373,Høymyrmarka,59.787296,10.478976
NSR:StopPlace:3374,Holterdalen,60.150767,11.041366
NSR:StopPlace:3375,Hvitebjørnveien,59.820682,10.772685
NSR:StopPlace:3377,Holkebylia,60.26752,11.039789
NSR:StopPlace:3378,Mastemyr,59.815484,10.78447
NSR:StopPlace:3379,Orrhanevegen,60.263977,11.041415
NSR:StopPlace:3381,Røyvegen,60.262109,11.038991
NSR:StopPlace:3382,Trollåsen,59.818196,10.777891
NSR:StopPlace:3383,Arnestad,59.803143,10.486972
NSR:StopPlace:3384,Stensethagan,60.2599,11.035536
NSR:StopPlace:3385,Sagveien,59.813754,10.776359
NSR:StopPlace:3387,Kløvberget,60.270087,11.042625
NSR:StopPlace:3388,Elnes,59.797026,10.487477
NSR:StopPlace:3389,Damvegen,60.174669,10.985328
NSR:StopPlace:3390,Håkavik,59.799643,10.487644
NSR:StopPlace:3391,Oppegård næringspark,59.810627,10.777027
NSR:StopPlace:3392,Slattumhagen,60.170975,10.98702
NSR:StopPlace:3393,Bjerkås,59.792239,10.485983
NSR:StopPlace:3394,Gjersjøen,59.808151,10.779704
NSR:StopPlace:3395,Austaddalsvegen,60.170986,10.990185
NSR:StopPlace:3397,Fevikshagan,60.168686,10.992291
NSR:StopPlace:3398,Ingierodden,59.805607,10.781893
NSR:StopPlace:3400,Ramstad,60.164197,10.99416
NSR:StopPlace:3401,Ingierkollveien,59.807568,10.792482
NSR:StopPlace:3402,Vollen,59.807415,10.489486
NSR:StopPlace:3404,Kolbotn torg,59.811122,10.798335
NSR:StopPlace:3405,Vollen,59.806994,10.488462
NSR:StopPlace:3406,Bjerkek,60.15921,10.998224
NSR:StopPlace:3408,Høybråten,60.156892,11.001099
NSR:StopPlace:3409,Ingolfs vei,59.81736,10.365394
NSR:StopPlace:3410,Mellomveien,59.819733,10.80525
NSR:StopPlace:3411,Knevelsrud,60.160822,10.996505
NSR:StopPlace:3412,Vollen,59.806482,10.486131
NSR:StopPlace:3413,Skogkanten,59.816463,10.804413
NSR:StopPlace:3414,Kringler-Slattum skole,60.171357,10.994388
NSR:StopPlace:3415,Skjæret,59.811098,10.484176
NSR:StopPlace:3416,Sandsnesseter,60.340919,11.018961
NSR:StopPlace:3417,Kolbotn gravlund,59.820767,10.789779
NSR:StopPlace:3419,Nordli,60.336627,11.025354
NSR:StopPlace:3420,Trollåsveien,59.818207,10.787418
NSR:StopPlace:3421,Sjøvollveien,59.814316,10.478283
NSR:StopPlace:3422,Granli,60.33498,11.029442
NSR:StopPlace:3423,Ingier bru,59.825964,10.768885
NSR:StopPlace:3424,Skjebindertangen,60.32904,11.057713
NSR:StopPlace:3425,Grobråtenveien syd,59.810762,10.365416
NSR:StopPlace:3426,Bestemorstranda,59.825579,10.758948
NSR:StopPlace:3427,Sandsnes gård,60.319852,11.066508
NSR:StopPlace:3428,Furua,59.816322,10.47552
NSR:StopPlace:3429,Sandbukta,59.822126,10.754628
NSR:StopPlace:3430,Engelstadkorset,60.188092,11.0234
NSR:StopPlace:3431,Dikemark,59.805757,10.372271
NSR:StopPlace:3432,Ingierstrand,59.817061,10.749599
NSR:StopPlace:3433,Engelstad,60.191073,11.033658
NSR:StopPlace:3434,Eriksrud,59.804222,10.38303
NSR:StopPlace:3435,Linnebukta,59.81374,10.746242
NSR:StopPlace:3436,Ukkestadkrysset,60.180079,11.027313
NSR:StopPlace:3438,Strandkollen,59.808709,10.742545
NSR:StopPlace:3439,Ukkestad meieri,60.173322,11.028506
NSR:StopPlace:3440,Solberg skole,59.804857,10.391698
NSR:StopPlace:3441,Ukkestadbrua,60.169858,11.030346
NSR:StopPlace:3442,Strandskogen,59.802094,10.736738
NSR:StopPlace:3443,Strømnesveien,59.805896,10.397704
NSR:StopPlace:3444,Engelstad østre,60.194226,11.031288
NSR:StopPlace:3445,Prosted,59.795553,10.735205
NSR:StopPlace:3446,Enger,60.200816,11.034606
NSR:StopPlace:3447,Hauger,59.806408,10.409178
NSR:StopPlace:3448,Bekkensten,59.791936,10.734552
NSR:StopPlace:3449,Bidsler,60.20234,11.03415
NSR:StopPlace:3450,Vinnulstad,59.803228,10.417168
NSR:StopPlace:3451,Svartskogtoppen,59.790649,10.760701
NSR:StopPlace:3452,Myreng,60.203226,11.028284
NSR:StopPlace:3453,Bråte bru,59.799779,10.420516
NSR:StopPlace:3454,Engelsrud,60.208524,11.023338
NSR:StopPlace:3455,Rødstenåsen,59.783592,10.741577
NSR:StopPlace:3456,Skjellestad,59.796035,10.427407
NSR:StopPlace:3457,Hegli,60.210737,11.015063
NSR:StopPlace:3458,Svartskog,59.782828,10.73865
NSR:StopPlace:3459,Møllerstua,60.190789,10.975346
NSR:StopPlace:3460,Sætreveien,59.790894,10.432095
NSR:StopPlace:3461,Gartnerboligen,59.780059,10.745086
NSR:StopPlace:3462,Langerud,60.189048,10.977925
NSR:StopPlace:3463,Heggedal stasjon,59.787302,10.432465
NSR:StopPlace:3464,Oppegård kirke,59.778639,10.751214
NSR:StopPlace:3465,Svingen,60.187652,10.980524
NSR:StopPlace:3466,Heggedal sentrum,59.78721,10.436934
NSR:StopPlace:3467,Årstad,60.185938,10.984272
NSR:StopPlace:3468,Bekkenstenveien,59.780347,10.753496
NSR:StopPlace:3469,Hovedgården,59.785593,10.436988
NSR:StopPlace:3470,Klippen,60.182536,10.988388
NSR:StopPlace:3471,Kloppedalen,59.787,10.442972
NSR:StopPlace:3472,Østre Oppegård,59.783842,10.754971
NSR:StopPlace:3473,Nordbyteiet,60.179147,10.987818
NSR:StopPlace:3474,Eid,59.805854,10.444916
NSR:StopPlace:3475,Lerskallen,59.786884,10.759657
NSR:StopPlace:3476,Evangeliehuset,60.176962,10.986667
NSR:StopPlace:3477,Tåsengata,59.799863,10.445686
NSR:StopPlace:3478,Åsen,59.791411,10.762557
NSR:StopPlace:3479,Melbybyen,60.21323,10.955646
NSR:StopPlace:3480,Guibekken,59.794828,10.44656
NSR:StopPlace:3481,Skogtun,60.210488,10.950788
NSR:StopPlace:3482,Sandvadtoppen,59.796801,10.767369
NSR:StopPlace:3483,Heggedal skole,59.791442,10.446199
NSR:StopPlace:3484,Bråtan,59.794664,10.766141
NSR:StopPlace:3485,Rustadsaga,60.206618,10.94911
NSR:StopPlace:3486,Lunde,60.203308,10.947494
NSR:StopPlace:3487,Kolbotn stasjon,59.811259,10.800931
NSR:StopPlace:3489,Steinmo,60.202173,10.950229
NSR:StopPlace:3491,Kolbotn sentrum,59.810538,10.803965
NSR:StopPlace:3492,Svenneby,60.200011,10.957784
NSR:StopPlace:3494,Kolbotnkrysset,59.809789,10.806202
NSR:StopPlace:3495,Oserud,60.196002,10.966185
NSR:StopPlace:3498,Kopperud gård,60.193267,10.971422
NSR:StopPlace:3499,Østliveien,59.786759,10.448666
NSR:StopPlace:3500,Nordberg,59.805943,10.8061
NSR:StopPlace:3501,Røtterud,60.198196,10.962553
NSR:StopPlace:3503,Frøyas vei,59.804107,10.812435
NSR:StopPlace:3504,Låke,60.207999,10.998638
NSR:StopPlace:3508,Ødegården,59.802024,10.818759
NSR:StopPlace:3509,Nannestad torg,60.219756,11.013437
NSR:StopPlace:3511,Jotunveien,59.805131,10.816869
NSR:StopPlace:3512,Bygdehuset,60.214529,11.006037
NSR:StopPlace:3513,H. Stordalens vei,59.783714,10.447014
NSR:StopPlace:3514,Nannestad meieri,60.209766,10.998626
NSR:StopPlace:3515,Gautes vei,59.808209,10.816932
NSR:StopPlace:3516,Forsøksgården,59.783386,10.452754
NSR:StopPlace:3517,Alderspensjonatet,60.204226,10.999095
NSR:StopPlace:3518,Huldrefaret,59.811043,10.817169
NSR:StopPlace:3519,Rustadgrenda,59.781696,10.466942
NSR:StopPlace:3520,Kjos,60.198648,11.005536
NSR:StopPlace:3521,Tårnlia,59.814428,10.817378
NSR:StopPlace:3522,Torpveien,59.781253,10.458829
NSR:StopPlace:3523,Ånesrud,60.195978,11.011181
NSR:StopPlace:3524,Tårnåsen,59.817418,10.81623
NSR:StopPlace:3525,Høymyrfjellet,59.782277,10.46942
NSR:StopPlace:3526,Nygårdstoppen,60.191579,11.019459
NSR:StopPlace:3527,Torpstubben nedre,59.7876,10.473707
NSR:StopPlace:3528,Høyås,59.819485,10.814106
NSR:StopPlace:3529,Nannestad sykehjem,60.221764,11.019983
NSR:StopPlace:3530,Torpstubben øvre,59.785779,10.470285
NSR:StopPlace:3533,Solbråtan stasjon,59.800866,10.804793
NSR:StopPlace:3534,Torpfjellet,59.786634,10.475791
NSR:StopPlace:3536,Bjerkåsmarka,59.790171,10.487153
NSR:StopPlace:3537,HV-huset,59.795041,10.805196
NSR:StopPlace:3538,Møllerstad,60.223315,11.08432
NSR:StopPlace:3539,Lomsnes,59.920214,11.386259
NSR:StopPlace:3540,Sofiemyråsen,59.79351,10.81126
NSR:StopPlace:3542,Ekeberg,59.931151,11.38428
NSR:StopPlace:3543,Granholtet,59.792554,10.818392
NSR:StopPlace:3544,Gunhildrud,60.225939,11.052262
NSR:StopPlace:3545,Korsmo,59.933388,11.396964
NSR:StopPlace:3546,Taraldrudveien,59.796281,10.82003
NSR:StopPlace:3547,Holter kirke,60.145045,11.04788
NSR:StopPlace:3550,Fløysbonn,59.799724,10.819817
NSR:StopPlace:3551,Fosser,59.819942,11.486164
NSR:StopPlace:3552,Leirbekken,60.194601,11.016492
NSR:StopPlace:3553,Rognebærlia,59.788562,10.816692
NSR:StopPlace:3554,Fosser gård,59.821033,11.499566
NSR:StopPlace:3555,Nordmokorset,60.253577,11.100416
NSR:StopPlace:3556,Blåbærskogen,59.786825,10.812103
NSR:StopPlace:3557,Kingsrud,59.827612,11.5063
NSR:StopPlace:3558,Snathaugen,60.253233,11.083065
NSR:StopPlace:3559,Østli,59.786721,10.806947
NSR:StopPlace:3560,Rud,59.866444,11.530359
NSR:StopPlace:3561,Sørmoen,60.249235,11.095312
NSR:StopPlace:3563,Klava gård,59.837247,11.515904
NSR:StopPlace:3564,Grasmo,60.236458,11.090434
NSR:StopPlace:3565,Myrvoll stasjon,59.78726,10.802465
NSR:StopPlace:3566,Klava skole,59.83691,11.520962
NSR:StopPlace:3567,Snathauglia,60.253768,11.088351
NSR:StopPlace:3568,Jerpeleina,59.779125,10.801444
NSR:StopPlace:3569,Brangerud,59.833866,11.485402
NSR:StopPlace:3570,Grasmogrenda nord,60.235487,11.085479
NSR:StopPlace:3571,Greverud kirke,59.774635,10.804128
NSR:StopPlace:3572,Garsvik,59.84551,11.496998
NSR:StopPlace:3573,Grasmogrenda,60.231707,11.080393
NSR:StopPlace:3574,Greverud stasjon,59.770735,10.807358
NSR:StopPlace:3575,Skogheim,59.706571,11.535196
NSR:StopPlace:3576,Grantun,60.226292,11.080409
NSR:StopPlace:3577,Greverud skole,59.768683,10.811276
NSR:StopPlace:3578,Harkerud veikryss,59.945909,11.370654
NSR:StopPlace:3579,Bjørke kirke,60.235382,11.012994
NSR:StopPlace:3580,Oppegård stasjon,59.765574,10.811707
NSR:StopPlace:3581,Vestlia,59.947269,11.358762
NSR:StopPlace:3582,Linderud,60.230331,11.011774
NSR:StopPlace:3583,Rosenholm stasjon,59.822699,10.796242
NSR:StopPlace:3584,Bakkelittfabrikken,59.925582,11.502455
NSR:StopPlace:3585,Bahusvegen,60.223743,11.014712
NSR:StopPlace:3586,Lysaker brygge,59.911341,10.641556
NSR:StopPlace:3587,Killingmo,59.945638,11.405435
NSR:StopPlace:3588,Moreppen,60.221252,11.079994
NSR:StopPlace:3589,Solliveien,59.913836,10.632783
NSR:StopPlace:3590,Killingmoverket,59.950541,11.389982
NSR:StopPlace:3591,Bevervegen,60.224085,11.036625
NSR:StopPlace:3592,Marstranderveien,59.915776,10.630718
NSR:StopPlace:3593,Finstadbru,59.940931,11.431945
NSR:StopPlace:3594,Preståsen skoleplass,60.222648,11.025644
NSR:StopPlace:3595,Lillengveien,59.918543,10.628682
NSR:StopPlace:3596,Steinbakkholtet,59.944741,11.420429
NSR:StopPlace:3597,Preståsen skole,60.222152,11.026022
NSR:StopPlace:3598,Jar skole,59.920967,10.625896
NSR:StopPlace:3599,Borstad,59.950508,11.447891
NSR:StopPlace:3600,Rud-Ødegutua,60.224092,11.066221
NSR:StopPlace:3602,Grøtli,59.970606,11.474053
NSR:StopPlace:3603,Nannestad vgs.,60.220138,11.018857
NSR:StopPlace:3604,Midgarveien,59.918641,10.616496
NSR:StopPlace:3605,Svensjø bru,59.962727,11.490028
NSR:StopPlace:3606,Fornebu vest,59.89352,10.622103
NSR:StopPlace:3607,Berntsebråten,60.303724,11.074527
NSR:StopPlace:3608,Ulviken,59.99935,11.532549
NSR:StopPlace:3609,IT Fornebu,59.894932,10.625705
NSR:StopPlace:3610,Tangen gård,60.291536,11.079943
NSR:StopPlace:3611,Lokshaug vegkryss,59.941921,11.485891
NSR:StopPlace:3612,Fornebuveien,59.910044,10.629012
NSR:StopPlace:3613,Stensgård kapell,60.27743,11.087635
NSR:StopPlace:3614,Hedum,59.949815,11.533882
NSR:StopPlace:3615,Lilløyveien,59.906621,10.629111
NSR:StopPlace:3616,Bogstad,59.926161,11.482184
NSR:StopPlace:3617,Sundby,60.269612,11.094618
NSR:StopPlace:3618,Telenor Fornebu,59.90005,10.625458
NSR:StopPlace:3619,Tangen bru,60.287076,11.083806
NSR:StopPlace:3620,Killingmo veikryss,59.941612,11.400761
NSR:StopPlace:3621,Fornebuparken,59.903199,10.626982
NSR:StopPlace:3622,Aursmoen,59.927606,11.442934
NSR:StopPlace:3623,Pettersbråtan,60.28268,11.070901
NSR:StopPlace:3624,Finstadhagan,59.932296,11.440147
NSR:StopPlace:3626,Sundbykrysset,60.26795,11.098541
NSR:StopPlace:3627,Aursmoen skole,59.929981,11.440606
NSR:StopPlace:3628,Rolfstangen,59.891872,10.627826
NSR:StopPlace:3629,Laumb,60.251111,10.995177
NSR:StopPlace:3630,Aurskog stasjon,59.926144,11.469968
NSR:StopPlace:3631,Langoddveien,59.887683,10.621234
NSR:StopPlace:3632,Moløkken,60.249004,10.993938
NSR:StopPlace:3633,Aurskog stasjon,59.927236,11.468879
NSR:StopPlace:3634,Halden,59.885534,10.62056
NSR:StopPlace:3635,Øia,59.92854,11.462863
NSR:StopPlace:3636,Nestutoppen,60.247087,10.993197
NSR:StopPlace:3637,Bruksveien,59.881631,10.61095
NSR:StopPlace:3638,Aurskog kirke,59.927056,11.45554
NSR:StopPlace:3639,Økern,60.244735,10.990751
NSR:StopPlace:3640,Snarøya,59.878461,10.611849
NSR:StopPlace:3641,Aurskog sykehjem,59.926285,11.449462
NSR:StopPlace:3642,Embre,60.242902,10.989002
NSR:StopPlace:3643,Oksenøyveien,59.907727,10.619788
NSR:StopPlace:3644,Enger,59.731831,11.462177
NSR:StopPlace:3645,Grindaker,60.240223,10.9886
NSR:StopPlace:3646,Furulund,59.723629,11.46752
NSR:StopPlace:3647,Ekern,59.904702,10.612962
NSR:StopPlace:3648,Nordveien sør,59.930036,10.614279
NSR:StopPlace:3649,Kringlerdalen,60.234945,10.989635
NSR:StopPlace:3650,Hellesjø,59.744243,11.462159
NSR:StopPlace:3651,Skogveien,59.923997,10.62317
NSR:StopPlace:3652,Nes,59.769361,11.491231
NSR:StopPlace:3653,Kopperudmoen,60.255651,11.053006
NSR:StopPlace:3654,Stabekk eldresenter,59.91098,10.601578
NSR:StopPlace:3655,Titterud,59.776251,11.49334
NSR:StopPlace:3656,Stenset,60.256393,11.043937
NSR:StopPlace:3657,Jar bru,59.926906,10.62177
NSR:StopPlace:3658,Østnes,59.777702,11.521021
NSR:StopPlace:3659,Jar,59.925829,10.618418
NSR:StopPlace:3660,Herstukrysset,60.254694,11.064203
NSR:StopPlace:3661,Østrengveien,59.775633,11.512104
NSR:StopPlace:3663,Maura skole,60.257005,11.040364
NSR:StopPlace:3664,Komneskrysset,59.85393,11.529322
NSR:StopPlace:3665,Bjerkelundsveien,59.930322,10.620335
NSR:StopPlace:3666,Kopperud,60.252018,11.059987
NSR:StopPlace:3668,Haganjordet,59.911503,10.493624
NSR:StopPlace:3670,Maura skoleplass,60.257382,11.039511
NSR:StopPlace:3671,Lindebergveien,59.932957,10.622143
NSR:StopPlace:3673,Maurakrysset,60.258328,11.032138
NSR:StopPlace:3674,Grini,59.949708,10.628218
NSR:StopPlace:3676,Haugengården,60.256125,11.02831
NSR:StopPlace:3678,Autenveien,59.809042,11.520255
NSR:StopPlace:3679,Øvrevoll,59.938293,10.623329
NSR:StopPlace:3680,Bjerkesenteret,60.254091,11.026317
NSR:StopPlace:3681,Kolstadkrysset,59.777173,11.675264
NSR:StopPlace:3682,Stallkroa,59.940635,10.626268
NSR:StopPlace:3683,Bolstad,59.788617,11.704733
NSR:StopPlace:3684,Nøtteskrikevegen,60.252627,11.025486
NSR:StopPlace:3685,Nordjordet,59.942857,10.626837
NSR:StopPlace:3686,Gåsvik,59.797648,11.71723
NSR:StopPlace:3687,Dalset,60.250929,11.02278
NSR:StopPlace:3688,Ruglandbakken,59.93768,10.630383
NSR:StopPlace:3690,Åmål,60.248415,11.019561
NSR:StopPlace:3691,Snaret,59.945962,10.626448
NSR:StopPlace:3693,Eiksmarka,59.946997,10.623117
NSR:StopPlace:3694,Ihle,60.243949,11.017206
NSR:StopPlace:3695,Toverudovergangen,59.920775,11.48737
NSR:StopPlace:3696,Eiksmarka T,59.946941,10.622385
NSR:StopPlace:3697,Bergerud,59.798964,11.518354
NSR:StopPlace:3698,Hetaker,60.239277,11.015778
NSR:StopPlace:3700,Lijordet,59.941136,10.616618
NSR:StopPlace:3701,Røtnes,60.260222,11.024923
NSR:StopPlace:3702,Risertoppen,59.918902,11.474501
NSR:StopPlace:3703,Niels Leuchs vei,59.945813,10.615856
NSR:StopPlace:3704,Toftner,60.267359,11.006733
NSR:StopPlace:3705,Haneborg skole,59.927642,11.542583
NSR:StopPlace:3706,Rideveien,59.943921,10.613753
NSR:StopPlace:3707,Lierfoss,59.918656,11.531702
NSR:StopPlace:3708,Slettmoen,60.254545,10.980564
NSR:StopPlace:3710,Halvorsrud,59.918327,11.519758
NSR:StopPlace:3711,Evjebråtan,60.259134,10.976546
NSR:StopPlace:3712,Ovenbakken,59.941508,10.611206
NSR:StopPlace:3713,Aurskog meieri,59.917726,11.505564
NSR:StopPlace:3714,Korsmo,60.252545,10.990022
NSR:StopPlace:3715,Østerås senter,59.943013,10.608069
NSR:StopPlace:3716,Toverudstøtta,59.918186,11.487977
NSR:StopPlace:3717,Grinidammen,59.952919,10.632821
NSR:StopPlace:3718,Granås,60.26359,11.015075
NSR:StopPlace:3719,Mokroken,59.910374,11.605097
NSR:StopPlace:3720,Fossum,59.960347,10.621139
NSR:StopPlace:3721,Ås,60.261499,11.020169
NSR:StopPlace:3722,Spillhaug,59.924157,11.589181
NSR:StopPlace:3723,Syd-Fossum,59.957415,10.626853
NSR:StopPlace:3724,Skaurud,60.268957,11.001669
NSR:StopPlace:3725,Haugrim,59.903614,11.592612
NSR:StopPlace:3726,Østerås,59.939426,10.608834
NSR:StopPlace:3727,Kjelle skole,59.886598,11.577305
NSR:StopPlace:3728,Åmot,60.269496,10.997495
NSR:StopPlace:3729,Østerås T,59.939473,10.609104
NSR:StopPlace:3730,Haneborg gård,59.912488,11.575859
NSR:StopPlace:3731,Vollaugkrysset,60.266417,10.976715
NSR:StopPlace:3732,Dæhli stutteri,59.951948,10.603188
NSR:StopPlace:3733,Solvang,59.918665,11.567375
NSR:StopPlace:3734,Nordby gård,59.950354,10.599073
NSR:StopPlace:3735,Bekkedal,60.269274,10.991282
NSR:StopPlace:3736,Holmenbyen øst,59.922322,11.560068
NSR:StopPlace:3737,Fossum terrasse,59.95662,10.611985
NSR:StopPlace:3738,SAS-museet,60.202353,11.074779
NSR:StopPlace:3739,Holmenbyen vest,59.923792,11.554755
NSR:StopPlace:3740,Fossumbanen,59.958526,10.614171
NSR:StopPlace:3741,Søndre Børke,60.215219,11.075534
NSR:StopPlace:3742,Sletner veikryss,59.925283,11.539936
NSR:StopPlace:3743,Jøssingveien,59.95407,10.593709
NSR:StopPlace:3744,Kneppefeltet,60.210524,11.076522
NSR:StopPlace:3745,Ila,59.955333,10.584539
NSR:StopPlace:3746,Lierfossbrua,59.919202,11.53227
NSR:StopPlace:3747,Luftambulansen,60.2063,11.076359
NSR:StopPlace:3748,Listuveien,59.954335,10.609922
NSR:StopPlace:3749,Bjørkelangen stasjon,59.884421,11.574354
NSR:StopPlace:3750,Stabekk stasjon,59.908775,10.605822
NSR:StopPlace:3751,Røkholt,60.249271,11.023565
NSR:StopPlace:3754,Lystad,60.249055,11.030209
NSR:StopPlace:3755,Borgenfeltet,59.888905,11.559452
NSR:StopPlace:3756,Tjernsmyr,59.911054,10.624992
NSR:StopPlace:3757,Jælberg,60.247918,11.039079
NSR:StopPlace:3758,Liermosen,59.903194,11.555384
NSR:StopPlace:3759,Nordliveien,59.909119,10.615918
NSR:StopPlace:3760,Liergårdene,59.914849,11.545023
NSR:StopPlace:3761,Grønnli,60.249876,11.044519
NSR:StopPlace:3762,Ekeliveien,59.907571,10.613039
NSR:StopPlace:3763,Lierjordet,59.91739,11.537643
NSR:StopPlace:3764,Skabland,60.443621,10.85386
NSR:StopPlace:3765,Jar kirke,59.917554,10.617011
NSR:StopPlace:3767,Sørengvegen,60.440434,10.868738
NSR:StopPlace:3768,Trudvangveien,59.91625,10.612573
NSR:StopPlace:3769,Lierbakken,59.915611,11.53885
NSR:StopPlace:3770,Svartungsvegen,60.434988,10.884222
NSR:StopPlace:3771,Clausenbakken,59.91328,10.608251
NSR:StopPlace:3772,Tusenårsparken,59.883432,11.566943
NSR:StopPlace:3773,Bakkeveien,59.910356,10.604605
NSR:StopPlace:3774,Skrukkelidammen,60.418447,10.93846
NSR:StopPlace:3776,Stabekk kino,59.909478,10.601667
NSR:StopPlace:3777,Bjørkelangen vgs.,59.883394,11.561764
NSR:StopPlace:3778,Knaisetra,60.420713,10.956366
NSR:StopPlace:3779,Ringstabekk,59.920125,10.604385
NSR:StopPlace:3780,Smedsrud,59.837789,11.552769
NSR:StopPlace:3781,Jåterud,60.413071,11.0469
NSR:StopPlace:3782,Ringstabekkveien,59.914085,10.597129
NSR:StopPlace:3783,Holetoppen,59.842348,11.559444
NSR:StopPlace:3784,Skallum,59.911199,10.598918
NSR:StopPlace:3785,Skimten,60.451715,10.761886
NSR:StopPlace:3786,Holtermoen,59.860844,11.567932
NSR:StopPlace:3787,Liomveien,59.933543,10.600555
NSR:StopPlace:3788,Dølerudseter,60.448657,10.803408
NSR:StopPlace:3789,Bjørkelangen skole,59.874592,11.559689
NSR:StopPlace:3790,Nordveien,59.937347,10.606176
NSR:StopPlace:3791,Trandumsvingen,59.878349,11.56292
NSR:StopPlace:3792,Sibilrud,60.449933,10.821005
NSR:StopPlace:3793,Odds vei,59.93008,10.59722
NSR:StopPlace:3795,Lundberg,60.447956,10.83605
NSR:StopPlace:3796,Eikeli skole,59.93527,10.602705
NSR:StopPlace:3797,Eidslia,59.879345,11.588905
NSR:StopPlace:3798,Søndre Eidsvei,59.879059,11.587355
NSR:StopPlace:3800,Brattlia,60.419438,10.971375
NSR:StopPlace:3801,Sollum,59.728184,11.408255
NSR:StopPlace:3803,Hvile,60.415883,11.030262
NSR:StopPlace:3805,Bekkestua bussterminal,59.917388,10.58892
NSR:StopPlace:3806,Kjerkekretsen,60.407352,11.049342
NSR:StopPlace:3807,Engerhaugen,59.715401,11.393973
NSR:StopPlace:3808,Bekkestua,59.917267,10.589876
NSR:StopPlace:3809,Rødfoss,60.415195,11.016406
NSR:StopPlace:3810,Gangnes skole,59.707948,11.401236
NSR:StopPlace:3812,Grepperud,59.702909,11.405886
NSR:StopPlace:3813,Buråsvegen,60.416577,11.040833
NSR:StopPlace:3814,Stabekk skole,59.914882,10.592684
NSR:StopPlace:3815,Feriehjemmet,59.691089,11.41291
NSR:StopPlace:3816,Haraldvangen,60.401269,11.07958
NSR:StopPlace:3817,Nadderudhallen,59.920544,10.588685
NSR:StopPlace:3818,Fylkesdele,59.684016,11.404112
NSR:StopPlace:3819,Hans Burums vei,59.922588,10.592261
NSR:StopPlace:3820,Hurdalsenteret,60.396878,11.078588
NSR:StopPlace:3821,Lidalen,59.847418,11.708948
NSR:StopPlace:3822,Parksvingen,59.92481,10.60215
NSR:StopPlace:3823,Østerud,60.367708,11.067689
NSR:StopPlace:3824,Fagermoen,59.850326,11.691877
NSR:StopPlace:3825,Hosleveien,59.928057,10.596072
NSR:StopPlace:3826,Eidseter,60.378341,11.074358
NSR:StopPlace:3827,Åmot,59.853651,11.672877
NSR:StopPlace:3828,Bogen,60.354894,11.073555
NSR:StopPlace:3829,Almelien,59.929365,10.610234
NSR:StopPlace:3830,Tangen,59.844343,11.717724
NSR:StopPlace:3831,Nadderudjordet,59.92822,10.589267
NSR:StopPlace:3832,Setskog kirke,59.828555,11.719572
NSR:StopPlace:3833,Vassenden,60.488082,10.947951
NSR:StopPlace:3834,Dyrefaret,59.932767,10.594294
NSR:StopPlace:3835,Setskog skole,59.830294,11.7208
NSR:StopPlace:3836,Åserudkrysset,59.799603,11.725057
NSR:StopPlace:3837,Bispeveien,59.935066,10.596389
NSR:StopPlace:3838,Dalen,60.487134,10.962009
NSR:StopPlace:3839,Klokkersvingen,59.935216,10.591695
NSR:StopPlace:3840,Setskog garasje,59.806592,11.722633
NSR:StopPlace:3841,Rognlikrysset,60.487206,10.992693
NSR:StopPlace:3842,Lund i Setskog,59.817349,11.72382
NSR:StopPlace:3843,Hosle skole,59.93393,10.586859
NSR:StopPlace:3844,Garsjøbrua,60.485558,10.998843
NSR:StopPlace:3845,Dæhlen,59.76605,11.415418
NSR:StopPlace:3846,Hosle senter,59.935867,10.58448
NSR:StopPlace:3847,Erikstellet,60.482134,11.011847
NSR:StopPlace:3848,Jegeråsen,59.938853,10.593905
NSR:StopPlace:3849,Gropa,59.781264,11.786675
NSR:StopPlace:3850,Lønnås,59.940243,10.597638
NSR:StopPlace:3851,Vold,59.763364,11.417182
NSR:StopPlace:3852,Lysgård,60.480582,11.017964
NSR:StopPlace:3853,Sagveien,59.80355,11.396631
NSR:StopPlace:3854,Lønnåsjordet,59.943271,10.601426
NSR:StopPlace:3855,Garsjømoen,60.47854,11.021811
NSR:StopPlace:3857,Stigen,59.847415,11.347741
NSR:StopPlace:3858,Nordlisbrua,60.473821,11.030876
NSR:StopPlace:3859,Lønnås bo- og behandlingssenter,59.943807,10.600011
NSR:StopPlace:3860,Tunsjøen,59.839123,11.362355
NSR:StopPlace:3861,Gjønnes,59.915056,10.580089
NSR:StopPlace:3862,Ovrum,59.778941,11.411962
NSR:StopPlace:3863,Hurdal treindustri,60.383473,11.033342
NSR:StopPlace:3865,Larsbråten,59.829242,11.363501
NSR:StopPlace:3866,Ruud,60.379309,11.025322
NSR:StopPlace:3867,Momoen,59.804713,11.392777
NSR:StopPlace:3868,Kleivveien,59.908701,10.574684
NSR:StopPlace:3869,Sjursrud,60.374405,11.021861
NSR:StopPlace:3870,Mo,59.8078,11.388205
NSR:StopPlace:3871,Strand,59.903439,10.598288
NSR:StopPlace:3872,Viken,60.366828,11.01361
NSR:StopPlace:3873,Søråsen,59.913129,10.584653
NSR:StopPlace:3874,Bakker,59.810967,11.381305
NSR:StopPlace:3876,Halabekk,59.814388,11.374063
NSR:StopPlace:3877,Nordgardsbekken,60.360912,11.008601
NSR:StopPlace:3878,Nordgrenda,59.945285,10.604599
NSR:StopPlace:3879,Sletner,59.82307,11.366673
NSR:StopPlace:3880,Rustadfeltet,60.351143,11.011514
NSR:StopPlace:3881,Grini næringspark,59.948366,10.605819
NSR:StopPlace:3882,Løken,59.795831,11.465618
NSR:StopPlace:3883,Haugentoppen,59.798736,11.448314
NSR:StopPlace:3884,Høvik stasjon,59.900378,10.58088
NSR:StopPlace:3885,Rustad,60.347528,11.012651
NSR:StopPlace:3886,Bjørnebråten,59.811976,11.356979
NSR:StopPlace:3887,Høvik kirke,59.899567,10.578429
NSR:StopPlace:3889,Halvorsrud bru,59.836136,11.363156
NSR:StopPlace:3890,Granlytunet,59.898005,10.588325
NSR:StopPlace:3891,Hurdal kirke,60.409014,11.055128
NSR:StopPlace:3892,Hagaveien,59.799378,11.469512
NSR:StopPlace:3893,Bjørnekollen,59.91245,10.564459
NSR:StopPlace:3894,Elverhøy,59.801793,11.442942
NSR:StopPlace:3895,Lundby vegskille,60.406376,11.047603
NSR:StopPlace:3896,Løkebergveien,59.914457,10.571892
NSR:StopPlace:3897,Vesteng,59.805388,11.430185
NSR:StopPlace:3898,Hurdalsjøen hotell,60.399271,11.044165
NSR:StopPlace:3899,Haslum terrasse,59.920622,10.560802
NSR:StopPlace:3900,Byrstua,59.806868,11.419359
NSR:StopPlace:3901,Rud nordre,60.389021,11.039662
NSR:StopPlace:3902,Østenåsveien,59.917473,10.560147
NSR:StopPlace:3903,Øysjøtangen,59.936476,11.815155
NSR:StopPlace:3904,Lunder,59.805127,11.40633
NSR:StopPlace:3906,Hurdal torg vest,60.435447,11.064392
NSR:StopPlace:3907,Søndre Mangen,59.955141,11.763314
NSR:StopPlace:3908,Haslum,59.915069,10.564383
NSR:StopPlace:3909,Knai,60.428021,11.064726
NSR:StopPlace:3910,Skoleveien,59.805011,11.400627
NSR:StopPlace:3911,Haslum T,59.914961,10.561442
NSR:StopPlace:3912,Fagerli,59.943291,11.743527
NSR:StopPlace:3913,Knai gård,60.422645,11.064482
NSR:StopPlace:3914,Haslum kirke,59.923516,10.564857
NSR:StopPlace:3915,Rakkestad ungdomslokale,59.803579,11.470671
NSR:StopPlace:3916,Terrasseveien,59.907688,10.597327
NSR:StopPlace:3918,Molidalen,59.938074,11.729014
NSR:StopPlace:3919,Krokvolden,59.906178,10.590053
NSR:StopPlace:3920,Gårder bensin,60.4139,11.066247
NSR:StopPlace:3921,Lundberg,59.813217,11.480675
NSR:StopPlace:3922,Snoveien,59.903909,10.584179
NSR:StopPlace:3923,Garsjø,59.92926,11.697646
NSR:StopPlace:3924,Prestegårdshagan,60.410204,11.062503
NSR:StopPlace:3925,Høvikveien,59.902376,10.574351
NSR:StopPlace:3926,Høgmoen,59.914993,11.619422
NSR:StopPlace:3927,Hurdal Verk,60.448754,11.048952
NSR:StopPlace:3928,Høvik skole,59.902078,10.570079
NSR:StopPlace:3929,Granli,59.906467,11.600523
NSR:StopPlace:3930,Hurdal kro,60.440131,11.055295
NSR:StopPlace:3931,Sandemtorget,59.786913,11.490875
NSR:StopPlace:3932,Dragveien,59.904297,10.5656
NSR:StopPlace:3933,Naddumbrua,59.792339,11.484739
NSR:StopPlace:3934,Ekeberg,59.906838,10.564785
NSR:StopPlace:3935,Fagerliflaen,60.397102,11.044385
NSR:StopPlace:3936,Smieveien,59.793271,11.473184
NSR:StopPlace:3937,Fossveien,59.909503,10.562457
NSR:StopPlace:3938,Åsanden,60.421751,11.081863
NSR:StopPlace:3939,Olbergmoen,59.775864,11.422652
NSR:StopPlace:3940,Bjerkeholtet,59.908097,10.552558
NSR:StopPlace:3941,Skogstad,60.428593,11.077816
NSR:StopPlace:3942,Olberg,59.773539,11.425785
NSR:StopPlace:3944,Olbergåsen,59.771322,11.435791
NSR:StopPlace:3945,Glassverkveien,59.898061,10.573547
NSR:StopPlace:3946,Hurdal torg øst,60.43481,11.066892
NSR:StopPlace:3947,Borgersrud,59.772331,11.448977
NSR:StopPlace:3948,Solvikveien,59.89567,10.561209
NSR:StopPlace:3949,Hurdal skole,60.433642,11.068618
NSR:StopPlace:3950,Hjellebøl,59.761189,11.45531
NSR:StopPlace:3951,Heia,59.771081,11.461623
NSR:StopPlace:3952,Høvik Verk skole,59.89333,10.571121
NSR:StopPlace:3953,Langton,60.340448,11.093026
NSR:StopPlace:3954,Presteveien,59.906167,10.554101
NSR:StopPlace:3955,Sjøberg,59.774231,11.461165
NSR:StopPlace:3956,Flaen,60.468704,11.040194
NSR:StopPlace:3957,Lillehagveien,59.904334,10.54617
NSR:StopPlace:3958,Hjellebøl gård,59.767386,11.460195
NSR:StopPlace:3959,Høvikodden,59.893222,10.55457
NSR:StopPlace:3960,Hemnes gård,59.726797,11.418459
NSR:StopPlace:3961,Hurdal skisenter,60.463007,11.045362
NSR:StopPlace:3962,Holsjaren,59.746659,11.434979
NSR:StopPlace:3963,Avløs,59.91311,10.548345
NSR:StopPlace:3964,Strømmen skole,60.453767,11.04697
NSR:StopPlace:3965,Avløs,59.914849,10.552212
NSR:StopPlace:3966,Skogen,59.752957,11.445962
NSR:StopPlace:3968,Kitty Kiellands vei,59.913641,10.546005
NSR:StopPlace:3969,Hemneshagen,59.720125,11.442261
NSR:StopPlace:3970,Kirkeby,59.722006,11.424845
NSR:StopPlace:3973,Skålerud,59.7194,11.432765
NSR:StopPlace:3974,Evje,59.897435,10.521483
NSR:StopPlace:3976,Hemnes garasje,59.720737,11.461034
NSR:StopPlace:3977,Solberg,59.902211,10.535159
NSR:StopPlace:3979,Bråte skole,59.721086,11.453928
NSR:StopPlace:3980,Lindelia,59.903324,10.529699
NSR:StopPlace:3981,Bråte,59.7208,11.455264
NSR:StopPlace:3982,Blommenholm,59.894352,10.54548
NSR:StopPlace:3983,Bjørvika,59.908065,10.756959
NSR:StopPlace:3984,Hemnes,59.718711,11.450294
NSR:StopPlace:3986,Jernbanetorget,59.912282,10.749892
NSR:StopPlace:3987,Kragtorp,59.676092,11.481129
NSR:StopPlace:3989,Strand,59.694096,11.453696
NSR:StopPlace:3990,Jernbanetorget,59.912244,10.751147
NSR:StopPlace:3991,Valler bru,59.90977,10.536135
NSR:StopPlace:3993,Daltorp,59.690152,11.453014
NSR:StopPlace:3994,Christian Skredsvigs vei,59.911725,10.54102
NSR:StopPlace:3995,Jernbanetorget,59.912204,10.751377
NSR:StopPlace:3996,Stomperud,59.663206,11.493979
NSR:StopPlace:3997,Stasjonsveien,59.900522,10.559927
NSR:StopPlace:3998,Milesten,59.898033,10.553926
NSR:StopPlace:4000,Jernbanetorget,59.911596,10.750103
NSR:StopPlace:4002,Gjettum skole,59.907434,10.5334
NSR:StopPlace:4003,Pavestad syd,59.686389,11.539804
NSR:StopPlace:4004,Jernbanetorget,59.91156,10.750063
NSR:StopPlace:4005,Gjettumtunet,59.905848,10.529639
NSR:StopPlace:4006,Granli,59.663015,11.556401
NSR:StopPlace:4007,Gjettum,59.908516,10.530621
NSR:StopPlace:4010,Studsrud,59.659308,11.562159
NSR:StopPlace:4011,Levretoppen,59.905993,10.521568
NSR:StopPlace:4012,Bergsjø,59.731102,11.494896
NSR:StopPlace:4013,Jernbanetorget,59.909414,10.749009
NSR:StopPlace:4014,Blommenholm skole,59.898468,10.548517
NSR:StopPlace:4015,Pavestad,59.692175,11.53089
NSR:StopPlace:4016,Kvadraturen,59.910398,10.744216
NSR:StopPlace:4017,Engervannet,59.900496,10.544761
NSR:StopPlace:4018,Kinnerslund,59.744254,11.490586
NSR:StopPlace:4019,Henie Onstad seniorsenter,59.891761,10.55766
NSR:StopPlace:4020,Evenby,59.718108,11.508102
NSR:StopPlace:4022,Bærum rådhus,59.889845,10.52782
NSR:StopPlace:4023,Fjellheim bru,59.720537,11.48204
NSR:StopPlace:4024,Dronningens gate,59.910511,10.74698
NSR:StopPlace:4025,Lakseberget,59.892247,10.535929
NSR:StopPlace:4026,Sydnes,59.759178,11.490546
NSR:StopPlace:4027,Bærum rådhus,59.890371,10.525648
NSR:StopPlace:4028,Samuelsrudkrysset,59.719248,11.504988
NSR:StopPlace:4029,Stortinget,59.913437,10.743256
NSR:StopPlace:4030,Sandvika bussterminal,59.892905,10.524556
NSR:StopPlace:4031,Haubakk,59.748632,11.489683
NSR:StopPlace:4032,Nærby,59.787482,11.522193
NSR:StopPlace:4034,Valler skole,59.900195,10.527456
NSR:StopPlace:4035,Kollerud,59.712339,11.445402
NSR:StopPlace:4036,Øvre Slottsgate,59.911775,10.741778
NSR:StopPlace:4037,Vallerveien,59.901582,10.523178
NSR:StopPlace:4038,Naddum,59.793105,11.482496
NSR:StopPlace:4040,Helgerud,59.813774,11.522349
NSR:StopPlace:4042,Sykehusveien,59.901994,10.516754
NSR:StopPlace:4043,Øsken,59.818724,11.521658
NSR:StopPlace:4045,Levreveien,59.904488,10.514509
NSR:StopPlace:4046,Grasåsen,59.835548,11.549875
NSR:StopPlace:4047,Skulerud garasje,59.671944,11.547919
NSR:StopPlace:4049,Toppåsveien,59.908446,10.512511
NSR:StopPlace:4050,Bunes,59.655597,11.497955
NSR:StopPlace:4051,Hauger,59.911116,10.510043
NSR:StopPlace:4053,Ydersbotn,59.628654,11.515802
NSR:StopPlace:4054,Hauger,59.911799,10.506304
NSR:StopPlace:4055,Wessels plass,59.912233,10.73913
NSR:StopPlace:4056,Basmo,59.616774,11.528526
NSR:StopPlace:4057,Kolsås senter,59.91696,10.500513
NSR:StopPlace:4058,Bjørkemoen,60.050793,11.119074
NSR:StopPlace:4060,Kolsås,59.914288,10.501339
NSR:StopPlace:4061,Gran,60.040781,11.113411
NSR:StopPlace:4062,Kolsås,59.914823,10.500666
NSR:StopPlace:4063,Bjerke,60.04598,11.118194
NSR:StopPlace:4065,Fløgstad gård,60.057367,11.118915
NSR:StopPlace:4066,Elias Smiths vei,59.891694,10.516275
NSR:StopPlace:4067,Nationaltheatret,59.91529,10.732339
NSR:StopPlace:4068,Lindebergkrysset,60.037549,11.113086
NSR:StopPlace:4069,Hamangskogen,59.893286,10.512838
NSR:StopPlace:4070,Lindeberg handel,60.037715,11.125447
NSR:StopPlace:4072,Hamang,59.89651,10.50762
NSR:StopPlace:4073,Nordre Refsum,60.056672,11.179652
NSR:StopPlace:4074,Jongsstubben,59.888312,10.513017
NSR:StopPlace:4075,Arteid,60.055491,11.15244
NSR:StopPlace:4076,Nationaltheatret,59.914663,10.732827
NSR:StopPlace:4077,Måneveien,59.885247,10.508737
NSR:StopPlace:4078,Frogner stasjon,60.023489,11.106555
NSR:StopPlace:4079,Kampebråten,59.889177,10.508017
NSR:StopPlace:4080,Mork,59.949696,11.341651
NSR:StopPlace:4081,Nationaltheatret,59.914627,10.732892
NSR:StopPlace:4082,Bjørnegård,59.89308,10.507833
NSR:StopPlace:4083,Mork bedehus,59.952037,11.330852
NSR:StopPlace:4084,Vestereng,59.950162,11.311506
NSR:StopPlace:4087,Varsjøen,59.936819,11.256219
NSR:StopPlace:4088,Jong,59.889922,10.501554
NSR:StopPlace:4089,Nationaltheatret,59.914192,10.731263
NSR:StopPlace:4090,Kjørbo,59.88829,10.525306
NSR:StopPlace:4091,Sørumsand stasjon,59.986056,11.241787
NSR:StopPlace:4092,Konvallia,59.883666,10.510912
NSR:StopPlace:4093,Bingsfoss ungdomsskole,59.987453,11.250877
NSR:StopPlace:4094,Nationaltheatret,59.916006,10.733852
NSR:StopPlace:4095,Kjørbokollen,59.886824,10.519189
NSR:StopPlace:4096,Festiviteten,59.986848,11.248935
NSR:StopPlace:4097,Sandvika storsenter,59.890782,10.51648
NSR:StopPlace:4098,Heggedalsveien,59.986841,11.257016
NSR:StopPlace:4099,Nationaltheatret,59.913414,10.732669
NSR:StopPlace:4100,Gyssestad,59.881313,10.514203
NSR:StopPlace:4101,Nedre Valsringen,59.99317,11.264033
NSR:StopPlace:4103,Øvre Valsringen,59.99732,11.263341
NSR:StopPlace:4104,Sandvika storsenter,59.890115,10.521329
NSR:StopPlace:4105,Hellesjø,60.04512,11.29733
NSR:StopPlace:4106,Nedre Ås,59.887435,10.500167
NSR:StopPlace:4108,Bøler,60.039227,11.266919
NSR:StopPlace:4109,Juterudveien,59.883243,10.489403
NSR:StopPlace:4110,Vølneberg,60.0522,11.250342
NSR:StopPlace:4111,Rugdefaret,59.881047,10.492663
NSR:StopPlace:4113,Veslesjea,60.027271,11.234824
NSR:StopPlace:4114,Åsløkkveien,59.876945,10.491037
NSR:StopPlace:4115,Valsporten,60.007477,11.261609
NSR:StopPlace:4117,Reverud,59.883261,10.483856
NSR:StopPlace:4118,Sørum skole,60.011569,11.23572
NSR:StopPlace:4119,Malerstua,59.884535,10.501459
NSR:StopPlace:4120,Aker brygge,59.911006,10.729895
NSR:StopPlace:4122,Tanum skole,59.884386,10.476893
NSR:StopPlace:4123,Fallbrauta,60.016018,11.231402
NSR:StopPlace:4125,Tanum kirke,59.896502,10.478786
NSR:StopPlace:4126,Lørenfallet,60.020834,11.226539
NSR:StopPlace:4127,Tanum eldresenter,59.883875,10.49136
NSR:StopPlace:4128,Bæregveien,60.021146,11.215853
NSR:StopPlace:4129,Nationaltheatret,59.913039,10.73136
NSR:StopPlace:4130,Frydenlundstoppen,60.022939,11.204705
NSR:StopPlace:4131,Staver,59.88248,10.470877
NSR:StopPlace:4132,Sørvald,60.023934,11.189489
NSR:StopPlace:4133,Bjerketun,59.886124,10.465086
NSR:StopPlace:4135,Knatten,60.026425,11.177779
NSR:StopPlace:4136,Løkka,59.88738,10.456562
NSR:StopPlace:4138,Holo,59.890569,10.450399
NSR:StopPlace:4139,Knipa,60.024636,11.172964
NSR:StopPlace:4140,Kattås,59.890552,10.439962
NSR:StopPlace:4141,Vilbergvegen,60.020633,11.165146
NSR:StopPlace:4142,Aker brygge,59.910707,10.72992
NSR:StopPlace:4146,Lundermoen,60.016226,11.156858
NSR:StopPlace:4149,Sandbakkholtet,59.964303,11.37994
NSR:StopPlace:4150,Lindeleiken,59.901647,10.488708
NSR:StopPlace:4151,Stortorvet,59.912942,10.745514
NSR:StopPlace:4152,Lunderåsveien,60.014646,11.152751
NSR:StopPlace:4153,Tangen,59.902657,10.492115
NSR:StopPlace:4154,Aremoen,59.967808,11.378707
NSR:StopPlace:4156,Høyrabben,59.894184,10.492254
NSR:StopPlace:4157,Ausenveien,60.016388,11.142492
NSR:StopPlace:4158,Kirkerud,59.905624,10.480981
NSR:StopPlace:4159,Husmoveien,59.971607,11.376952
NSR:StopPlace:4160,Stortorvet,59.912988,10.745383
NSR:StopPlace:4161,Vøyenenga,59.908529,10.475003
NSR:StopPlace:4162,Yssen,60.019616,11.133437
NSR:StopPlace:4164,Borkenveien,59.90675,10.472569
NSR:StopPlace:4165,Drege,60.019591,11.127463
NSR:StopPlace:4166,Ståviveien,59.911436,10.471489
NSR:StopPlace:4167,Frogner bedehus,60.022384,11.116683
NSR:StopPlace:4168,Tinghuset,59.915218,10.741257
NSR:StopPlace:4169,Horniveien,59.914607,10.46819
NSR:StopPlace:4170,Melvoll,60.025816,11.116091
NSR:StopPlace:4172,Arnesenga,59.917886,10.463536
NSR:StopPlace:4173,Melvold gård,60.028201,11.112372
NSR:StopPlace:4174,Tullinløkka,59.916793,10.737269
NSR:StopPlace:4175,Bærums meieri,59.91953,10.460709
NSR:StopPlace:4176,Frogner skole,60.025345,11.106319
NSR:StopPlace:4177,Skui eldresenter,59.927352,10.444557
NSR:StopPlace:4178,Frogner sentrum,60.024758,11.102597
NSR:StopPlace:4180,Skui,59.925537,10.452837
NSR:StopPlace:4181,Frogner bru,60.024035,11.09602
NSR:StopPlace:4182,Skui skole,59.927664,10.448475
NSR:StopPlace:4183,Holbergs plass,59.918791,10.734528
NSR:StopPlace:4184,Høybo,60.023726,11.083311
NSR:StopPlace:4185,Smestad,59.931472,10.438479
NSR:StopPlace:4186,Vardefjellet,60.031487,11.066806
NSR:StopPlace:4189,Eventyrveien,60.033243,11.071353
NSR:StopPlace:4191,Åskammen,60.029359,11.074573
NSR:StopPlace:4194,Fjellbo,60.024112,11.068932
NSR:StopPlace:4195,Svendsrudveien,59.964933,11.212892
NSR:StopPlace:4198,Blaker stasjon,60.005127,11.302433
NSR:StopPlace:4201,Grønnbekkvegen,60.025489,11.329705
NSR:StopPlace:4203,Bruvollen,59.984375,11.34878
NSR:StopPlace:4206,Hellne,59.977752,11.363232
NSR:StopPlace:4207,Bærum sykehus,59.898516,10.509152
NSR:StopPlace:4208,Haugtun skole,60.000413,11.315009
NSR:StopPlace:4211,Myrimellom,60.004142,11.335735
NSR:StopPlace:4212,Dønskitoppen,59.901537,10.502012
NSR:StopPlace:4214,Toreid,60.005068,11.356876
NSR:StopPlace:4216,Fossmoen,59.998845,11.309491
NSR:StopPlace:4218,Dønski bo- og behandlingssenter,59.902133,10.50442
NSR:StopPlace:4219,Haglund bru,59.992115,11.299994
NSR:StopPlace:4220,Vebekkveien,59.904576,10.505584
NSR:StopPlace:4221,Fossum stasjon,59.987142,11.284281
NSR:StopPlace:4223,Rudsdalen,59.906092,10.503014
NSR:StopPlace:4224,Monsrudveien,59.982957,11.268804
NSR:StopPlace:4225,Rud,59.905513,10.497858
NSR:StopPlace:4226,Nordsjø,59.981792,11.262919
NSR:StopPlace:4227,Vippetangen,59.903209,10.74122
NSR:StopPlace:4228,Johs. Haugeruds vei,59.905442,10.499561
NSR:StopPlace:4229,Fjuk,59.984487,11.366116
NSR:StopPlace:4230,Kremlegrenda,59.921354,10.498266
NSR:StopPlace:4232,Blaker skole,59.991303,11.373966
NSR:StopPlace:4233,Verksgata,59.937052,10.501326
NSR:StopPlace:4234,Staurhaugen,60.004307,11.382332
NSR:StopPlace:4236,Gommerudveien,59.931712,10.4962
NSR:StopPlace:4237,Kurland,60.008822,11.390031
NSR:StopPlace:4238,Langleiken,59.928764,10.494819
NSR:StopPlace:4239,Rånåsfoss stasjon,60.029633,11.329066
NSR:StopPlace:4241,Torbjørnsrudvegen,60.032206,11.31459
NSR:StopPlace:4242,Åsbråtan,59.925429,10.49765
NSR:StopPlace:4243,Løkenhavna,59.923543,10.505409
NSR:StopPlace:4244,Rånås bru,60.03435,11.33048
NSR:StopPlace:4245,Kontraskjæret,59.91089,10.735779
NSR:StopPlace:4246,Sandnesvegen,60.031891,11.340895
NSR:StopPlace:4247,Bryn kirke,59.920038,10.490688
NSR:StopPlace:4248,Kvevli,59.974966,11.321661
NSR:StopPlace:4250,Rykkinn senter,59.924691,10.487448
NSR:StopPlace:4251,Skytten,59.929387,10.486254
NSR:StopPlace:4252,Ørken,59.963887,11.32836
NSR:StopPlace:4253,Rykkinn senter,59.923929,10.486238
NSR:StopPlace:4255,Rausandbakken,60.024112,11.299725
NSR:StopPlace:4256,Brennejordet,59.917132,10.472099
NSR:StopPlace:4257,Mangset,60.017432,11.289504
NSR:StopPlace:4258,Tjuvholmen,59.909746,10.722069
NSR:StopPlace:4259,Eineåsen,59.933002,10.479729
NSR:StopPlace:4260,Lystad,59.968042,11.218441
NSR:StopPlace:4261,Vøyen gård,59.912782,10.486982
NSR:StopPlace:4262,Lystadkroken,59.960046,11.220265
NSR:StopPlace:4263,Vika atrium,59.910792,10.722659
NSR:StopPlace:4264,Grevlingveien,59.978007,11.245722
NSR:StopPlace:4265,Langvari,59.924435,10.493724
NSR:StopPlace:4266,Sennerud,59.979809,11.240011
NSR:StopPlace:4267,Otto Rykkinds vei,59.933706,10.471779
NSR:StopPlace:4269,Nylenna,59.972934,11.249244
NSR:StopPlace:4270,Saubakken,59.929896,10.465752
NSR:StopPlace:4271,Orderud,59.970461,11.248568
NSR:StopPlace:4272,Bergerstien,59.925752,10.468096
NSR:StopPlace:4273,Filipstadveien,59.90857,10.713236
NSR:StopPlace:4274,Orderudtoppen,59.968615,11.247193
NSR:StopPlace:4275,Paal Bergs vei,59.922705,10.483481
NSR:StopPlace:4276,Orredalen,59.969743,11.242216
NSR:StopPlace:4278,Makedonien,59.923337,10.479281
NSR:StopPlace:4279,Skugstad,59.988129,11.327288
NSR:StopPlace:4280,Nadderud stadion,59.919038,10.580751
NSR:StopPlace:4281,Solli,59.914853,10.719027
NSR:StopPlace:4282,Huseby,59.994909,11.318113
NSR:StopPlace:4283,Øygardveien,59.921076,10.576116
NSR:StopPlace:4284,Heia industrifelt,59.924938,11.216939
NSR:StopPlace:4286,Haslum skole,59.924846,10.570771
NSR:StopPlace:4287,Gransveien,59.923687,11.195673
NSR:StopPlace:4288,Griniveien,59.928271,10.568148
NSR:StopPlace:4289,Tyriveien,59.936399,11.157233
NSR:StopPlace:4290,Solli,59.915246,10.717281
NSR:StopPlace:4291,Åsterud,59.928842,10.558022
NSR:StopPlace:4292,Granlia,59.940162,11.156533
NSR:StopPlace:4293,Niels Juels gate,59.91634,10.715157
NSR:StopPlace:4294,Steinskogen gravlund,59.932249,10.551405
NSR:StopPlace:4295,Østersund skole,59.920349,11.16881
NSR:StopPlace:4296,Fetsund stasjon,59.927156,11.162142
NSR:StopPlace:4297,Godthåb,59.929834,10.553387
NSR:StopPlace:4298,Herredshuset,59.924971,11.155086
NSR:StopPlace:4299,Stein gård,59.934145,10.543067
NSR:StopPlace:4300,Skillebekk,59.912813,10.71113
NSR:StopPlace:4302,Knabberudveien,59.935574,10.538077
NSR:StopPlace:4303,Hovinhøgda,59.930439,11.145724
NSR:StopPlace:4304,Skarpsno,59.914301,10.70247
NSR:StopPlace:4305,Steinskogen,59.938008,10.526729
NSR:StopPlace:4306,Hovinbakken,59.931825,11.139828
NSR:StopPlace:4307,Øvre Toppenhaug,59.939176,10.519211
NSR:StopPlace:4308,Linderud,59.793582,11.261776
NSR:StopPlace:4309,Nobels gate,59.917641,10.698318
NSR:StopPlace:4310,Nedre Toppenhaug,59.941542,10.507366
NSR:StopPlace:4311,Korsveien,59.933791,11.150136
NSR:StopPlace:4312,Bærums verk,59.941924,10.502908
NSR:StopPlace:4313,Sommerly,59.937094,11.150983
NSR:StopPlace:4314,Observatoriegata,59.91283,10.719552
NSR:StopPlace:4315,Helsetveien,59.944464,10.513752
NSR:StopPlace:4316,Gamle Fet rådhus,59.922435,11.169085
NSR:StopPlace:4317,Ruseløkka,59.91282,10.724174
NSR:StopPlace:4318,Linderudveien,59.947872,10.511717
NSR:StopPlace:4319,Sundet,59.922918,11.170293
NSR:StopPlace:4320,Holterveien,59.945821,11.196664
NSR:StopPlace:4321,Sleiverudåsen,59.94475,10.50304
NSR:StopPlace:4322,Elisenberg,59.919492,10.708719
NSR:StopPlace:4323,Løken terrasse,59.919629,11.18183
NSR:StopPlace:4324,Grinda,59.944763,10.496286
NSR:StopPlace:4325,Olderveien,59.959464,11.204123
NSR:StopPlace:4326,Gruvemyra,59.942962,10.490822
NSR:StopPlace:4327,Frogner kirke,59.917678,10.70732
NSR:StopPlace:4328,Løken,59.91615,11.177221
NSR:StopPlace:4329,Gullhaug,59.941263,10.491785
NSR:StopPlace:4330,Velveien,59.954328,11.203171
NSR:StopPlace:4331,Guldbrandslia,59.943216,10.50713
NSR:StopPlace:4332,Odins gate,59.919467,10.703625
NSR:StopPlace:4333,Riddersand skole,59.91608,11.171036
NSR:StopPlace:4334,Skarvaveien,59.949089,10.498753
NSR:StopPlace:4335,Kjustadhagan,59.943783,11.210585
NSR:StopPlace:4336,Lille Frogner allé,59.917896,10.712244
NSR:StopPlace:4337,Eineveien,59.953803,10.48994
NSR:StopPlace:4338,Grendehuset,59.93988,11.208077
NSR:StopPlace:4339,Stubbgutua,59.933365,11.204276
NSR:StopPlace:4340,Slalåmveien,59.957483,10.485112
NSR:StopPlace:4341,Olav Kyrres plass,59.919242,10.697834
NSR:StopPlace:4342,Falla,59.933203,11.198
NSR:StopPlace:4343,Trulsrud,59.959804,10.479002
NSR:StopPlace:4344,Ekebergtoppen,59.936033,11.192453
NSR:StopPlace:4345,Lommedalen skole,59.96141,10.473495
NSR:StopPlace:4346,Karenslyst allé,59.91834,10.688446
NSR:StopPlace:4347,Fråstad,59.936525,11.188513
NSR:StopPlace:4348,Sentralen,59.961456,10.476703
NSR:StopPlace:4349,Fallaveien,59.935808,11.194095
NSR:StopPlace:4351,Kirkebyveien,59.963833,10.474893
NSR:StopPlace:4352,Tingsrudveien,59.930096,11.202192
NSR:StopPlace:4353,Johnsrudgata,59.967548,10.472282
NSR:StopPlace:4354,Ramstadskogen,59.926029,11.197895
NSR:StopPlace:4355,Kongsgården,59.909299,10.680964
NSR:StopPlace:4356,Sagåsen,59.970418,10.469661
NSR:StopPlace:4357,Tofsrud,59.936801,11.207463
NSR:StopPlace:4358,Guribysagveien,59.973763,10.467478
NSR:StopPlace:4359,Nordli,59.949333,11.216054
NSR:StopPlace:4360,Huk,59.898538,10.674685
NSR:StopPlace:4361,Bråtenstubben,59.936653,11.204443
NSR:StopPlace:4362,Vensåsveien,59.976266,10.468836
NSR:StopPlace:4363,Guttersrud,59.962941,11.207962
NSR:StopPlace:4364,Bykrysset,59.979368,10.467765
NSR:StopPlace:4365,Ro,59.900925,10.675687
NSR:StopPlace:4366,Dammerud,59.931214,11.184517
NSR:StopPlace:4367,Burudveien,59.95531,10.495017
NSR:StopPlace:4369,Annikveien,59.953152,10.507546
NSR:StopPlace:4370,Frimurerhjemmet,59.901189,10.678884
NSR:StopPlace:4371,Fjellsrud,59.88262,11.219511
NSR:StopPlace:4372,Strandveien,59.912756,10.639328
NSR:StopPlace:4373,Stensrud,59.877241,11.248303
NSR:StopPlace:4374,Lysakerlokket,59.913005,10.634276
NSR:StopPlace:4375,Bygdøhus,59.901365,10.682021
NSR:StopPlace:4376,Øvre Dalen,59.878585,11.243624
NSR:StopPlace:4377,Lysaker stasjon,59.913093,10.637742
NSR:StopPlace:4378,Holtedalveien,59.8758,11.263478
NSR:StopPlace:4379,Fredriksborg,59.903385,10.686857
NSR:StopPlace:4381,Nygårdstoppen,59.881293,11.231375
NSR:StopPlace:4382,Lysaker brygge,59.911458,10.639122
NSR:StopPlace:4383,Sollien,59.869738,11.285431
NSR:StopPlace:4384,Vikingskipene,59.904681,10.686613
NSR:StopPlace:4386,Kringenveien,59.922558,11.176592
NSR:StopPlace:4388,Krokedal,59.760512,11.29453
NSR:StopPlace:4389,Folkemuseet,59.907515,10.686893
NSR:StopPlace:4391,Smådal,59.762603,11.29045
NSR:StopPlace:4392,Slependen,59.877907,10.503412
NSR:StopPlace:4393,Bygdøynes,59.903122,10.698243
NSR:StopPlace:4394,Teig,59.76876,11.278252
NSR:StopPlace:4395,Grønsund,59.874345,10.507565
NSR:StopPlace:4396,Lindeberg gård,59.775639,11.275433
NSR:StopPlace:4397,Herbernveien,59.901679,10.694147
NSR:StopPlace:4398,Svartdal,59.778322,11.278596
NSR:StopPlace:4399,Hals,59.872689,10.514715
NSR:StopPlace:4400,Bøler mølle,59.78448,11.274116
NSR:StopPlace:4401,IKEA Slependen,59.875769,10.500488
NSR:StopPlace:4402,Langvik,59.901651,10.687581
NSR:StopPlace:4403,Langerud,59.787482,11.269081
NSR:StopPlace:4404,Otto Blehrs vei,59.871087,10.51651
NSR:StopPlace:4405,Svarterud,59.798712,11.256735
NSR:StopPlace:4406,Gråtenveien,59.871931,10.521598
NSR:StopPlace:4408,Enger,59.803566,11.257813
NSR:StopPlace:4409,Vesthellinga,59.868937,10.514039
NSR:StopPlace:4410,Ersrud,59.80635,11.253363
NSR:StopPlace:4411,Hovedøya,59.898898,10.730714
NSR:StopPlace:4412,Tjernveien,59.862947,10.514431
NSR:StopPlace:4413,Klokkerud,59.918054,11.183999
NSR:StopPlace:4414,Søndre brygge,59.859508,10.517143
NSR:StopPlace:4415,Svimek,59.88401,11.216671
NSR:StopPlace:4416,Lindøya vest,59.890075,10.706523
NSR:StopPlace:4417,Svindal,59.885522,11.206377
NSR:StopPlace:4418,Vendla,59.860713,10.522322
NSR:StopPlace:4419,Gaukerud,59.889094,11.202469
NSR:StopPlace:4420,Søndre vei,59.86278,10.528834
NSR:StopPlace:4421,Nakkholmen,59.890694,10.696821
NSR:StopPlace:4422,Kalkbukta,59.86532,10.533842
NSR:StopPlace:4423,Åsveien,59.896329,11.193993
NSR:StopPlace:4424,Råmyra,59.898472,11.19003
NSR:StopPlace:4425,Sjøheim,59.868609,10.541991
NSR:StopPlace:4427,Holtbakken,59.90361,11.182275
NSR:StopPlace:4428,Margretes vei,59.871845,10.53995
NSR:StopPlace:4429,Skjønhaug i Fet,59.90832,11.182261
NSR:StopPlace:4430,Taglugnveien,59.873532,10.535055
NSR:StopPlace:4431,Bleikøya,59.889019,10.734917
NSR:StopPlace:4432,Bjerkeflåtten,59.833613,11.243955
NSR:StopPlace:4433,Hovedgårdsveien,59.873163,10.525774
NSR:StopPlace:4434,Gressholmen,59.884526,10.724775
NSR:StopPlace:4435,Ulverud,59.837418,11.246676
NSR:StopPlace:4436,Lindøya øst,59.890546,10.71955
NSR:StopPlace:4437,Billingstadveien,59.874482,10.491291
NSR:StopPlace:4438,Vinlandsveien,59.841408,11.247183
NSR:StopPlace:4439,Østanesveien,59.846432,11.242188
NSR:StopPlace:4440,Bergerveien,59.87278,10.487781
NSR:StopPlace:4441,Nesbru,59.865799,10.488942
NSR:StopPlace:4442,Sand,59.855649,11.235366
NSR:StopPlace:4443,Langøyene,59.871439,10.725556
NSR:StopPlace:4444,Gansvika,59.862512,11.225806
NSR:StopPlace:4445,Nedre Berger,59.869328,10.488009
NSR:StopPlace:4447,Bytoppen,59.872126,11.222749
NSR:StopPlace:4448,Nesåsen,59.862742,10.490656
NSR:StopPlace:4449,Dalheimveien,59.87477,11.222939
NSR:StopPlace:4450,Grønlia,59.851398,10.492051
NSR:StopPlace:4451,Orestien,59.84171,10.469171
NSR:StopPlace:4452,Majorstuen,59.930181,10.714666
NSR:StopPlace:4453,Dalen skole,59.874237,11.22004
NSR:StopPlace:4454,Hestehagen,59.843584,10.479072
NSR:StopPlace:4455,Tuen,59.94616,11.109758
NSR:StopPlace:4456,Holmen bru,59.855307,10.486464
NSR:StopPlace:4457,Borgen-Jølsen,59.955013,11.107779
NSR:StopPlace:4459,Ravnsborg,59.857918,10.477108
NSR:StopPlace:4460,Bergerveien,59.951239,11.116143
NSR:StopPlace:4462,Skjelverveien,59.949592,11.117508
NSR:StopPlace:4464,Hvalstad,59.85706,10.466806
NSR:StopPlace:4465,Leirsund stasjon,59.999618,11.08678
NSR:StopPlace:4466,Leirsund,59.996752,11.087504
NSR:StopPlace:4467,Landøya,59.858642,10.493738
NSR:StopPlace:4468,Majorstuen,59.928623,10.716149
NSR:StopPlace:4469,Heishagen,59.997847,11.098552
NSR:StopPlace:4470,Holmen senter,59.856329,10.491681
NSR:StopPlace:4471,Asak skole,59.99311,11.107781
NSR:StopPlace:4472,Holmen sør,59.853898,10.491107
NSR:StopPlace:4473,Majorstuen,59.929062,10.715951
NSR:StopPlace:4474,Asak pleiehjem,59.988828,11.106215
NSR:StopPlace:4475,Holmenbukta,59.854746,10.492469
NSR:StopPlace:4476,Syverstad,59.849216,10.490648
NSR:StopPlace:4477,Asakmoen,59.985539,11.111709
NSR:StopPlace:4478,Majorstuen,59.929596,10.713674
NSR:StopPlace:4479,Hval,59.844586,10.483582
NSR:StopPlace:4480,Tretjernet,59.985692,11.131684
NSR:StopPlace:4481,Hvalstrand,59.841717,10.481354
NSR:StopPlace:4482,Branderud,59.983519,11.143434
NSR:StopPlace:4483,Majorstuen,59.929676,10.715988
NSR:StopPlace:4484,Jenseberget,59.956808,11.024279
NSR:StopPlace:4485,Leangen,59.838587,10.476271
NSR:StopPlace:4486,Jonas Lies gate,59.957023,11.035108
NSR:StopPlace:4487,Konglungen,59.83931,10.510008
NSR:StopPlace:4488,Majorstuen,59.929609,10.717431
NSR:StopPlace:4489,Lillestrøm bussterminal,59.953894,11.043521
NSR:StopPlace:4490,Gamle Konglungvei,59.837147,10.50225
NSR:StopPlace:4491,Spira,59.834983,10.494038
NSR:StopPlace:4493,Gatåsen,59.829284,10.480391
NSR:StopPlace:4495,Homansbyen,59.922623,10.726508
NSR:StopPlace:4496,Askerhallen,59.827242,10.446641
NSR:StopPlace:4498,Bleikerhaugen,59.829001,10.443985
NSR:StopPlace:4499,Vestbygata,59.963967,11.051398
NSR:StopPlace:4500,Homansbyen,59.923525,10.727225
NSR:StopPlace:4501,Floraveien,59.963067,11.059454
NSR:StopPlace:4502,Langenga,59.826491,10.45414
NSR:StopPlace:4503,Måsasvingen vest,59.96826,11.051645
NSR:StopPlace:4504,Fusdal,59.831619,10.440885
NSR:StopPlace:4507,Tegnebyholtet,59.516468,10.735356
NSR:StopPlace:4508,Måsasvingen øst,59.96667,11.053981
NSR:StopPlace:4509,Bekkelaget,59.532141,10.748342
NSR:StopPlace:4510,Brauterkrysset,59.970059,11.05126
NSR:StopPlace:4511,Bogstadveien,59.9262,10.721546
NSR:StopPlace:4512,Brandstad,59.545468,10.749824
NSR:StopPlace:4513,Kjerulfs gate,59.955838,11.052176
NSR:StopPlace:4514,Grorød,59.547015,10.754388
NSR:StopPlace:4515,St. Olavs gate,59.95498,11.056686
NSR:StopPlace:4516,Frogner plass,59.921895,10.704887
NSR:StopPlace:4517,Leiv Eirikssons gate,59.954884,11.061513
NSR:StopPlace:4518,Pukkverket,59.585269,10.766265
NSR:StopPlace:4519,Roald Amundsens gate,59.955618,11.068072
NSR:StopPlace:4520,Brandstad,59.54498,10.750764
NSR:StopPlace:4521,Vigernes,59.956157,11.072308
NSR:StopPlace:4522,Frogner plass,59.922546,10.704942
NSR:StopPlace:4523,Kjærstad,59.585944,10.810879
NSR:StopPlace:4525,Bjørnerud,59.588086,10.762825
NSR:StopPlace:4526,Isakbekken,59.951704,11.076599
NSR:StopPlace:4527,Vigelandsparken,59.924594,10.708207
NSR:StopPlace:4528,Presterud,59.574871,10.800314
NSR:StopPlace:4529,Brautertoppen,59.977274,11.056479
NSR:StopPlace:4530,Furukollen,59.571369,10.793997
NSR:StopPlace:4531,Vigelandsparken,59.924537,10.708103
NSR:StopPlace:4532,Nordsnoveien,59.971294,11.05113
NSR:StopPlace:4533,Svineskog,59.566342,10.783526
NSR:StopPlace:4534,Forskningsparken,59.973936,11.045504
NSR:StopPlace:4535,Riis,59.982809,11.051171
NSR:StopPlace:4536,Randembakken,59.612665,10.744307
NSR:StopPlace:4537,Frogner stadion,59.927256,10.712754
NSR:StopPlace:4538,Trollerud,59.588919,10.709385
NSR:StopPlace:4539,Vestvollen,59.993347,11.036756
NSR:StopPlace:4540,Prost Holms vei,59.989518,11.036257
NSR:StopPlace:4541,Randemfaret,59.610199,10.742172
NSR:StopPlace:4542,Frogner stadion,59.927211,10.712668
NSR:StopPlace:4543,Prost Stabels vei,59.987747,11.027444
NSR:StopPlace:4544,Åsveien,59.625006,10.739348
NSR:StopPlace:4545,Holt senter,59.987537,11.035563
NSR:StopPlace:4546,Kleverveien,59.617886,10.739908
NSR:StopPlace:4548,Holt industri,59.986272,11.028785
NSR:StopPlace:4549,Speiderveien,59.609081,10.74259
NSR:StopPlace:4550,Selmer,59.984913,11.020196
NSR:StopPlace:4551,Regnbueveien,59.615,10.744109
NSR:StopPlace:4552,Uranienborgveien,59.92109,10.72245
NSR:StopPlace:4553,Skedsmosenteret,60.000665,11.038594
NSR:StopPlace:4554,Nordlysveien,59.618245,10.744135
NSR:StopPlace:4555,Høgdaveien,59.618633,10.741418
NSR:StopPlace:4556,Skedsmovollen,59.996886,11.044055
NSR:StopPlace:4558,Verpet,59.621038,10.739932
NSR:StopPlace:4559,Skedsmo kirke,59.991207,11.048679
NSR:StopPlace:4560,Haugenlia,60.002139,11.025099
NSR:StopPlace:4561,Vestby arena,59.596513,10.754744
NSR:StopPlace:4562,Mosvingen,60.181793,11.231562
NSR:StopPlace:4563,Veibrån,59.996809,11.027323
NSR:StopPlace:4564,Vestbytorget,59.60139,10.746643
NSR:StopPlace:4565,Vestvollveien,59.994844,11.032304
NSR:StopPlace:4567,Skedsmokorset,60.004049,11.032602
NSR:StopPlace:4568,Inngjerdingen,60.181772,11.237603
NSR:StopPlace:4569,Vestby stasjon,59.604209,10.749717
NSR:StopPlace:4570,Thomas Olsens vei,59.605352,10.671705
NSR:StopPlace:4571,Lund i Brånåsdalen,59.993977,11.029252
NSR:StopPlace:4572,Hvitsten torg,59.598682,10.655478
NSR:StopPlace:4573,Brånås skole,59.997321,11.021733
NSR:StopPlace:4574,Røsletta,60.183329,11.252929
NSR:StopPlace:4575,Kullebunn,59.60259,10.663472
NSR:StopPlace:4576,Brånås skog,60.001511,11.02396
NSR:StopPlace:4577,Fjellsetveien,59.994828,11.024098
NSR:StopPlace:4578,Hølen torg,59.539653,10.742583
NSR:StopPlace:4579,Kopperud,60.22345,11.233734
NSR:StopPlace:4580,Åsenhagen skole,60.009746,11.030716
NSR:StopPlace:4582,Strømmen kirke,59.95301,11.016668
NSR:StopPlace:4583,Vestby kirke,59.601747,10.732588
NSR:StopPlace:4584,Bernt Ankers vei,59.950941,11.016302
NSR:StopPlace:4586,Vestby bru,59.602632,10.743181
NSR:StopPlace:4587,Kastellveien,59.950443,11.01952
NSR:StopPlace:4588,Kurbadet,59.949253,11.020838
NSR:StopPlace:4589,Bruerløkka,59.551697,10.742465
NSR:StopPlace:4591,Åsenhagen,60.014352,11.03162
NSR:StopPlace:4592,Bylterudveien,59.558242,10.739721
NSR:StopPlace:4593,Tærudhallen,60.012373,11.016932
NSR:StopPlace:4594,Hannestadtoppen,59.606158,10.713914
NSR:StopPlace:4595,Tæruddalen,60.007618,11.015497
NSR:StopPlace:4596,Borgen,60.091506,11.216684
NSR:StopPlace:4600,Værhaug,60.00523,11.000461
NSR:StopPlace:4601,Krusebyen,59.597132,10.725743
NSR:StopPlace:4602,Borgen skole,60.097903,11.219919
NSR:StopPlace:4603,Ringnesåsen,60.010328,10.995056
NSR:StopPlace:4605,Eventyråsen,60.00608,11.019314
NSR:StopPlace:4606,Høgda,59.612456,10.740042
NSR:StopPlace:4607,Borgen,60.093922,11.213015
NSR:StopPlace:4608,Midtskogveien,60.003664,11.022798
NSR:StopPlace:4609,Landåsveien,59.609702,10.741177
NSR:StopPlace:4610,Solberg,60.012773,10.984338
NSR:StopPlace:4611,Randemveien,59.607208,10.742939
NSR:StopPlace:4612,Fossum gård,60.007546,10.997319
NSR:StopPlace:4613,Lund gård,60.100942,11.23538
NSR:StopPlace:4614,Svarthagsveien,59.622823,10.739737
NSR:StopPlace:4615,Tærud,60.006833,11.01248
NSR:StopPlace:4617,Langgata,60.013187,10.978512
NSR:StopPlace:4618,Borgen,60.092056,11.215255
NSR:StopPlace:4620,Stav,59.962424,11.006772
NSR:StopPlace:4621,Moradammen,59.592711,10.718327
NSR:StopPlace:4622,Rettenveien,59.959088,11.011773
NSR:StopPlace:4623,Flindrum,60.109402,11.240806
NSR:StopPlace:4624,Vestbyhallen,59.597326,10.708826
NSR:StopPlace:4625,Niels Høeghs vei,59.954679,11.007585
NSR:StopPlace:4627,Leikvoll,60.026804,11.037976
NSR:StopPlace:4629,Myrersletta,60.023247,11.035137
NSR:StopPlace:4630,Støverud,60.130167,11.266219
NSR:StopPlace:4631,Karen Bachs vei,59.593212,10.705101
NSR:StopPlace:4632,Gjelleråsen,59.985777,10.928069
NSR:StopPlace:4633,Preislers vei,59.598556,10.698173
NSR:StopPlace:4634,Ospelia,59.976483,10.930978
NSR:StopPlace:4635,Brattfoss,60.14014,11.217441
NSR:StopPlace:4636,Gamle Trondheimsvei,59.975921,10.934339
NSR:StopPlace:4637,Elsbergs vei,59.596512,10.692892
NSR:StopPlace:4639,Solhøy skole,59.521376,10.702521
NSR:StopPlace:4640,Ås,60.119772,11.237073
NSR:StopPlace:4644,Stellas vei,59.594917,10.696184
NSR:StopPlace:4645,Fonbekk,60.141198,11.25258
NSR:StopPlace:4647,Berg,59.581735,10.702393
NSR:StopPlace:4649,Mogholt,59.582049,10.700944
NSR:StopPlace:4650,Nesten,60.129686,11.271187
NSR:StopPlace:4651,Rønjul,59.585226,10.691618
NSR:StopPlace:4652,Nyveien,60.0567,10.868367
NSR:StopPlace:4653,Solliveien,60.05216,10.874739
NSR:StopPlace:4654,Deør skog,59.527322,10.708685
NSR:StopPlace:4655,Li,60.186585,11.173031
NSR:StopPlace:4656,Tajet,60.055671,10.868976
NSR:StopPlace:4657,Einerveien,59.52513,10.706665
NSR:StopPlace:4658,Seterhaugen,59.995716,10.903013
NSR:StopPlace:4659,Bekkefaret,59.522664,10.702178
NSR:StopPlace:4660,Myrlia,59.992777,10.904757
NSR:StopPlace:4661,Hauger,59.58725,10.682146
NSR:StopPlace:4662,Helseheimen,60.172007,11.169156
NSR:StopPlace:4664,Emmerstad,59.586979,10.66869
NSR:StopPlace:4665,Hernestoppen,59.589135,10.666177
NSR:StopPlace:4666,Skytta servicesenter,59.99121,10.907274
NSR:StopPlace:4667,Briskeveien,59.993044,10.913654
NSR:StopPlace:4668,Nordbyvegen,60.159007,11.19343
NSR:StopPlace:4669,Strandtoppen,59.590222,10.661966
NSR:StopPlace:4670,Saga,59.995223,10.918863
NSR:StopPlace:4671,Sagastubben,59.590864,10.658482
NSR:StopPlace:4672,Bråtebuktveien,59.594164,10.65764
NSR:StopPlace:4673,Mortetjern,59.987237,10.938943
NSR:StopPlace:4674,Grønvold,60.164601,11.17161
NSR:StopPlace:4675,Gamlebakken,59.596821,10.658568
NSR:StopPlace:4676,Tjernslia,59.978254,10.935707
NSR:StopPlace:4678,Industriveien,59.991408,10.910812
NSR:StopPlace:4679,Romerike folkehøgskole,60.160686,11.172929
NSR:StopPlace:4681,Hagan,59.998058,10.917428
NSR:StopPlace:4683,Morteveien,59.988978,10.937961
NSR:StopPlace:4684,Hovimoen,60.179695,11.170993
NSR:StopPlace:4685,Åmotbråten,59.548879,10.76247
NSR:StopPlace:4686,Holumskogen skole,59.983999,10.938939
NSR:StopPlace:4687,Slettebakke,59.55903,10.774982
NSR:StopPlace:4688,Mortens kro,59.985458,10.95129
NSR:StopPlace:4689,Skogtun,60.155202,11.172244
NSR:StopPlace:4690,Garder kirke,59.580683,10.810437
NSR:StopPlace:4691,Lahaugmoen,59.983911,10.960842
NSR:StopPlace:4692,Kjenn,59.567401,10.736582
NSR:StopPlace:4693,Gjelleråstoppen,59.988962,10.930562
NSR:StopPlace:4694,Skogmo skole,60.14076,11.199911
NSR:StopPlace:4695,Svingen,59.574649,10.736751
NSR:StopPlace:4696,Markerud,60.005727,10.917245
NSR:StopPlace:4697,Deliveien,59.578008,10.737506
NSR:StopPlace:4698,Slattum,60.01159,10.917272
NSR:StopPlace:4699,Kremmerhuset,60.153461,11.171757
NSR:StopPlace:4700,Hovum,59.582508,10.810689
NSR:StopPlace:4701,Slattum terrasse,60.009311,10.920811
NSR:StopPlace:4702,Lureklo,59.58281,10.742451
NSR:StopPlace:4703,Hauger,60.016453,10.912098
NSR:StopPlace:4704,Nordby ungdomsskole,60.149216,11.169196
NSR:StopPlace:4705,Delitoppen,59.587805,10.746719
NSR:StopPlace:4706,Li,60.006899,10.930642
NSR:StopPlace:4707,Bjerkeskog,59.582768,10.788499
NSR:StopPlace:4708,Bekkebakken,60.148037,11.16955
NSR:StopPlace:4709,Heggeveien,60.003402,10.929958
NSR:StopPlace:4710,Grønlund,59.584647,10.772575
NSR:StopPlace:4711,Rudstein,60.020081,10.907785
NSR:StopPlace:4712,Skyset,59.999825,10.926982
NSR:StopPlace:4714,Sundby,59.595617,10.747649
NSR:StopPlace:4715,Ulverud skole,59.998547,10.921926
NSR:StopPlace:4716,Knallstad gård,59.607063,10.679658
NSR:StopPlace:4717,Kirkeby,60.02319,10.900012
NSR:StopPlace:4718,Grønberg,59.611594,10.6968
NSR:StopPlace:4719,Jessheim skole,60.146639,11.173632
NSR:StopPlace:4720,Velhuset,59.980011,10.937223
NSR:StopPlace:4722,Kjul,60.026999,10.895766
NSR:StopPlace:4723,Ekerholt,59.607,10.70774
NSR:StopPlace:4725,Smedstuveien,60.008405,10.928909
NSR:StopPlace:4726,Topper,59.592737,10.821759
NSR:StopPlace:4728,Sonsveien stasjon,59.514816,10.726524
NSR:StopPlace:4730,Måsan,60.033595,10.891729
NSR:StopPlace:4731,Kapellveien,59.522309,10.693873
NSR:StopPlace:4732,Strømbråtenveien,59.521127,10.696336
NSR:StopPlace:4734,Myra,60.037891,10.886467
NSR:StopPlace:4735,Nittedal rådhus,60.043021,10.882422
NSR:StopPlace:4736,Deørveien,59.519486,10.702054
NSR:StopPlace:4737,Liabråten,59.518679,10.70797
NSR:StopPlace:4738,Jessheim vgs.,60.147005,11.16283
NSR:StopPlace:4740,Dam,60.047955,10.882097
NSR:StopPlace:4742,Son,59.523907,10.685835
NSR:StopPlace:4743,Holm,60.141106,11.214156
NSR:StopPlace:4744,Bjertnes vgs.,60.048113,10.88089
NSR:StopPlace:4746,Rotnes,60.053902,10.881683
NSR:StopPlace:4747,Son havn nord,59.526194,10.68966
NSR:StopPlace:4748,Yttervegen,60.141168,11.22524
NSR:StopPlace:4749,Skråningen,60.051182,10.871605
NSR:StopPlace:4750,Kleiva,59.52428,10.689446
NSR:StopPlace:4751,Rotnes sag,60.060495,10.881532
NSR:StopPlace:4753,Meisrudbekken,60.141514,11.237371
NSR:StopPlace:4755,Gartnerveien,59.493317,10.690014
NSR:StopPlace:4756,Strømsenga,60.067424,10.883838
NSR:StopPlace:4757,Maily,59.495695,10.688102
NSR:StopPlace:4758,Brennivegen,60.141748,11.245071
NSR:StopPlace:4759,Brente,60.052908,10.870468
NSR:StopPlace:4760,Ishusveien,59.503324,10.685312
NSR:StopPlace:4761,Strøm bru,60.076037,10.887304
NSR:StopPlace:4762,Traneveien,59.499943,10.686256
NSR:StopPlace:4763,Krokfoss,60.132013,11.082147
NSR:StopPlace:4765,Brevikbukta,59.510705,10.685591
NSR:StopPlace:4766,Søndre Åneby,60.082776,10.880629
NSR:StopPlace:4767,Norittveien,59.515721,10.692476
NSR:StopPlace:4768,Taugland,60.13431,11.100891
NSR:StopPlace:4769,Kruttverkveien,60.054572,10.860657
NSR:StopPlace:4770,Bokfinkveien,59.513353,10.692127
NSR:StopPlace:4771,Åneby,60.089416,10.872822
NSR:StopPlace:4772,Tyttebæråsen,59.509087,10.698967
NSR:StopPlace:4773,Åstad,60.138133,11.109295
NSR:StopPlace:4775,Røsslyngåsen,59.511665,10.697958
NSR:StopPlace:4776,Bliksrud,60.094917,10.868305
NSR:StopPlace:4778,Hovin skole,60.148044,11.128086
NSR:StopPlace:4779,Nittedal stasjon,60.057902,10.864097
NSR:StopPlace:4783,Gamle Algarheimsveg,60.138061,11.221012
NSR:StopPlace:4784,Fossen,60.102366,10.863522
NSR:StopPlace:4785,Linerleveien,59.503901,10.69442
NSR:StopPlace:4786,Åneby stasjon,60.086119,10.862778
NSR:StopPlace:4787,Måkeveien,59.498309,10.690017
NSR:StopPlace:4788,Rismovegen,60.136446,11.223789
NSR:StopPlace:4789,Kruttverket,60.050674,10.859066
NSR:StopPlace:4790,Nordliveien,59.790951,10.947694
NSR:StopPlace:4791,Varingskollen,60.107264,10.854798
NSR:StopPlace:4792,Bjørkeli,60.133051,11.229878
NSR:StopPlace:4793,Høgda,59.797087,10.939612
NSR:StopPlace:4794,Løvstad,60.110667,10.84703
NSR:StopPlace:4795,Sagstua,59.799535,10.933045
NSR:StopPlace:4796,Habbarstad,60.132828,11.245261
NSR:StopPlace:4798,Krokhol,59.802048,10.927132
NSR:StopPlace:4799,Sørmarka,59.811365,10.909609
NSR:StopPlace:4800,Sagstua,60.117249,10.837435
NSR:StopPlace:4801,Ekornrud,60.130045,11.240174
NSR:StopPlace:4802,Frogner,59.689336,10.864435
NSR:StopPlace:4803,Hakadal stasjon,60.117705,10.829292
NSR:StopPlace:4804,Bråte,59.685897,10.868986
NSR:StopPlace:4805,Hakadals verk,60.122124,10.8248
NSR:StopPlace:4806,Mogreinakrysset,60.232032,11.17585
NSR:StopPlace:4807,Høysletta,59.705906,10.844395
NSR:StopPlace:4808,Haug,60.125197,10.82103
NSR:StopPlace:4809,Frogner nordre,59.693489,10.860022
NSR:StopPlace:4810,Herregårdshuset sykehjem,60.241191,11.192968
NSR:StopPlace:4811,Herzeth,60.127225,10.816447
NSR:StopPlace:4812,Eplehagen,59.71266,10.839849
NSR:StopPlace:4813,Elnesveien,60.131529,10.811379
NSR:StopPlace:4814,Leikvollen,59.714318,10.838171
NSR:StopPlace:4815,Mogreina skole,60.228764,11.16727
NSR:StopPlace:4816,Kongskog,60.1335,10.810965
NSR:StopPlace:4817,Regnbuen,59.768296,10.841497
NSR:StopPlace:4818,Rulse,60.090143,10.87954
NSR:StopPlace:4819,Snipetjernveien,59.770691,10.846411
NSR:StopPlace:4820,Elstad sykehjem,60.207256,11.149747
NSR:StopPlace:4821,Staven,60.090353,10.887811
NSR:StopPlace:4822,Bøleråsen skole,59.763943,10.855195
NSR:StopPlace:4824,Blåklokkelia,59.765513,10.866836
NSR:StopPlace:4825,Melbykrysset,60.216882,11.138007
NSR:StopPlace:4826,Gunhildstua,60.094858,10.884283
NSR:StopPlace:4827,Blåbærveien,59.762189,10.861439
NSR:StopPlace:4828,Kirkebyhaugen,60.099605,10.881337
NSR:StopPlace:4829,Kløversvingen,59.76121,10.844927
NSR:StopPlace:4830,Kloppeløkken,60.204988,11.165626
NSR:StopPlace:4831,Klokkertoppen,60.106969,10.87529
NSR:StopPlace:4832,Jettegryta,59.763272,10.846883
NSR:StopPlace:4833,Kirkerud,60.111055,10.867281
NSR:StopPlace:4834,Bregnefaret,59.763992,10.850544
NSR:StopPlace:4835,Tøyen,60.112898,10.86163
NSR:StopPlace:4836,Mogreina,60.227835,11.167165
NSR:StopPlace:4837,Bøleråsen,59.766998,10.866881
NSR:StopPlace:4838,Tøyenhaugen,60.11461,10.858923
NSR:StopPlace:4839,Midtsjø,59.726475,10.884646
NSR:StopPlace:4840,Elstadmoen,60.221526,11.164531
NSR:StopPlace:4841,Grønvold,60.116063,10.855734
NSR:StopPlace:4842,Nordre Midtsjø,59.731178,10.891961
NSR:StopPlace:4843,Hellerudhaugen,60.118077,10.852762
NSR:StopPlace:4844,Vasshagan,59.733857,10.897651
NSR:StopPlace:4845,Bjørtomthagen,60.212295,11.163618
NSR:StopPlace:4847,Stokstad,59.734066,10.90711
NSR:StopPlace:4848,Dalskrysset,60.006039,10.94733
NSR:StopPlace:4849,Bjørnebråten,59.738359,10.935346
NSR:StopPlace:4850,Myrhus,60.104576,11.194245
NSR:StopPlace:4851,Tingelstad,60.008921,10.9547
NSR:StopPlace:4852,Finstad hageby,59.711189,10.824185
NSR:StopPlace:4853,Lønsvoll,60.012863,10.966744
NSR:StopPlace:4854,Finstad,59.71241,10.83142
NSR:StopPlace:4855,Nygård,60.192816,11.174866
NSR:StopPlace:4857,Eikeliveien,59.713637,10.835828
NSR:StopPlace:4859,Ski stasjon vest,59.71871,10.832265
NSR:StopPlace:4860,Bondal,60.239197,11.190702
NSR:StopPlace:4861,Kjærstadsletta,60.105457,11.050643
NSR:StopPlace:4863,Korsmo,60.101774,11.050154
NSR:StopPlace:4864,Kråkstad plantesenter,59.678721,10.862721
NSR:StopPlace:4865,Risebro,60.23754,11.171044
NSR:StopPlace:4866,Tori,60.101694,11.059989
NSR:StopPlace:4868,Bjastad,59.676272,10.872898
NSR:StopPlace:4869,Reinlendersnippen,60.1041,11.207962
NSR:StopPlace:4870,Heni,60.098664,11.047654
NSR:StopPlace:4871,Holt,59.649392,10.876221
NSR:StopPlace:4872,Kankedalen,60.097138,11.039101
NSR:StopPlace:4873,Glenneveien,59.669711,10.872205
NSR:StopPlace:4874,Skomakersvingen,60.10202,11.210502
NSR:StopPlace:4875,Hellen bru,60.089693,11.040672
NSR:StopPlace:4876,Dyrerud,59.6645,10.872337
NSR:StopPlace:4877,Krogvold,60.080867,11.036389
NSR:StopPlace:4878,Neskrysset,59.648189,10.891332
NSR:StopPlace:4879,Skansen,59.662893,10.888276
NSR:StopPlace:4880,Askjordet,60.074956,11.032602
NSR:StopPlace:4881,Borgenvegen,60.097611,11.213404
NSR:StopPlace:4882,Rabben,59.807324,10.881572
NSR:StopPlace:4883,Bråtasletta,60.045642,11.052616
NSR:StopPlace:4884,Saga,59.802338,10.881572
NSR:StopPlace:4885,Borgen idrettsplass,60.096643,11.22038
NSR:StopPlace:4886,Fjelly,60.035431,11.047807
NSR:StopPlace:4887,Grønslett,59.797897,10.882963
NSR:StopPlace:4888,Flatner,60.032025,11.045071
NSR:StopPlace:4889,Siggerud gård,59.796048,10.884954
NSR:StopPlace:4890,Oppen,60.103555,11.205062
NSR:StopPlace:4891,Gjerdrum ungdomsskole,60.072413,11.026821
NSR:StopPlace:4892,Ask terminal,60.071997,11.034487
NSR:StopPlace:4893,Siggerud,59.791205,10.88865
NSR:StopPlace:4894,Siggerud sentrum,59.790958,10.881954
NSR:StopPlace:4896,Nystuen,60.065374,11.040819
NSR:StopPlace:4897,Tangenhagen,59.787076,10.893308
NSR:StopPlace:4898,Fjellstaddalen,60.057447,11.042327
NSR:StopPlace:4899,Asmyr,60.051472,11.047145
NSR:StopPlace:4901,Måltrostveien,59.790966,10.87341
NSR:StopPlace:4903,Kullebunn,59.785605,10.896832
NSR:StopPlace:4904,Orvegen,60.079274,11.0186
NSR:StopPlace:4905,Nordløkka nord,59.783087,10.901593
NSR:StopPlace:4906,Kverndalen,60.148927,11.151268
NSR:StopPlace:4907,Kulsrudgutua,60.077479,11.021871
NSR:StopPlace:4908,Nordløkka,59.781402,10.906015
NSR:StopPlace:4909,Bjørklundvegen,60.075111,11.025755
NSR:StopPlace:4910,Bru,59.778989,10.91054
NSR:StopPlace:4911,Veståsen skole,60.084098,10.999302
NSR:StopPlace:4912,Gravhaugen,60.151094,11.136977
NSR:StopPlace:4913,Grønlund,60.075181,11.004638
NSR:StopPlace:4914,Langseth,59.773589,10.914355
NSR:StopPlace:4915,Kniplia,60.070059,11.013384
NSR:StopPlace:4916,Haugsletta,60.150613,11.144573
NSR:StopPlace:4917,Karlsrud,59.768382,10.917721
NSR:StopPlace:4918,Fjellgrinna,60.070131,11.020996
NSR:StopPlace:4919,Vellumstad,59.766693,10.922524
NSR:StopPlace:4920,Furulundvegen,60.073774,11.029159
NSR:StopPlace:4921,Rønnegrinda,60.081181,11.017683
NSR:StopPlace:4922,Østre Solberg,59.762391,10.925579
NSR:StopPlace:4923,Gjestad øst,60.143884,11.162319
NSR:StopPlace:4924,Rud,60.085325,11.01984
NSR:StopPlace:4925,Kile,59.75786,10.929405
NSR:StopPlace:4926,Fossum,60.088497,11.024852
NSR:StopPlace:4927,Boger gård,59.75176,10.933773
NSR:StopPlace:4928,Jessheimkrysset,60.143217,11.168885
NSR:StopPlace:4929,Åmotsgutua,60.092918,11.025279
NSR:StopPlace:4930,Skeidarkollen,59.748995,10.933934
NSR:StopPlace:4931,Vestby skole,60.09631,11.022277
NSR:StopPlace:4932,Stubberud,59.745473,10.937461
NSR:StopPlace:4933,Veiberg,60.14238,11.172444
NSR:StopPlace:4934,Kokstad nedre,60.099903,11.029662
NSR:StopPlace:4935,Jørgenrud,59.743569,10.939877
NSR:StopPlace:4936,Kokstad øvre,60.098988,11.032429
NSR:StopPlace:4937,Gjedsjø skole,59.739751,10.946291
NSR:StopPlace:4938,Olstaddalen,60.078221,11.078811
NSR:StopPlace:4940,Gjedsjø,59.740912,10.940744
NSR:StopPlace:4941,Hammer,60.075651,11.067808
NSR:StopPlace:4942,Askhellinga,60.075961,11.045313
NSR:StopPlace:4943,Humleveien,59.725287,10.82907
NSR:StopPlace:4945,Nes,59.733,10.917189
NSR:StopPlace:4946,Svendsrud bru,60.076044,11.058829
NSR:StopPlace:4948,Bekkeberget,60.087416,10.999392
NSR:StopPlace:4950,Åmotshagan,60.081908,10.999869
NSR:StopPlace:4952,Asper bro,59.672467,10.888172
NSR:StopPlace:4953,Hungerholt,60.079213,11.001275
NSR:StopPlace:4954,Vestby,60.100112,11.022029
NSR:StopPlace:4955,Asperudveien,59.667715,10.90147
NSR:StopPlace:4956,Henrik Bulls veg,60.143735,11.186022
NSR:StopPlace:4957,Gjersenga,59.737217,10.967045
NSR:StopPlace:4958,Eikeberg,60.101973,11.004344
NSR:StopPlace:4960,Skei,60.101614,11.014021
NSR:StopPlace:4961,Jessheim stasjon,60.141896,11.176129
NSR:StopPlace:4962,Kontra,59.722168,10.857602
NSR:StopPlace:4963,Gisti,60.095682,11.003917
NSR:StopPlace:4964,Ski skole,59.721539,10.845239
NSR:StopPlace:4965,Sandum,60.104367,11.083939
NSR:StopPlace:4966,Dampsaga allé,60.140936,11.180729
NSR:StopPlace:4967,Myrstubben,59.719007,10.817102
NSR:StopPlace:4968,Torshaug,60.098765,11.085817
NSR:StopPlace:4969,Vilbergveien,59.720245,10.824293
NSR:StopPlace:4971,Myrveien,59.720082,10.815852
NSR:StopPlace:4973,Dølihagan,60.134651,11.167047
NSR:StopPlace:4976,Brynildsen,60.094719,11.087801
NSR:StopPlace:4977,Ski næringspark,59.716207,10.866879
NSR:StopPlace:4978,Julius Dahls veg,60.140614,11.192263
NSR:StopPlace:4979,Gjerdrum kirke,60.088931,11.086858
NSR:StopPlace:4981,Vangsdalskrysset,60.087207,11.084598
NSR:StopPlace:4982,St. Hansveien,59.723023,10.829145
NSR:StopPlace:4984,Smedstad,60.085503,11.083505
NSR:StopPlace:4985,Fjellklangveien,59.725887,10.825337
NSR:StopPlace:4986,Gjerdrum meieri,60.081995,11.085299
NSR:StopPlace:4987,Ski middelalderkirke,59.722783,10.863201
NSR:StopPlace:4988,Averstad,60.077297,11.10927
NSR:StopPlace:4990,Herusti,59.725346,10.876746
NSR:StopPlace:4991,Nitteberg,60.115936,11.083944
NSR:StopPlace:4992,Ski stasjon Jernbaneveien,59.719096,10.83576
NSR:StopPlace:4993,Smedhaugen,60.114133,11.086758
NSR:StopPlace:4994,Dragvoll,60.115562,11.144477
NSR:StopPlace:4996,Rogstad,60.109763,11.089429
NSR:StopPlace:4997,Lysneveien,59.72573,10.822554
NSR:StopPlace:4998,KB-senteret,60.072108,11.135802
NSR:StopPlace:4999,Lystad,60.106592,11.138817
NSR:StopPlace:5000,Øvre Hebekk barnehage,59.725749,10.819576
NSR:StopPlace:5001,Kløfta stasjon,60.07493,11.138586
NSR:StopPlace:5002,Industriveien,59.712636,10.855388
NSR:StopPlace:5003,Bakke,60.066619,11.132901
NSR:StopPlace:5004,Trøgstad,60.12488,11.15467
NSR:StopPlace:5005,Løkkåsveien,59.713669,10.848573
NSR:StopPlace:5006,Legesentret,60.071747,11.13844
NSR:StopPlace:5007,Folkets hus,59.717632,10.815997
NSR:StopPlace:5008,Romerikssenteret,60.076902,11.13643
NSR:StopPlace:5009,Fjell,59.786978,10.956861
NSR:StopPlace:5010,Bakkevegen,60.069409,11.134367
NSR:StopPlace:5011,Jessheim vgs.,60.146656,11.162477
NSR:StopPlace:5012,Øvre Hebekk,59.726926,10.819586
NSR:StopPlace:5013,Hilton,60.063367,11.124247
NSR:StopPlace:5014,Statfram,60.069995,11.126323
NSR:StopPlace:5015,Smia,60.099668,11.139715
NSR:StopPlace:5019,Isingrudkrysset,60.064816,11.14698
NSR:StopPlace:5021,Trandum,60.212162,11.119346
NSR:StopPlace:5022,Nybakk,60.123312,11.303188
NSR:StopPlace:5023,Granly,59.727346,10.81645
NSR:StopPlace:5024,Majorseter,60.233254,11.213074
NSR:StopPlace:5025,Slettaveien,59.722642,10.814031
NSR:StopPlace:5026,Flystasjonvegen,60.208714,11.114406
NSR:StopPlace:5027,Myrveien Øvre,59.726461,10.81361
NSR:StopPlace:5028,Langbakk,60.113701,11.288913
NSR:StopPlace:5029,Østli,60.232124,11.155283
NSR:StopPlace:5030,Nybrottveien vest,59.725139,10.813713
NSR:StopPlace:5031,Fløtten,60.228077,11.151115
NSR:StopPlace:5033,Lund skole,60.101219,11.261595
NSR:StopPlace:5034,Fløgstad,60.21972,11.140957
NSR:StopPlace:5036,Sætreringen,60.238777,11.200411
NSR:StopPlace:5037,Linjeveien,59.711276,10.835332
NSR:StopPlace:5038,Wethal,60.09406,11.283423
NSR:StopPlace:5039,Finstadtunet,59.708151,10.840697
NSR:StopPlace:5041,Ellingsrudlia,59.705944,10.847119
NSR:StopPlace:5042,Korslund,60.179036,11.215456
NSR:StopPlace:5043,Vardekrysset,60.240883,11.19484
NSR:StopPlace:5044,Snippen,60.091282,11.250325
NSR:StopPlace:5045,Furuveien,59.710744,10.843619
NSR:StopPlace:5046,Hauerseter stasjon,60.18712,11.196261
NSR:StopPlace:5047,Røys,59.660252,10.943338
NSR:StopPlace:5049,Vinsnes,59.941508,11.118776
NSR:StopPlace:5050,Nafstad,60.089894,11.225899
NSR:StopPlace:5051,Hanakropp,59.65374,10.940832
NSR:StopPlace:5052,Furulund,59.938902,11.133244
NSR:StopPlace:5053,Skotbu,59.665246,10.946866
NSR:StopPlace:5055,Holum,60.092733,11.137401
NSR:StopPlace:5056,Gjevikbakkene,59.778579,10.924656
NSR:StopPlace:5057,Foss,59.933379,11.133927
NSR:StopPlace:5058,Gjevikveien,59.78074,10.939779
NSR:StopPlace:5059,Furukollen,59.94142,11.155042
NSR:StopPlace:5060,Åreppen skole,60.08628,11.131744
NSR:StopPlace:5061,Rausjøveien,59.78891,10.954106
NSR:StopPlace:5062,Gråorveien,59.946872,11.15366
NSR:StopPlace:5063,Stasjonsveien,59.681012,10.883691
NSR:StopPlace:5064,Røsslyngveien,59.943881,11.152188
NSR:StopPlace:5065,Sigtunet,59.68231,10.879785
NSR:StopPlace:5066,Vitåsen,59.940831,11.149127
NSR:StopPlace:5067,Verkensvegen,60.137981,11.173428
NSR:StopPlace:5068,Kråkstad skole,59.678548,10.884424
NSR:StopPlace:5069,Svingen stasjon,59.928787,11.177324
NSR:StopPlace:5070,Rolandsveien,59.815638,10.904876
NSR:StopPlace:5071,Mittskog,59.86053,11.32012
NSR:StopPlace:5072,Skinnerudvegen,60.082292,11.134375
NSR:StopPlace:5073,Rolborg,59.784443,10.963103
NSR:StopPlace:5074,Skjønberg,59.872273,11.084163
NSR:StopPlace:5075,Bindingsvann,59.782055,10.971377
NSR:StopPlace:5076,Nordby skole,59.864874,11.092729
NSR:StopPlace:5077,Furuberget,59.778936,10.977785
NSR:StopPlace:5078,Tomter,59.862027,11.094579
NSR:StopPlace:5079,Averstadmoen,60.079388,11.13629
NSR:StopPlace:5080,Fjellstadfeltet,59.857438,11.096637
NSR:StopPlace:5081,Langhus stasjon,59.749661,10.837436
NSR:StopPlace:5082,Ødegårdsveien,59.752585,10.844589
NSR:StopPlace:5083,Jahr,59.883309,11.091774
NSR:StopPlace:5085,Grinitajet,59.879273,11.088365
NSR:StopPlace:5086,Langhus senter,59.755406,10.845303
NSR:StopPlace:5087,Kvakestad,59.736884,10.842036
NSR:StopPlace:5088,Lund,59.924639,11.072564
NSR:StopPlace:5089,Måstad,60.089462,11.235846
NSR:StopPlace:5090,Sundhagen,59.928303,11.069908
NSR:StopPlace:5091,Vevelstad stasjon,59.756525,10.839365
NSR:StopPlace:5092,Aamodt,59.931564,11.068203
NSR:StopPlace:5093,Vevelstadåsen,59.758155,10.84692
NSR:StopPlace:5094,Orderud,59.945102,11.049516
NSR:StopPlace:5096,Lundsletta,60.09825,11.258945
NSR:StopPlace:5097,Borgen,59.942015,11.058895
NSR:StopPlace:5098,Vevelstadlia,59.759547,10.845629
NSR:StopPlace:5099,Aamodttoppen,59.933619,11.068476
NSR:StopPlace:5100,Vevelstad gård,59.761411,10.843117
NSR:StopPlace:5101,Logn,59.939008,11.062473
NSR:StopPlace:5102,Berghagan,59.763724,10.842967
NSR:StopPlace:5103,Gamlevegen,60.076527,11.127906
NSR:StopPlace:5104,Furukollen,59.945575,11.030534
NSR:StopPlace:5105,Regnbueveien,59.772367,10.850085
NSR:StopPlace:5106,Karibekken,59.844218,11.128903
NSR:StopPlace:5107,Stenfelt,59.758842,10.817159
NSR:StopPlace:5108,Reierstad,60.110543,11.301016
NSR:StopPlace:5109,Fjerdingby,59.922115,11.071974
NSR:StopPlace:5110,Gamle Vevelstadvei,59.753423,10.829601
NSR:StopPlace:5112,Stenfeltlia,59.761309,10.822429
NSR:StopPlace:5113,Marikollen,59.924114,11.065252
NSR:StopPlace:5115,Kauserudkrysset,60.088967,11.263379
NSR:StopPlace:5116,Rælingen rådhus,59.926157,11.066821
NSR:StopPlace:5120,Rælingsbrua,59.951455,11.037113
NSR:StopPlace:5121,Ormstad,60.07777,11.277015
NSR:StopPlace:5123,Dammensvika,59.949772,11.04035
NSR:StopPlace:5124,Steinsleppen,59.741667,10.825298
NSR:StopPlace:5125,Hagastubakken,59.942012,11.050631
NSR:StopPlace:5126,Ingjersmyr,60.090819,11.255764
NSR:StopPlace:5128,Øgardshøgda,59.93859,11.054614
NSR:StopPlace:5129,Ramstad terrasse,59.745249,10.845336
NSR:StopPlace:5130,Norum,59.93496,11.059118
NSR:StopPlace:5131,Retvedt,59.654875,10.919162
NSR:StopPlace:5132,Dovre fabrikker,59.929673,11.060454
NSR:StopPlace:5135,Rud skole,59.944997,11.042083
NSR:StopPlace:5136,Li,59.659506,10.910439
NSR:StopPlace:5137,Petrinehøy,59.946182,11.035126
NSR:StopPlace:5139,Brokkenhus,59.817914,10.898271
NSR:StopPlace:5140,Smestad skole,59.907942,11.089942
NSR:StopPlace:5142,Holt,59.911698,11.083432
NSR:StopPlace:5143,Tusenfryd,59.749263,10.781589
NSR:StopPlace:5144,Narvestad,59.851185,11.108658
NSR:StopPlace:5146,Bye,59.854004,11.099778
NSR:StopPlace:5147,Fålesloråsen,59.751235,10.78167
NSR:StopPlace:5148,Eikeliveien,59.952093,11.034463
NSR:StopPlace:5149,Ås videregående skole,59.664597,10.796556
NSR:StopPlace:5150,Linjeveien,59.952119,11.024799
NSR:StopPlace:5153,Stalsberghagen,59.94577,11.01999
NSR:StopPlace:5154,Vinterbro,59.739755,10.776593
NSR:StopPlace:5155,Øvre Strømsdal,59.945591,11.026612
NSR:StopPlace:5156,Kløfta bosenter,60.079262,11.128903
NSR:StopPlace:5157,Vinterbro senter,59.740428,10.770754
NSR:StopPlace:5158,Sæterveien,59.944384,11.028195
NSR:StopPlace:5159,Myrås,59.742042,10.77931
NSR:StopPlace:5160,Skytilveien,59.941086,11.024923
NSR:StopPlace:5161,Kveldroveien,59.734005,10.777674
NSR:StopPlace:5162,Løvenstad senter,59.938236,11.020993
NSR:StopPlace:5163,Aktivitetsvegen,60.151286,11.18814
NSR:StopPlace:5164,Sjøskogen,59.737352,10.763203
NSR:StopPlace:5165,Løvenstadvegen,59.935618,11.024528
NSR:StopPlace:5167,Sandbekkhallen,59.933029,11.027403
NSR:StopPlace:5168,Gystadmarka skole,60.152289,11.191828
NSR:StopPlace:5170,Blystadlia,59.931134,11.034452
NSR:StopPlace:5171,Askehaug,59.732571,10.740914
NSR:StopPlace:5172,Torgenholtet,59.937642,11.020094
NSR:StopPlace:5173,Vollebekk,59.664812,10.761025
NSR:StopPlace:5174,Kurlandsveien,59.93931,11.016755
NSR:StopPlace:5175,Fjellheim,60.198971,11.306024
NSR:StopPlace:5176,Fosterud,59.67622,10.745302
NSR:StopPlace:5177,Teigen,59.848579,11.116683
NSR:StopPlace:5178,Trosterud ved Årungen,59.681011,10.743256
NSR:StopPlace:5179,Årnesvegen,59.890425,11.100261
NSR:StopPlace:5180,Sentralholtet,59.667192,10.804995
NSR:StopPlace:5181,Musehogget,60.197377,11.300202
NSR:StopPlace:5182,Hektnereika,59.895421,11.098375
NSR:StopPlace:5183,Rustad skole,59.665453,10.809512
NSR:StopPlace:5184,Oppsal,59.90012,11.094644
NSR:StopPlace:5186,Grøndalen,60.19403,11.29445
NSR:StopPlace:5187,Engerhagan,59.902476,11.09279
NSR:StopPlace:5188,Melby,59.706732,10.771207
NSR:StopPlace:5189,Kirkeby,59.91633,11.080919
NSR:StopPlace:5191,Ramstad,59.886009,11.093225
NSR:StopPlace:5192,Rømåa,60.195899,11.286215
NSR:StopPlace:5194,Berger,59.725801,11.085503
NSR:StopPlace:5195,Furumoveien,59.640776,10.829628
NSR:StopPlace:5196,Enebakk sykehjem,59.731424,11.111177
NSR:StopPlace:5197,Kaksrud,59.613238,10.827633
NSR:StopPlace:5198,Stensby,60.192879,11.272128
NSR:StopPlace:5199,Bekkevold,59.727854,11.100362
NSR:StopPlace:5200,Rustadporten,59.662827,10.81825
NSR:StopPlace:5201,Ombergtoppen,59.727173,11.091862
NSR:StopPlace:5202,Helgestad,59.63664,10.827865
NSR:StopPlace:5203,Bjerklund,59.724667,11.079362
NSR:StopPlace:5204,Gudmundsrudteiet,60.147433,11.281661
NSR:StopPlace:5205,Svenskerud,59.723876,11.075487
NSR:StopPlace:5206,Universitetet i Ås,59.664864,10.772609
NSR:StopPlace:5208,Østby,59.722651,11.068342
NSR:StopPlace:5209,Nore,60.190316,11.265739
NSR:StopPlace:5210,Tangen bru,59.722362,11.055867
NSR:StopPlace:5211,Nyborgveien,59.67311,10.805542
NSR:StopPlace:5212,Tømmerbråten,59.734306,11.131173
NSR:StopPlace:5213,Holstad skole,59.684783,10.812333
NSR:StopPlace:5214,Nyeng,59.733172,11.147065
NSR:StopPlace:5215,Skuterudsletta,59.679733,10.81078
NSR:StopPlace:5216,Postmannsvingen,60.188264,11.264487
NSR:StopPlace:5217,Vik,59.737702,11.0165
NSR:StopPlace:5218,Holstad,59.689237,10.814712
NSR:StopPlace:5219,Barbøl,59.750203,11.142625
NSR:StopPlace:5220,Kjølstadhøgda,59.701759,10.82973
NSR:StopPlace:5222,Jødalsmosen,60.17339,11.305397
NSR:StopPlace:5223,Bjørnebekk,59.655624,10.8289
NSR:StopPlace:5224,Kronafeltet,59.758055,11.144305
NSR:StopPlace:5225,Danskerudbråten,59.652129,10.832557
NSR:StopPlace:5226,Gravveien,59.729681,11.005128
NSR:StopPlace:5227,Vestengen,60.165272,11.302297
NSR:StopPlace:5228,Danskerudveien,59.648725,10.831833
NSR:StopPlace:5229,Brevik,59.704211,11.149366
NSR:StopPlace:5230,Hammeren skole,59.753558,11.18418
NSR:StopPlace:5231,Egge,59.697478,10.773081
NSR:StopPlace:5232,Furuset kirke,60.158563,11.261861
NSR:StopPlace:5233,Nordre Mysen gård,59.748993,11.176546
NSR:StopPlace:5234,Klommestein,59.658895,10.681776
NSR:StopPlace:5235,Heier veistasjon,59.744503,11.167872
NSR:StopPlace:5236,Nordby kirke,59.71944,10.771885
NSR:StopPlace:5237,Løkengarasjen,59.769866,11.148574
NSR:StopPlace:5238,Nordby skole,59.7246,10.761959
NSR:StopPlace:5239,Furuset,60.156284,11.262023
NSR:StopPlace:5240,Flatebysenteret,59.828545,11.15373
NSR:StopPlace:5241,Siriusveien,59.725337,10.756395
NSR:StopPlace:5242,Hagenveien,59.83102,11.147652
NSR:StopPlace:5243,Tømmerveien,59.73139,10.750868
NSR:StopPlace:5244,Fredheimveien,59.832971,11.142992
NSR:StopPlace:5245,Tiursvingen,59.734414,10.75628
NSR:StopPlace:5246,Furuset syd,60.153261,11.261741
NSR:StopPlace:5247,Bjerke,59.834526,11.137742
NSR:StopPlace:5248,Askehaug gård,59.727252,10.75261
NSR:StopPlace:5249,Rud,59.834589,11.14762
NSR:StopPlace:5251,Linås,59.795489,11.187676
NSR:StopPlace:5253,Folkvang,60.148003,11.26212
NSR:StopPlace:5254,Sanner,59.7345,11.168871
NSR:StopPlace:5256,Nedre Sundby,59.7117,11.179692
NSR:StopPlace:5257,Solberg skole,59.718874,10.795529
NSR:StopPlace:5258,Fjellheim,59.703993,11.185647
NSR:StopPlace:5259,Algarheim,60.145359,11.258988
NSR:StopPlace:5260,Gamle Kongevei,59.723354,10.786538
NSR:StopPlace:5261,Tysdalstoppen,59.717985,11.178693
NSR:StopPlace:5262,Nordre Jaer,59.722009,11.178286
NSR:StopPlace:5263,Rydningen,59.649806,10.830022
NSR:StopPlace:5264,Ekebergdalen,59.771809,11.117883
NSR:StopPlace:5265,Grenseveien,59.719884,10.809779
NSR:StopPlace:5266,Oscar Christensens veg,60.142357,11.255343
NSR:StopPlace:5267,Ekeberg,59.769483,11.1195
NSR:StopPlace:5268,Granheimtunet,59.719569,10.801731
NSR:StopPlace:5269,Elverum,59.766251,11.124694
NSR:StopPlace:5270,Nygårdsåsen,59.720106,10.79127
NSR:StopPlace:5271,Østenbøl bru,59.764258,11.13277
NSR:StopPlace:5272,GA-terminalen,60.20004,11.073808
NSR:StopPlace:5273,Nygård,59.718921,10.78664
NSR:StopPlace:5274,Krokengveien,59.76255,11.137846
NSR:StopPlace:5275,Ås stasjon,59.663815,10.793933
NSR:StopPlace:5276,Flateby boligfelt,59.837417,11.14265
NSR:StopPlace:5277,Enebakk kirke,59.763814,11.146671
NSR:StopPlace:5278,Eldor,59.651592,10.806473
NSR:StopPlace:5279,Gardergutua,60.195652,11.07111
NSR:StopPlace:5280,Svartebekk,59.758615,11.165998
NSR:StopPlace:5281,Hogstvetveien,59.654998,10.800018
NSR:StopPlace:5282,Guslund,59.775926,11.160974
NSR:StopPlace:5283,Åsgård skole,59.664207,10.784624
NSR:StopPlace:5284,Hobøl,59.779198,11.168751
NSR:StopPlace:5286,Garder,60.193617,11.060322
NSR:StopPlace:5287,Flaputten,59.780546,11.173536
NSR:StopPlace:5289,Kigen,59.785326,11.176368
NSR:StopPlace:5290,Nesset,59.729243,10.733666
NSR:StopPlace:5291,Solberg,59.787846,11.180434
NSR:StopPlace:5292,Lilleplassen,60.190423,11.064866
NSR:StopPlace:5293,Nordbysaga,59.702443,10.7576
NSR:StopPlace:5294,Vaslestad,59.792518,11.183599
NSR:StopPlace:5295,Nordbysvingen,59.71737,10.776327
NSR:StopPlace:5296,Bolseth,59.761509,11.145415
NSR:StopPlace:5297,Hervakrysset,60.176909,11.084623
NSR:StopPlace:5298,Bekk,59.726533,10.731913
NSR:StopPlace:5300,Borud,59.700043,11.196891
NSR:StopPlace:5301,Bekkstrand,59.723368,10.729289
NSR:StopPlace:5302,Landskaug,59.763903,10.992873
NSR:StopPlace:5303,Bekkevold,59.719715,10.728959
NSR:StopPlace:5304,Nordre Brudalen,60.175373,11.092849
NSR:StopPlace:5305,Durud,59.757541,10.997905
NSR:StopPlace:5306,Fløyspjell,59.719961,10.72385
NSR:StopPlace:5307,Fjellstad,59.754505,11.000695
NSR:StopPlace:5308,Brønnerud skole,59.663394,10.74943
NSR:StopPlace:5309,Bakken,59.751138,11.003741
NSR:StopPlace:5310,Brudalen,60.170816,11.100496
NSR:StopPlace:5312,Råkendalen,59.744135,11.007955
NSR:StopPlace:5313,Råken,59.738652,11.008712
NSR:StopPlace:5314,Nyveien,59.661112,10.73815
NSR:StopPlace:5315,Omberg,59.81047,11.180305
NSR:StopPlace:5316,Tronstuløkka,60.164661,11.108479
NSR:StopPlace:5318,Hagen,59.806072,11.182762
NSR:StopPlace:5319,Haug,59.659339,10.725998
NSR:StopPlace:5320,Fløtten,59.802204,11.183955
NSR:StopPlace:5321,Holstad gård,59.658438,10.714813
NSR:StopPlace:5322,Gjestang,59.816355,11.175877
NSR:StopPlace:5323,Hannestad,60.159694,11.118018
NSR:StopPlace:5324,Vennersgård nord,59.657567,10.70825
NSR:StopPlace:5325,Sikkebøl,59.819222,11.169424
NSR:StopPlace:5326,Kroer kirke,59.638288,10.847113
NSR:StopPlace:5327,Stranden skole,59.821695,11.163547
NSR:StopPlace:5328,Sand,60.155185,11.126765
NSR:StopPlace:5329,Sundby,59.824525,11.160047
NSR:StopPlace:5330,Gjeddevannsveien,59.836223,11.128651
NSR:StopPlace:5331,Skoftestad,59.656414,10.694679
NSR:StopPlace:5332,Myhra,59.732149,11.116973
NSR:StopPlace:5333,Rødskrysset,59.632002,10.831393
NSR:StopPlace:5334,Gardermoen næringspark,60.166033,11.154548
NSR:StopPlace:5335,Gran,59.771522,10.984515
NSR:StopPlace:5336,Kjellås,59.736218,11.024045
NSR:StopPlace:5337,Topper vestre,59.601268,10.829278
NSR:StopPlace:5338,Vågvann,59.734244,11.026947
NSR:StopPlace:5339,Kroer skole,59.632867,10.850013
NSR:StopPlace:5340,Rensevegen,60.168807,11.127238
NSR:StopPlace:5341,Skovheim,59.730592,11.032813
NSR:StopPlace:5343,Vestby bru,59.724615,11.042593
NSR:StopPlace:5344,Revhaugkrysset,59.645215,10.833026
NSR:StopPlace:5346,Vågsenteret,59.723281,11.050747
NSR:StopPlace:5347,Kjærnes brygge,59.750651,10.724917
NSR:StopPlace:5348,Postterminalen øst,59.94094,10.947967
NSR:StopPlace:5349,Kjærnes,59.747472,10.731664
NSR:StopPlace:5350,Postterminalen vest,59.940749,10.942296
NSR:StopPlace:5352,Kjellveien,59.74345,10.740223
NSR:StopPlace:5353,Georg Stangs vei,59.933567,10.939594
NSR:StopPlace:5354,Ringneskrysset,59.756359,10.781794
NSR:StopPlace:5355,Snorres vei,59.930095,10.944883
NSR:StopPlace:5356,Teigen,59.620621,10.820178
NSR:StopPlace:5357,Oslo lufthavn,60.193473,11.097244
NSR:StopPlace:5358,Haralds vei,59.930079,10.952768
NSR:StopPlace:5359,Tandbergløkka,59.700488,10.845536
NSR:StopPlace:5361,Sagstuen,59.768002,10.693672
NSR:StopPlace:5362,Lørenskog sentrum,59.928653,10.953828
NSR:StopPlace:5364,Lørenskog sentrum,59.927594,10.953579
NSR:StopPlace:5365,Flyporten,60.18936,11.101392
NSR:StopPlace:5367,Lørenskog sentrum,59.927947,10.954844
NSR:StopPlace:5369,Bergerveien,59.917184,10.958294
NSR:StopPlace:5371,SAS tekniske,60.184931,11.097876
NSR:StopPlace:5372,Finstadsletta,59.914558,10.961097
NSR:StopPlace:5376,Garder veiskille,59.759079,10.697688
NSR:StopPlace:5377,Fridtjof Nansens veg øst,60.187789,11.10048
NSR:StopPlace:5378,Finstadlia,59.91474,10.967078
NSR:StopPlace:5379,Glenne veiskille,59.756267,10.699698
NSR:StopPlace:5380,Nesåsen,59.911613,10.975798
NSR:StopPlace:5382,Roald Amundsens veg,60.184406,11.088498
NSR:StopPlace:5383,Ahus,59.933367,10.993733
NSR:StopPlace:5384,Dal skole,59.745853,10.696845
NSR:StopPlace:5385,Fjellhamar stasjon,59.941166,10.981109
NSR:StopPlace:5386,Søndre Dal,59.736153,10.691744
NSR:StopPlace:5387,Fridtjof Nansens veg vest,60.188919,11.091017
NSR:StopPlace:5388,Arne Garborgs vei,59.936458,10.971557
NSR:StopPlace:5392,Clarion Hotel,60.193885,11.068664
NSR:StopPlace:5395,Fjellsrud skole,59.937458,10.978432
NSR:StopPlace:5396,Aspond,59.726712,10.577313
NSR:StopPlace:5397,Knatten,59.928184,10.96396
NSR:StopPlace:5398,Grande,59.669806,10.627553
NSR:StopPlace:5399,Onsrud,60.128827,11.282806
NSR:StopPlace:5400,Søndre Langåra,59.75342,10.564631
NSR:StopPlace:5401,Sørlihavna,59.919643,10.97716
NSR:StopPlace:5403,Triaden,59.918366,10.95415
NSR:StopPlace:5404,Fram,60.127012,11.296024
NSR:StopPlace:5406,Triaden,59.919959,10.954946
NSR:StopPlace:5407,Vallerudveien,59.918142,10.948723
NSR:StopPlace:5408,Lågøya,59.736738,10.568102
NSR:StopPlace:5409,Rasta skole,59.919777,10.938864
NSR:StopPlace:5410,Vilbergvegen,60.152718,11.131293
NSR:StopPlace:5412,Vallerudlia,59.915622,10.934463
NSR:StopPlace:5413,Søndre Hallangen,59.704082,10.618466
NSR:StopPlace:5414,Nordbyhagen,59.936014,10.991102
NSR:StopPlace:5415,Vestgårdsveien,59.718667,10.624022
NSR:StopPlace:5416,Fjellet,60.150765,11.306332
NSR:StopPlace:5418,Nordre Hallangen,59.71622,10.636388
NSR:StopPlace:5419,Vallerudtoppen,59.91198,10.940578
NSR:StopPlace:5420,Hallangshagen,59.715436,10.650634
NSR:StopPlace:5421,Tistilveien,59.913296,10.93093
NSR:StopPlace:5422,Rolstad,60.114283,11.303098
NSR:StopPlace:5423,Skydsrud,59.711715,10.665133
NSR:StopPlace:5424,Kleiva,59.917397,10.929226
NSR:StopPlace:5426,Røykås terrasse,59.924822,10.930534
NSR:StopPlace:5428,Nordkisa skole,60.190635,11.258977
NSR:StopPlace:5429,Vittenberg,59.93911,10.999715
NSR:StopPlace:5430,Bergertoppen,59.724056,10.695684
NSR:StopPlace:5431,Skogveien,59.933988,10.949767
NSR:StopPlace:5432,Holtbråten,59.719385,10.663197
NSR:StopPlace:5433,Håkons vei,59.935882,10.949205
NSR:StopPlace:5435,Lindeveien,59.939527,10.949179
NSR:StopPlace:5437,Kloppaveien,59.932873,10.982447
NSR:StopPlace:5438,Måna,59.695082,10.659093
NSR:StopPlace:5439,Dovre trygdesenter,59.93404,10.97278
NSR:StopPlace:5441,Frogn videregående skole,59.691376,10.659028
NSR:StopPlace:5442,Bårlibakken,59.936974,11.003191
NSR:StopPlace:5443,Sogsti skole,59.655358,10.641244
NSR:StopPlace:5444,Glitnegården,59.93351,11.001107
NSR:StopPlace:5445,Haver,59.648104,10.680419
NSR:StopPlace:5446,Hovelsrudveien,59.929395,10.997776
NSR:StopPlace:5448,Krogsrud,59.634178,10.669508
NSR:StopPlace:5450,Ermesjø,59.67457,10.699195
NSR:StopPlace:5451,Østbyveien,59.926551,10.991639
NSR:StopPlace:5452,Bakker bru,59.684025,10.711852
NSR:StopPlace:5453,Dalstua,60.12466,11.307215
NSR:StopPlace:5454,Lørenskog kirke,59.923934,10.984939
NSR:StopPlace:5455,Vassum,59.701666,10.738138
NSR:StopPlace:5456,Rolvsrud,59.924246,10.954155
NSR:StopPlace:5457,Hallangen veiskille,59.719145,10.621668
NSR:StopPlace:5458,Nordkisa,60.185794,11.26299
NSR:StopPlace:5459,Skåreråsen,59.921231,10.959278
NSR:StopPlace:5460,Jordveien,59.714612,10.622415
NSR:StopPlace:5462,Bekkeholtet,59.707001,10.620031
NSR:StopPlace:5463,Sørlitoppen,59.919594,10.973657
NSR:StopPlace:5464,Nordkisa syd,60.183874,11.26156
NSR:StopPlace:5465,Dalsbakken,59.751027,10.699403
NSR:StopPlace:5466,Løkenåsveien,59.917889,10.965993
NSR:StopPlace:5467,Skrytastubben,60.181991,11.264943
NSR:StopPlace:5468,Øierudåsen,59.652118,10.660035
NSR:StopPlace:5469,Glenneveien,59.919417,10.941479
NSR:StopPlace:5470,Rasta senter,59.923539,10.938386
NSR:StopPlace:5471,Øierud,59.650239,10.665032
NSR:StopPlace:5473,Ekebergveien,59.648955,10.666094
NSR:StopPlace:5474,Skryta,60.177932,11.26822
NSR:StopPlace:5475,Røykåsveien,59.928376,10.93517
NSR:StopPlace:5476,Haveråsveien,59.648557,10.668011
NSR:StopPlace:5477,Njåls vei,59.933317,10.935253
NSR:StopPlace:5478,Odalen,59.653318,10.647085
NSR:StopPlace:5479,Røykås nordre,59.928832,10.931606
NSR:StopPlace:5481,Austad,60.175231,11.265959
NSR:StopPlace:5482,Røykås,59.921438,10.931974
NSR:StopPlace:5483,Vestbyveien,59.654168,10.637068
NSR:StopPlace:5484,Sønnaveien,59.915514,10.929015
NSR:StopPlace:5486,Kleiva sør,59.914068,10.927736
NSR:StopPlace:5487,Havstad,59.77361,10.708027
NSR:StopPlace:5488,Muri,60.173717,11.264713
NSR:StopPlace:5489,Løkenåsfaret,59.918594,10.962263
NSR:StopPlace:5490,Solbukta,59.769997,10.708663
NSR:StopPlace:5491,Slora,59.766982,10.709594
NSR:StopPlace:5492,Visperud,59.935149,10.935005
NSR:StopPlace:5493,Nedre Glenne,59.759399,10.706075
NSR:StopPlace:5494,Visperud,59.93652,10.937029
NSR:StopPlace:5495,Stubberud,60.169539,11.26331
NSR:StopPlace:5496,Ullerud,59.666684,10.642206
NSR:StopPlace:5497,Lørenskog stasjon,59.944479,10.944906
NSR:StopPlace:5498,Digerud veikryss,59.723791,10.609156
NSR:StopPlace:5499,Strømsbergveien,59.942399,11.003237
NSR:StopPlace:5500,Stasjonsveien,59.945436,11.006536
NSR:StopPlace:5501,Digerud gård,59.721639,10.610375
NSR:StopPlace:5502,Julset,60.162191,11.262647
NSR:StopPlace:5503,Frydenlundsgata,59.948778,11.010931
NSR:StopPlace:5504,Digerud,59.720524,10.616314
NSR:StopPlace:5505,Huseby,59.692154,10.702179
NSR:StopPlace:5506,Frydenbergveien,59.942262,11.014045
NSR:StopPlace:5507,Stokstadvegen,60.166008,11.261704
NSR:StopPlace:5508,Strømmen storsenter,59.946961,11.00534
NSR:StopPlace:5509,Billitt,59.690129,10.694582
NSR:StopPlace:5510,Tomter,59.687503,10.679182
NSR:StopPlace:5511,Strømmen stasjon,59.948844,11.00181
NSR:StopPlace:5512,Skjetten senter,59.967817,10.999085
NSR:StopPlace:5513,Heer,59.685367,10.6611
NSR:StopPlace:5514,Skrythagen,60.179562,11.267547
NSR:StopPlace:5515,Bråtejordet,59.954268,11.000946
NSR:StopPlace:5516,Ottarsrud,59.684649,10.668145
NSR:StopPlace:5517,Olavsgaard,59.979161,11.001507
NSR:StopPlace:5518,Horgen,59.688692,10.733409
NSR:StopPlace:5519,Stokstad,60.156429,11.2893
NSR:StopPlace:5520,Svømmehallen,59.961317,10.996212
NSR:StopPlace:5521,Horgenmyra,59.685992,10.729104
NSR:StopPlace:5522,Hellerud,59.980591,10.972056
NSR:StopPlace:5523,Bakker gård,59.684704,10.717618
NSR:StopPlace:5524,Hellerudsletta,59.981454,10.979185
NSR:StopPlace:5525,Gosenveien,59.685233,10.725134
NSR:StopPlace:5526,Berg,60.16142,11.299361
NSR:StopPlace:5527,Plantasjen,59.981242,10.989053
NSR:StopPlace:5528,Røed,59.685773,10.705686
NSR:StopPlace:5530,Gislerud,59.679243,10.664034
NSR:StopPlace:5531,Guldhaug-Tømte,59.960975,10.983177
NSR:StopPlace:5532,Dyrløkke,59.673799,10.655641
NSR:StopPlace:5533,Jødal,60.168034,11.302584
NSR:StopPlace:5534,Nordens vei,59.967717,11.006426
NSR:StopPlace:5535,Rosbakkløkka,59.668142,10.659431
NSR:StopPlace:5536,Solvangen,59.97193,11.007013
NSR:StopPlace:5537,Fugleveien,59.667166,10.65956
NSR:StopPlace:5538,Tårnbyveien,59.973119,11.005031
NSR:StopPlace:5539,Trolldalen,59.664918,10.657699
NSR:StopPlace:5540,Mittun,60.17183,11.305645
NSR:StopPlace:5541,Breidablikk,59.962598,10.994735
NSR:StopPlace:5542,Dueveien,59.663864,10.655631
NSR:StopPlace:5543,Landskronaveien,59.968738,10.992827
NSR:StopPlace:5544,Skorkeberg,59.660042,10.649888
NSR:StopPlace:5545,Sagdalen skole,59.950916,11.011782
NSR:StopPlace:5546,Ullerudsletta,59.66993,10.648419
NSR:StopPlace:5547,Vardeåsen,60.020492,11.050994
NSR:StopPlace:5548,Algarheim skole,60.144899,11.251391
NSR:StopPlace:5549,Holterteigen,59.662717,10.646289
NSR:StopPlace:5550,Vardekroken,60.01906,11.047163
NSR:StopPlace:5551,Seiersten,59.667177,10.638446
NSR:StopPlace:5552,Vardeveien,60.016089,11.052117
NSR:StopPlace:5553,Seiersten skole,59.667566,10.63954
NSR:StopPlace:5554,Lurudveien,60.01092,11.047102
NSR:StopPlace:5555,Rulnes,60.140994,11.209878
NSR:StopPlace:5556,Lysne,59.665877,10.635624
NSR:StopPlace:5557,Berger geopark,60.015896,11.058726
NSR:StopPlace:5558,Grøndal,59.663326,10.63387
NSR:StopPlace:5559,Industriveien,60.009195,11.042263
NSR:StopPlace:5560,Lauten nordre,60.087785,11.181579
NSR:StopPlace:5561,Drøbak kirke,59.665214,10.628089
NSR:StopPlace:5562,Søndre Berger,60.011944,11.066966
NSR:StopPlace:5563,Hestefaret,60.006795,11.038968
NSR:StopPlace:5564,Skrivergårdskogen,59.667378,10.631385
NSR:StopPlace:5565,Sagdalen,59.957218,11.016122
NSR:StopPlace:5566,Drøbak brygge,59.657896,10.630166
NSR:StopPlace:5567,Løkendalen,60.097391,11.174678
NSR:StopPlace:5568,Tandberg,59.982674,11.015618
NSR:StopPlace:5569,Drøbak,59.660975,10.627811
NSR:StopPlace:5570,Kjellerholen,59.979592,11.013846
NSR:StopPlace:5572,Kjeller bru,59.980185,11.010683
NSR:StopPlace:5573,Oscarsborg vestre kai,59.674372,10.604247
NSR:StopPlace:5574,Flatby,60.097884,11.188694
NSR:StopPlace:5575,Kjeller,59.972787,11.042461
NSR:StopPlace:5576,Drøbak torg,59.663144,10.629608
NSR:StopPlace:5577,Vestengveien,59.974524,11.033075
NSR:StopPlace:5578,Storgata,59.660683,10.630023
NSR:StopPlace:5579,Fritidshuset,59.970804,11.048019
NSR:StopPlace:5580,Håøya,59.702023,10.568217
NSR:StopPlace:5581,Stokker,60.068385,11.2146
NSR:StopPlace:5582,Holtveien,59.976337,11.02368
NSR:StopPlace:5583,Nesoddtangen,59.870887,10.657175
NSR:StopPlace:5584,Åråsen,59.961377,11.060503
NSR:StopPlace:5586,Prestmoen,60.079274,11.147593
NSR:StopPlace:5587,Nesoddtangen,59.870676,10.656821
NSR:StopPlace:5588,St. Magnus plass,59.959727,11.056488
NSR:StopPlace:5590,Tangen terrasse,59.863929,10.662516
NSR:StopPlace:5591,Stortorget,59.957762,11.050772
NSR:StopPlace:5592,Ullensaker kirke,60.084256,11.163885
NSR:StopPlace:5593,Nedre Movei,59.866551,10.662022
NSR:StopPlace:5594,Roseveien,59.967162,11.065248
NSR:StopPlace:5595,Tangenåsen,59.856389,10.662589
NSR:StopPlace:5596,Villvinveien,59.972001,11.066977
NSR:StopPlace:5598,Ullensaker prestegård,60.081178,11.169131
NSR:StopPlace:5599,Nordre Hovin,59.931211,10.828496
NSR:StopPlace:5601,Postnord,59.934432,10.848387
NSR:StopPlace:5602,Flaskebekkrysset,59.850449,10.655829
NSR:StopPlace:5603,Postens godssenter,59.934228,10.851342
NSR:StopPlace:5604,Flaskebekk,59.860644,10.652967
NSR:StopPlace:5605,Skibakk,60.08074,11.153548
NSR:StopPlace:5606,Flaskebekktjernet,59.84816,10.654185
NSR:StopPlace:5607,Lindeberg,59.932874,10.882135
NSR:StopPlace:5608,Varden,59.841838,10.649301
NSR:StopPlace:5609,Lindeberg T,59.932881,10.880942
NSR:StopPlace:5610,Håkonskastet,59.837725,10.645674
NSR:StopPlace:5611,Lindeberghjemmet,59.930833,10.875911
NSR:StopPlace:5612,Ekko,60.076617,11.143275
NSR:StopPlace:5613,Jeriko skole,59.934974,10.885665
NSR:StopPlace:5614,Sjøstrand,59.851651,10.649003
NSR:StopPlace:5616,Skoklefall gård,59.841198,10.674122
NSR:StopPlace:5617,Ullinsheim,60.080954,11.182896
NSR:StopPlace:5619,Hellvikskog,59.841499,10.678356
NSR:StopPlace:5620,Furuset skole,59.937467,10.892263
NSR:StopPlace:5621,Skoklefall kirke,59.846084,10.671233
NSR:StopPlace:5622,Ullern,60.112659,11.147012
NSR:StopPlace:5624,Skoklekroken,59.848401,10.663396
NSR:StopPlace:5625,Furuset,59.941344,10.897107
NSR:StopPlace:5626,Ildjernet,59.843639,10.641273
NSR:StopPlace:5627,Furuset T,59.940427,10.8984
NSR:StopPlace:5628,Ommen,59.803635,10.60672
NSR:StopPlace:5629,Haug,60.10794,11.150521
NSR:StopPlace:5630,Nordre Gran,59.941875,10.902732
NSR:StopPlace:5632,Gransletta,59.944821,10.899685
NSR:StopPlace:5633,Fjellstrand,59.794136,10.606423
NSR:StopPlace:5634,Vestre Haugen,59.948412,10.896192
NSR:StopPlace:5635,Berger veiskille,59.831913,10.677646
NSR:StopPlace:5636,Haugsdyet,60.104316,11.153087
NSR:StopPlace:5638,Hellvik,59.842332,10.686758
NSR:StopPlace:5639,Ellingsrudåsen,59.936548,10.916765
NSR:StopPlace:5640,Solåsen,59.838862,10.688571
NSR:StopPlace:5641,Ellingsrudåsen T,59.936586,10.917157
NSR:StopPlace:5642,Bogstad,60.093381,11.160637
NSR:StopPlace:5643,Edvard Munchs vei,59.938953,10.91102
NSR:StopPlace:5644,Berger,59.833725,10.685266
NSR:StopPlace:5646,Ekelund,59.832464,10.681563
NSR:StopPlace:5647,Karihaugen,59.937585,10.92668
NSR:StopPlace:5648,Berger stadion,59.834999,10.676941
NSR:StopPlace:5649,Løken,60.096456,11.161412
NSR:StopPlace:5650,IKEA Furuset,59.934739,10.871241
NSR:StopPlace:5651,Sunnaas,59.835202,10.643512
NSR:StopPlace:5652,Sam Eydes vei,59.936839,10.880768
NSR:StopPlace:5653,Torneveien,59.746454,10.617535
NSR:StopPlace:5654,Alnaparkveien,59.939844,10.88099
NSR:StopPlace:5655,Bjørnemyr,59.831253,10.641248
NSR:StopPlace:5656,Brauta,60.089881,11.162021
NSR:StopPlace:5657,To vest,59.827917,10.63869
NSR:StopPlace:5658,Prof. Birkelands vei,59.943598,10.885079
NSR:StopPlace:5659,Fjordvangen,59.829783,10.678445
NSR:StopPlace:5660,Skjønhaug,59.92975,10.870017
NSR:StopPlace:5661,Alværn,59.821871,10.634238
NSR:StopPlace:5662,Trosterudkrysset,59.928057,10.86539
NSR:StopPlace:5663,Hauger,60.086712,11.162064
NSR:StopPlace:5665,Alværn ungdomsskole,59.820939,10.633676
NSR:StopPlace:5666,Karlstad,59.803435,10.66979
NSR:StopPlace:5668,Kjelsrud,59.932054,10.860624
NSR:StopPlace:5669,Bjerklund,59.80339,10.665541
NSR:StopPlace:5670,Myra nordre,59.802346,10.66064
NSR:StopPlace:5671,Kjelsrud,59.932858,10.859865
NSR:StopPlace:5673,Alfasetveien,59.937088,10.858548
NSR:StopPlace:5674,Myra søndre,59.801092,10.657229
NSR:StopPlace:5675,Kirkerud,59.795834,10.646878
NSR:StopPlace:5677,Trosterud,59.929102,10.864327
NSR:StopPlace:5678,Fjell gård,59.794967,10.6402
NSR:StopPlace:5680,Folkvangveien,59.941012,10.917624
NSR:StopPlace:5681,Toppåsveien,59.82809,10.803915
NSR:StopPlace:5682,Bjørnheim,59.942058,10.913089
NSR:StopPlace:5683,Nordbråtan,59.824951,10.804635
NSR:StopPlace:5684,Høystakkveien,59.946194,10.905186
NSR:StopPlace:5685,Liakollen,59.829351,10.799217
NSR:StopPlace:5687,Mortensrud,59.849323,10.829668
NSR:StopPlace:5688,Høybråten kirke,59.944504,10.910623
NSR:StopPlace:5689,Solbakken,59.944371,10.916811
NSR:StopPlace:5690,Mortensrud T,59.849605,10.829163
NSR:StopPlace:5691,Bikuben,59.944311,10.924565
NSR:StopPlace:5693,Aspervegen,60.109377,11.138659
NSR:StopPlace:5694,Karl Andersens vei,59.941618,10.92587
NSR:StopPlace:5695,Lofsrudhøgda,59.846521,10.828592
NSR:StopPlace:5696,Granliveien,59.940273,10.928583
NSR:StopPlace:5697,Brunas vei,59.843888,10.83012
NSR:StopPlace:5698,Fjellborg,59.942616,10.932097
NSR:StopPlace:5699,Blakkens vei,59.841518,10.831777
NSR:StopPlace:5700,Vardeheim,59.944625,10.930414
NSR:StopPlace:5701,Husåsskogen,60.251446,11.590676
NSR:StopPlace:5702,Oredalen,59.840018,10.828732
NSR:StopPlace:5703,Høybråten park,59.945771,10.933656
NSR:StopPlace:5704,Bjørnerud,59.843969,10.81909
NSR:StopPlace:5705,Rommen,59.962095,10.909373
NSR:StopPlace:5708,Grinner,60.225173,11.376654
NSR:StopPlace:5713,Mortensrudkrysset,59.850316,10.83289
NSR:StopPlace:5714,Sveiva,59.963455,10.901003
NSR:StopPlace:5715,Liavegen,60.238804,11.553433
NSR:StopPlace:5716,Dalsåsen,59.849933,10.835961
NSR:StopPlace:5717,Stenbråten,59.849582,10.824918
NSR:StopPlace:5718,Romsåsfoten,59.960549,10.895735
NSR:StopPlace:5719,Kantarellen legesenter,59.848728,10.816429
NSR:StopPlace:5720,Stovner,59.96223,10.923355
NSR:StopPlace:5721,Kantarellen terrasse,59.849075,10.814691
NSR:StopPlace:5722,Stovner T,59.961356,10.922736
NSR:StopPlace:5723,Togstad sør,60.229559,11.565999
NSR:StopPlace:5724,Kantarellen,59.85003,10.812803
NSR:StopPlace:5725,Øvre Fossum,59.958886,10.926535
NSR:StopPlace:5726,Tangen,59.847778,10.810379
NSR:StopPlace:5727,Olaus Fjørtofts vei,59.959455,10.930581
NSR:StopPlace:5728,Mortensrudkrysset,59.849446,10.836012
NSR:StopPlace:5729,Johnny Svorkmos vei,59.957266,10.934567
NSR:StopPlace:5730,Vestli,59.972727,10.92965
NSR:StopPlace:5731,Bjørnholt nedre,59.836367,10.835057
NSR:StopPlace:5732,Ingeborgrud,60.232087,11.51655
NSR:StopPlace:5733,Vestli T,59.971289,10.928446
NSR:StopPlace:5734,Bjørnholt øvre,59.83644,10.834156
NSR:StopPlace:5735,Gullberget,59.968616,10.922559
NSR:StopPlace:5736,Mina Beiteplukks vei,59.831854,10.834585
NSR:StopPlace:5737,Jacobine Ryes vei,59.966259,10.918791
NSR:StopPlace:5738,Nyjordet,59.831091,10.837549
NSR:StopPlace:5739,Rommi,59.96669,10.908031
NSR:StopPlace:5741,Bjørndal senter,59.825986,10.835639
NSR:StopPlace:5743,Meklenborg,59.823955,10.835577
NSR:StopPlace:5744,Bånkallstubben,59.973576,10.919206
NSR:StopPlace:5745,Bjørndal,59.821317,10.839773
NSR:StopPlace:5746,Tokerudbekken,59.975787,10.926944
NSR:StopPlace:5747,Fagerheim,60.238963,11.543866
NSR:StopPlace:5748,Langteigåsen,59.817967,10.839965
NSR:StopPlace:5750,Haugenstua torg,59.952743,10.908965
NSR:StopPlace:5751,Bjørnholt skole,59.834386,10.838123
NSR:StopPlace:5752,Haavard Martinsens vei,59.954607,10.898706
NSR:StopPlace:57543,Wankels vei,59.483815,10.692686
NSR:StopPlace:57544,Trosterud,59.653639,11.861601
NSR:StopPlace:57545,Os,59.664851,11.836257
NSR:StopPlace:57546,Bekkenga,59.675625,11.80058
NSR:StopPlace:57547,Rømskog NSB-garasje,59.757985,11.819975
NSR:StopPlace:57548,Lund i Rømskog,59.769994,11.816888
NSR:StopPlace:57549,Trandumsætrakrysset,59.775673,11.809163
NSR:StopPlace:5755,Jernkroken,59.954297,10.896968
NSR:StopPlace:57550,Skjønhaug,59.717919,11.79372
NSR:StopPlace:57551,Eidet,59.738764,11.803836
NSR:StopPlace:57552,Tørnby,59.744181,11.80599
NSR:StopPlace:57553,Rømskog skole,59.74898,11.811338
NSR:StopPlace:57554,Østkroken,59.751704,11.82302
NSR:StopPlace:57555,Trandum,59.755495,11.817834
NSR:StopPlace:57556,Ramberg,59.726301,11.784037
NSR:StopPlace:57557,Bunesvika,59.683867,11.795987
NSR:StopPlace:57558,Skolestua,59.745422,11.82318
NSR:StopPlace:57559,Hov,59.667154,11.313672
NSR:StopPlace:5756,Togstad,60.233842,11.561088
NSR:StopPlace:57560,Nygård,59.707436,11.294668
NSR:StopPlace:57561,Sletta,59.728922,11.287978
NSR:StopPlace:57562,Hvammer,59.73312,11.28318
NSR:StopPlace:57563,Fjell,59.751639,11.294149
NSR:StopPlace:57566,Slemmestad brygge,59.784527,10.4997
NSR:StopPlace:57567,Høvikvollen,59.729857,10.51044
NSR:StopPlace:57568,Høvik gård,59.726013,10.512229
NSR:StopPlace:57571,Eternitveien,59.784884,10.487258
NSR:StopPlace:57572,Nilsemarka,59.780301,10.479187
NSR:StopPlace:57573,Filtvet,59.573582,10.617578
NSR:StopPlace:5758,Smedstua,59.953057,10.913346
NSR:StopPlace:5759,Klemetsrud skole,59.834326,10.843405
NSR:StopPlace:57590,Gladbakk,60.088568,11.196372
NSR:StopPlace:5760,Haugenstua skole,59.953246,10.921981
NSR:StopPlace:5761,Maurtuveien,59.832342,10.851868
NSR:StopPlace:5762,Smiuvegen,59.952929,10.923778
NSR:StopPlace:5763,Solbakken,60.112773,11.355733
NSR:StopPlace:5764,Godheim,59.832856,10.860118
NSR:StopPlace:5765,Jorines vei,59.953024,10.928522
NSR:StopPlace:5766,Store Stensrud,59.828522,10.866492
NSR:StopPlace:5768,Stovnerfaret,59.954851,10.934182
NSR:StopPlace:5769,Hanåveien,59.823804,10.872364
NSR:StopPlace:5770,Tomteråsen,60.10866,11.371815
NSR:StopPlace:5771,Stovner bru,59.946888,10.939357
NSR:StopPlace:5772,Lille Stensrud,59.819825,10.876728
NSR:StopPlace:5773,Fjellstuveien,59.950213,10.938159
NSR:StopPlace:5774,Sværsvann bru,59.81777,10.889903
NSR:StopPlace:5775,Tjonerudveien,59.952305,10.938266
NSR:StopPlace:5776,Sværsvann,59.818393,10.887426
NSR:StopPlace:5777,Stovnerbakken,59.954683,10.935709
NSR:StopPlace:5778,Trekanten,60.09883,11.366789
NSR:StopPlace:5779,Engersbråten,59.81411,10.882205
NSR:StopPlace:5780,Romsås,59.962536,10.892702
NSR:StopPlace:5781,Dalssvingen,59.85026,10.837418
NSR:StopPlace:5782,Tiurleiken,59.963036,10.890149
NSR:StopPlace:5783,Romsås senter,59.964662,10.895318
NSR:StopPlace:5784,Udnes skole,60.090165,11.361078
NSR:StopPlace:5785,Orremyr,59.965199,10.898306
NSR:StopPlace:5786,Dalsroa,59.848263,10.840338
NSR:StopPlace:5787,Gangtunnelen,59.962218,10.896887
NSR:StopPlace:5788,Brenna,59.846428,10.84227
NSR:StopPlace:5789,Ravnkollen,59.965192,10.889476
NSR:StopPlace:5790,Bratli,59.844397,10.843675
NSR:StopPlace:5791,Ravnkollbakken,59.967022,10.890072
NSR:StopPlace:5792,Heimvard,60.219881,11.392608
NSR:StopPlace:5793,Romsås kirke,59.968399,10.890396
NSR:StopPlace:5794,Pasop,59.842337,10.846148
NSR:StopPlace:5795,Røverkollen,59.971822,10.899312
NSR:StopPlace:5796,Karlsrud T,59.879705,10.805825
NSR:StopPlace:5797,Øvre Svarttjern,59.971897,10.904371
NSR:StopPlace:5798,Lambertseter,59.873572,10.810222
NSR:StopPlace:5799,Fenstad garasje,60.22759,11.384454
NSR:StopPlace:5800,Svarttjern,59.969327,10.905618
NSR:StopPlace:5801,Lambertseter T,59.873479,10.810307
NSR:StopPlace:5802,Emanuelfjell,59.966822,10.90039
NSR:StopPlace:5803,Rødtvet,59.951383,10.859271
NSR:StopPlace:5804,Lambertseter senter,59.873447,10.812309
NSR:StopPlace:5805,Rødtvet T,59.950337,10.857056
NSR:StopPlace:5806,Norheim,60.223568,11.388786
NSR:StopPlace:5807,Gina Krogs vei,59.875321,10.816101
NSR:StopPlace:5809,Søndre Hellerud,59.871617,10.805615
NSR:StopPlace:5810,Kalbakken,59.954565,10.8668
NSR:StopPlace:58100,Hjortnes,59.910091,10.710329
NSR:StopPlace:5811,Lambertseterveien,59.871268,10.807075
NSR:StopPlace:5812,Flaen,59.954632,10.868257
NSR:StopPlace:5813,Vormsund,60.15392,11.41432
NSR:StopPlace:5814,Mylskerudveien,59.874953,10.805311
NSR:StopPlace:5815,Kalbakkveien,59.951492,10.865288
NSR:StopPlace:5816,Munkelia,59.86887,10.812663
NSR:StopPlace:58161,Prost Hallings vei,59.916345,10.819991
NSR:StopPlace:58162,Fougners vei,59.924802,10.781208
NSR:StopPlace:58163,Løren,59.929823,10.790303
NSR:StopPlace:5817,Kalbakkstubben,59.950534,10.86635
NSR:StopPlace:58174,Nordeng,59.723735,10.783672
NSR:StopPlace:5818,Munkelia T,59.868224,10.813342
NSR:StopPlace:5820,Kulmoen,60.144413,11.400842
NSR:StopPlace:5821,Langbølgen,59.865678,10.814422
NSR:StopPlace:5823,Bergkrystallen,59.867076,10.821721
NSR:StopPlace:5824,Sagstuveien,59.954149,10.880565
NSR:StopPlace:5825,Bergkrystallen T,59.866646,10.821941
NSR:StopPlace:5826,Grorud skole,59.958267,10.882789
NSR:StopPlace:5827,Stein skole,60.135775,11.374845
NSR:StopPlace:5828,Blåfjellet,59.869097,10.814899
NSR:StopPlace:5829,Ammerud,59.95827,10.87197
NSR:StopPlace:5830,Mellombølgen,59.86986,10.815426
NSR:StopPlace:5831,Ammerud T,59.95815,10.870634
NSR:StopPlace:5832,Glimmerveien,59.870331,10.820468
NSR:StopPlace:5833,Ammerud,59.957911,10.873611
NSR:StopPlace:5834,Feltspatveien,59.873032,10.820664
NSR:StopPlace:5835,Ammerudhellinga,59.962665,10.872447
NSR:StopPlace:5836,Delerud,60.131667,11.354574
NSR:StopPlace:5837,Marmorveien,59.874561,10.821691
NSR:StopPlace:5838,Ammerud skole,59.964443,10.87172
NSR:StopPlace:5839,Nylænde,59.875749,10.819444
NSR:StopPlace:5840,Alundamveien,59.966437,10.870197
NSR:StopPlace:5841,Seterbråten,59.83309,10.827867
NSR:StopPlace:5842,Breisjøgrenda,59.969009,10.871036
NSR:StopPlace:5844,Huken,59.971599,10.874024
NSR:StopPlace:5845,Åsly,60.137135,11.379865
NSR:StopPlace:5846,Ammerudlunden,59.960725,10.872155
NSR:StopPlace:5847,Ulsrud,59.889424,10.849649
NSR:StopPlace:5848,Grorud,59.961425,10.880775
NSR:StopPlace:5849,Ulsrud T,59.889643,10.849225
NSR:StopPlace:5850,Grorud T,59.960904,10.882942
NSR:StopPlace:5851,Østbyveien,59.888751,10.843321
NSR:StopPlace:5852,Råbukkvegen,60.132605,11.360109
NSR:StopPlace:5853,Jøranstien,59.888412,10.836292
NSR:StopPlace:5855,Ulsrudveien,59.89248,10.848821
NSR:StopPlace:5856,Grorudkrysset,59.959748,10.885694
NSR:StopPlace:5857,Østmarkveien,59.89175,10.854978
NSR:StopPlace:5858,Grorud senter,59.961715,10.882288
NSR:StopPlace:5859,Olav Nygards veg,59.888638,10.852258
NSR:StopPlace:5860,Furukollen,60.11403,11.493838
NSR:StopPlace:58603,Brånåslia,59.992934,11.026832
NSR:StopPlace:5861,Hagelundveien,59.965402,10.883543
NSR:StopPlace:5862,Bøler,59.884238,10.84539
NSR:StopPlace:5863,Skogstad,59.967991,10.882004
NSR:StopPlace:5864,Lillomarka barnehage,59.970066,10.876889
NSR:StopPlace:5865,Bøler T,59.883543,10.843903
NSR:StopPlace:5866,Bredtvet,59.946134,10.863117
NSR:StopPlace:5868,Minisuper`n,60.115098,11.492479
NSR:StopPlace:5872,Martin Linges vei,59.880368,10.839845
NSR:StopPlace:5874,Bogerud,59.87606,10.842064
NSR:StopPlace:5875,Nedre Kalbakkvei,59.942745,10.858996
NSR:StopPlace:5876,Sandbergvegen,60.105426,11.504984
NSR:StopPlace:5877,Bogerud T,59.875179,10.841964
NSR:StopPlace:5878,Nyland stasjon,59.944154,10.869993
NSR:StopPlace:5879,Welding Olsens vei,59.870498,10.847312
NSR:StopPlace:5880,Stanseveien,59.946832,10.877479
NSR:StopPlace:5882,Skullerudveien,59.867388,10.844159
NSR:StopPlace:5885,Skullerud,59.866545,10.840085
NSR:StopPlace:5887,Skullerud,59.866866,10.839944
NSR:StopPlace:5889,Grorud stasjon,59.950026,10.885128
NSR:StopPlace:5890,Sletnervegen,60.109183,11.537948
NSR:StopPlace:5891,Langerudhjemmet,59.869366,10.835847
NSR:StopPlace:5892,Bekkenstenveien,59.952862,10.886067
NSR:StopPlace:5895,Skullerudbakken,59.863953,10.837263
NSR:StopPlace:58968,Brages veg,60.170381,11.139327
NSR:StopPlace:5897,Skullerudkrysset,59.863551,10.83201
NSR:StopPlace:58977,Ørajordet,59.52853,10.689204
NSR:StopPlace:58978,Gretes vei,59.599992,10.701744
NSR:StopPlace:58979,Pepperstadmarka,59.604822,10.708553
NSR:StopPlace:5898,Ødegård,60.11065,11.52076
NSR:StopPlace:58981,Fossum snuplass,59.961213,10.621448
NSR:StopPlace:58993,Sætreskogen,59.769378,10.819366
NSR:StopPlace:5900,Ryen,59.895691,10.80488
NSR:StopPlace:5901,Vestbyveien,59.95282,10.890753
NSR:StopPlace:5902,Ryen T,59.895309,10.804539
NSR:StopPlace:5905,Økern,59.928244,10.80609
NSR:StopPlace:5906,Dragsjøvegen,60.112301,11.50126
NSR:StopPlace:5907,Økern T,59.928416,10.806762
NSR:StopPlace:5908,Bjørvika,59.908087,10.756836
NSR:StopPlace:5909,Ryenberget,59.897525,10.802618
NSR:StopPlace:5911,Ryensvingen,59.8944,10.805961
NSR:StopPlace:5913,Auli mølle,60.110133,11.553814
NSR:StopPlace:5914,Økern aldershjem,59.93255,10.808331
NSR:StopPlace:5915,Sandstuveien,59.891196,10.809791
NSR:StopPlace:5917,Manglerud,59.898015,10.812788
NSR:StopPlace:5919,Manglerud T,59.898123,10.81363
NSR:StopPlace:5920,Ulven torg,59.92559,10.811818
NSR:StopPlace:5921,Rolstad,60.23614,11.369492
NSR:StopPlace:5922,Risløkka,59.932473,10.822987
NSR:StopPlace:5923,Manglerud senter,59.896798,10.814195
NSR:StopPlace:5924,Traktorveien,59.900378,10.814382
NSR:StopPlace:5925,Risløkkalléen,59.930959,10.823332
NSR:StopPlace:5926,Manglerudveien,59.899908,10.803375
NSR:StopPlace:5927,Nedre Valstad,60.241825,11.356285
NSR:StopPlace:5928,Nedre Risløkka,59.930135,10.811833
NSR:StopPlace:5929,Furuveien,59.903443,10.80264
NSR:StopPlace:5930,Rabbeveien,59.932022,10.813881
NSR:StopPlace:5932,Anton Tschudis vei,59.935423,10.815466
NSR:StopPlace:5933,Lundliveien,59.935902,10.811368
NSR:StopPlace:5934,Ihle meieri,60.252821,11.341343
NSR:StopPlace:5935,Høyenhall,59.906183,10.819524
NSR:StopPlace:5936,Vollebekk,59.935919,10.831136
NSR:StopPlace:5937,Høyenhall T,59.906911,10.819333
NSR:StopPlace:59379,Welhavens gate,59.921483,10.730022
NSR:StopPlace:5938,Vollebekkveien,59.936876,10.825599
NSR:StopPlace:59380,Welhavens gate,59.921315,10.729769
NSR:StopPlace:5939,Bryn senter,59.904626,10.821791
NSR:StopPlace:5940,Orresvingen,60.216261,11.385749
NSR:StopPlace:5941,Kroklia,59.93711,10.819532
NSR:StopPlace:59421,Sars' gate,59.921554,10.771466
NSR:StopPlace:5943,Øvre Risløkka,59.938026,10.823523
NSR:StopPlace:5944,Rognerud,59.901921,10.825349
NSR:StopPlace:5945,Økernbråten,59.939963,10.825063
NSR:StopPlace:5946,Manglerud skole,59.8945,10.820919
NSR:StopPlace:5947,Linderud,59.940986,10.838503
NSR:StopPlace:59472,Hausmanns bru,59.914542,10.759995
NSR:StopPlace:5948,Skuronnveien,59.891925,10.821828
NSR:StopPlace:5949,Idrettsvegen,60.218813,11.389604
NSR:StopPlace:5950,Linderud T,59.941395,10.838548
NSR:StopPlace:5951,Treskeveien,59.889118,10.817973
NSR:StopPlace:5952,Linne hotell,59.93967,10.829521
NSR:StopPlace:5953,Abildsø,59.879916,10.825983
NSR:StopPlace:5954,Nedre Vollebekk,59.933637,10.827497
NSR:StopPlace:5955,Aulifeltet,60.03782,11.364678
NSR:StopPlace:59554,Rustad,59.729718,10.992326
NSR:StopPlace:59555,Rustadstuen,59.726884,11.000461
NSR:StopPlace:59556,Ski sykehus,59.724571,10.842363
NSR:StopPlace:59558,Fugleåsen,59.771875,10.852883
NSR:StopPlace:5956,Smedberg,59.884468,10.818378
NSR:StopPlace:59562,Jernbanetorget,59.910223,10.748502
NSR:StopPlace:5957,Siemens,59.937978,10.837374
NSR:StopPlace:59574,Tåsen senter,59.952784,10.751383
NSR:StopPlace:5958,Alléen,59.888132,10.814404
NSR:StopPlace:5959,Vollebekk,59.93602,10.833109
NSR:StopPlace:5960,Veitvetveien,59.940401,10.854854
NSR:StopPlace:5961,Bogerudmyra,59.881978,10.833922
NSR:StopPlace:59610,Nebbenes,60.312986,11.14736
NSR:StopPlace:59617,Høvik kirke,59.898777,10.577782
NSR:StopPlace:5962,Auli senter,60.033789,11.351624
NSR:StopPlace:59627,Steinbruddveien,59.541694,10.749111
NSR:StopPlace:59629,Sentralholtet,59.666158,10.806448
NSR:StopPlace:5963,Veitvet,59.944551,10.846992
NSR:StopPlace:5964,Lille Langerud,59.876185,10.828306
NSR:StopPlace:59644,Dal stasjon,60.248504,11.202104
NSR:StopPlace:5965,Veitvet,59.945474,10.844843
NSR:StopPlace:5966,Langerudveien,59.873769,10.829655
NSR:StopPlace:5967,Veitvetstubben,59.943708,10.841499
NSR:StopPlace:59675,Herslebs gate,59.919303,10.762265
NSR:StopPlace:5968,Godlia,59.907148,10.835914
NSR:StopPlace:59681,Sæter,59.86154,10.799881
NSR:StopPlace:59682,Holtet,59.881375,10.787053
NSR:StopPlace:59683,Ekeberg camping,59.898112,10.776101
NSR:StopPlace:59685,Ullevål sykehus,59.935963,10.73572
NSR:StopPlace:5970,Nylandsvegen,60.039793,11.370092
NSR:StopPlace:5971,Skøyenåsen,59.899003,10.836647
NSR:StopPlace:5972,Linderudsletta,59.944204,10.835776
NSR:StopPlace:59728,Sofienbergparken,59.923447,10.76121
NSR:StopPlace:5973,Skøyenåsen T,59.900554,10.836283
NSR:StopPlace:59734,Jernbanetorget,59.912244,10.749948
NSR:StopPlace:5974,Linderud senter,59.943705,10.836749
NSR:StopPlace:5975,Skøyenkroken,59.8977,10.83804
NSR:StopPlace:59756,Vinsnes,59.942954,11.123073
NSR:StopPlace:5976,Øvre Lunden,59.943153,10.828973
NSR:StopPlace:5977,Kjærnsmo,60.024586,11.406233
NSR:StopPlace:59777,Vinderen T,59.942868,10.705276
NSR:StopPlace:5978,Kolåsbakken,59.94441,10.832118
NSR:StopPlace:59781,Torshov,59.934608,10.764552
NSR:StopPlace:59782,Bryn skole,59.914005,10.822772
NSR:StopPlace:5979,Skøyenåsveien,59.899106,10.840899
NSR:StopPlace:5980,Haraldrudveien,59.924476,10.825681
NSR:StopPlace:5981,Skøyenlia,59.902051,10.841116
NSR:StopPlace:5982,Persveien,59.922818,10.816344
NSR:StopPlace:59832,Tinghuset,59.91515,10.741284
NSR:StopPlace:5984,Huserteiet,60.011608,11.4
NSR:StopPlace:59844,Trosterudkrysset,59.929461,10.865584
NSR:StopPlace:59846,Jar skole,59.920432,10.625651
NSR:StopPlace:5985,Travbanen,59.942212,10.811735
NSR:StopPlace:5988,Østensjø skole,59.899209,10.83227
NSR:StopPlace:59893,Sagene,59.93759,10.751066
NSR:StopPlace:5990,Refstadsvingen,59.941752,10.81689
NSR:StopPlace:59904,Øvre Sogn,59.956239,10.722106
NSR:StopPlace:5991,Oppsal kirke,59.900853,10.841977
NSR:StopPlace:5992,Aulitoppen,60.046425,11.376498
NSR:StopPlace:59921,Gaustadveien,59.953974,10.71788
NSR:StopPlace:59922,Gaustad sykehus,59.951167,10.716487
NSR:StopPlace:5993,Bjerkedalen park,59.940348,10.82215
NSR:StopPlace:5994,Oppsal,59.89291,10.840011
NSR:StopPlace:5995,Oppsal senter,59.893052,10.840537
NSR:StopPlace:5996,Brobekk,59.94416,10.817589
NSR:StopPlace:5997,Løypeveien,59.896345,10.841694
NSR:StopPlace:5998,Auli kapell,60.036929,11.398034
NSR:StopPlace:5999,Årvoll senter,59.944805,10.808356
NSR:StopPlace:6000,Vetlandsveien,59.900123,10.846823
NSR:StopPlace:6001,Årvollveien,59.946205,10.812
NSR:StopPlace:6002,Solbergliveien,59.900428,10.851472
NSR:StopPlace:60035,Rosenborg,59.924205,10.723836
NSR:StopPlace:6004,Kampheimveien,59.897811,10.852459
NSR:StopPlace:6006,Bjerke,59.942629,10.809544
NSR:StopPlace:6007,Eftasåsen,59.89622,10.854183
NSR:StopPlace:6008,Tonsenhagen,59.94616,10.828274
NSR:StopPlace:6009,Carl Berners plass,59.925905,10.779682
NSR:StopPlace:6010,Tonsenhagen torg,59.947278,10.821976
NSR:StopPlace:60129,Strømsdalen,59.94797,11.026701
NSR:StopPlace:6013,Stig,59.947207,10.817694
NSR:StopPlace:60138,Kløvervegen,60.137445,11.212369
NSR:StopPlace:60139,Flatbyseter,60.134084,11.213994
NSR:StopPlace:6014,Carl Berners plass,59.926801,10.776652
NSR:StopPlace:6017,Carl Berners plass,59.926755,10.776622
NSR:StopPlace:60178,Steilene,59.816328,10.615451
NSR:StopPlace:6018,Østgård skole,60.120191,11.529996
NSR:StopPlace:6020,Carl Berners plass,59.92652,10.775217
NSR:StopPlace:6021,Lofthus,59.947337,10.803249
NSR:StopPlace:6022,Rosenhoff,59.930397,10.778207
NSR:StopPlace:60221,Wilses vei,59.929376,10.62313
NSR:StopPlace:60222,Ruglandveien,59.94534,10.631421
NSR:StopPlace:60223,Ringhøyden seniorsenter,59.916421,10.595341
NSR:StopPlace:60224,Kalkbrennerveien,59.932643,10.585998
NSR:StopPlace:60225,Grevlingbakken,59.939541,10.58901
NSR:StopPlace:60226,Sørhalla,59.90975,10.554374
NSR:StopPlace:60227,Solbergbekken,59.90541,10.543359
NSR:StopPlace:60228,Conradis vei,59.902401,10.531619
NSR:StopPlace:60229,Daletoppen,59.833643,10.455074
NSR:StopPlace:6023,Årrundveien,59.945526,10.804749
NSR:StopPlace:60230,Jørgensløkka,59.836007,10.454392
NSR:StopPlace:60231,Båstadveien,59.833549,10.450975
NSR:StopPlace:60232,Alexander Langes vei,59.845815,10.456823
NSR:StopPlace:60233,Kjonebråten,59.826782,10.429544
NSR:StopPlace:60234,Bondivann stasjon,59.820402,10.43228
NSR:StopPlace:60236,Øvre Måsan,59.826771,10.393914
NSR:StopPlace:6024,Sinsenterrassen,59.934152,10.779141
NSR:StopPlace:6026,Droggetoppen,60.130392,11.489062
NSR:StopPlace:6028,Aker sykehus,59.940731,10.797509
NSR:StopPlace:60281,Nordre Furu,59.673884,10.698959
NSR:StopPlace:6029,Hasle,59.924363,10.794708
NSR:StopPlace:6030,Sinsenveien,59.934926,10.791407
NSR:StopPlace:6031,Hasle,59.92392,10.791954
NSR:StopPlace:6032,Lørenvangen,59.932479,10.798776
NSR:StopPlace:60321,Tullinløkka,59.916838,10.737124
NSR:StopPlace:6033,Fuglefjellet,60.124592,11.380471
NSR:StopPlace:6035,Sinsen,59.93718,10.781805
NSR:StopPlace:6036,Haslevangen,59.925421,10.794782
NSR:StopPlace:6037,Sinsen T,59.936408,10.78225
NSR:StopPlace:6038,Einars vei,59.924585,10.787905
NSR:StopPlace:6039,Sinsenkrysset,59.937534,10.785629
NSR:StopPlace:6040,Udnes barnepark,60.1006,11.364909
NSR:StopPlace:6042,Carl Berners plass T,59.925986,10.777462
NSR:StopPlace:6044,Tøyen stasjon,59.91992,10.780694
NSR:StopPlace:6045,Sinsenkrysset,59.939126,10.783368
NSR:StopPlace:6046,Ensjøveien,59.916776,10.780188
NSR:StopPlace:6047,Franshusvegen,60.145083,11.347752
NSR:StopPlace:6049,Hasle kirke,59.921947,10.786166
NSR:StopPlace:6050,Grefsen stasjon,59.942077,10.781356
NSR:StopPlace:6051,Ensjø,59.913776,10.787735
NSR:StopPlace:6052,Grefsen stasjon,59.94106,10.781493
NSR:StopPlace:6053,Ensjø T,59.914905,10.787186
NSR:StopPlace:6055,Blakermoen,60.12962,11.405648
NSR:StopPlace:6056,Gladengveien,59.919834,10.793996
NSR:StopPlace:6057,Storo,59.944827,10.778419
NSR:StopPlace:60574,Vennevålvegen,60.116918,11.544399
NSR:StopPlace:6058,Storo,59.945275,10.77872
NSR:StopPlace:6059,Valle,59.917675,10.799907
NSR:StopPlace:6060,Storo,59.945261,10.778558
NSR:StopPlace:6061,Fyrstikktorget,59.914738,10.800738
NSR:StopPlace:6062,Haga stasjon,60.053466,11.375967
NSR:StopPlace:6064,Fyrstikktorget,59.913714,10.800617
NSR:StopPlace:60649,Enebakkhallen,59.764284,11.148623
NSR:StopPlace:6066,Helsfyr T,59.913004,10.79996
NSR:StopPlace:6067,Storo,59.944896,10.779955
NSR:StopPlace:6068,Helsfyr,59.912678,10.801443
NSR:StopPlace:60682,Søndre Furu,59.670459,10.697266
NSR:StopPlace:6069,Nydalen stasjon,59.952915,10.7696
NSR:StopPlace:6070,Gullbekken,60.208241,11.565042
NSR:StopPlace:6071,Helsfyr T,59.912759,10.80114
NSR:StopPlace:60710,Bjørningstad,60.104853,11.384068
NSR:StopPlace:60715,Markveien,59.715756,10.815273
NSR:StopPlace:60716,Finstad skole,59.714673,10.820251
NSR:StopPlace:60717,Villenga,59.712782,10.820761
NSR:StopPlace:6072,Lillo terrasse,59.951352,10.775158
NSR:StopPlace:6073,Nydalen,59.949492,10.765338
NSR:StopPlace:60739,Fjuk bedehus,59.991879,11.374723
NSR:StopPlace:6074,Helsfyr,59.912167,10.800242
NSR:StopPlace:6075,Berger,60.198698,11.564726
NSR:StopPlace:60750,Økri,59.924298,10.467565
NSR:StopPlace:60751,Nybrua,59.922668,10.456804
NSR:StopPlace:6076,Nydalen T,59.949012,10.767579
NSR:StopPlace:6077,Etterstad skole,59.909602,10.794419
NSR:StopPlace:6078,Nydalen T,59.948738,10.769669
NSR:StopPlace:6079,Etterstad vest,59.906999,10.796932
NSR:StopPlace:6080,Etterstad sør,59.907619,10.801883
NSR:StopPlace:6081,Tamburveien,59.950893,10.768412
NSR:StopPlace:6082,Munkerudteiet,60.060006,11.391749
NSR:StopPlace:60820,Kleiverveien,59.757166,10.401193
NSR:StopPlace:6083,Disen,59.946304,10.787692
NSR:StopPlace:6084,Etterstadkroken,59.909751,10.80368
NSR:StopPlace:6086,Brynseng,59.909227,10.812075
NSR:StopPlace:6087,Nordre Åsen,59.944206,10.786634
NSR:StopPlace:60877,Engerkleiva,59.93423,11.155381
NSR:StopPlace:60878,Faldalsveien,59.929858,11.164537
NSR:StopPlace:6088,Aschehougs vei,59.946491,10.792636
NSR:StopPlace:6089,Brynseng T,59.909685,10.813648
NSR:StopPlace:6090,Haga samfunnshus,60.056301,11.383083
NSR:StopPlace:6091,Sanatoriet,59.949666,10.793174
NSR:StopPlace:60913,Blaker kirke,60.001003,11.301172
NSR:StopPlace:60914,Værhaugstubben,59.996675,11.302601
NSR:StopPlace:6093,Doktor Smiths vei,59.949827,10.790133
NSR:StopPlace:6094,Brynsengveien,59.91185,10.816035
NSR:StopPlace:6095,Glads vei,59.952347,10.785337
NSR:StopPlace:6096,Bryn brannstasjon,59.912682,10.813782
NSR:StopPlace:6097,Grefsenplatået,59.956004,10.785742
NSR:StopPlace:6098,Støverud,60.055468,11.404003
NSR:StopPlace:6100,Akebakken,59.952641,10.797167
NSR:StopPlace:6101,Teisenkrysset,59.917376,10.811134
NSR:StopPlace:61012,Middelalderparken,59.906269,10.764389
NSR:StopPlace:6102,Grefsenkollveien,59.951376,10.795905
NSR:StopPlace:6103,Valle Hovin,59.918768,10.808514
NSR:StopPlace:61039,Botner,59.826027,11.485745
NSR:StopPlace:6104,Grefsenseteren,59.955393,10.798542
NSR:StopPlace:6106,Nybergvegen,60.05753,11.393179
NSR:StopPlace:61065,Middelalderparken,59.906242,10.764512
NSR:StopPlace:61067,Hoff,59.924328,10.67477
NSR:StopPlace:61068,Abbediengen,59.925221,10.668219
NSR:StopPlace:61070,Ullern,59.924566,10.659795
NSR:StopPlace:61072,Furulund,59.920068,10.650028
NSR:StopPlace:6108,Trollveiskrysset,59.958423,10.798198
NSR:StopPlace:6110,Kirketomta,59.960037,10.797506
NSR:StopPlace:6111,Klosterheim,59.912937,10.821797
NSR:StopPlace:6112,Gulldalen,59.962626,10.795897
NSR:StopPlace:6113,Heia,59.964951,10.796231
NSR:StopPlace:6114,Bryn skole,59.913863,10.824561
NSR:StopPlace:6115,Stadionvegen,60.056346,11.395728
NSR:StopPlace:6116,Rønningen,59.966741,10.795548
NSR:StopPlace:6118,Rundhaugen,59.968584,10.795835
NSR:StopPlace:6119,Ulvenkrysset,59.919128,10.816731
NSR:StopPlace:61191,Majorstuen,59.929041,10.715905
NSR:StopPlace:61193,Sogstieika,59.657205,10.641755
NSR:StopPlace:61194,Sogstikollen,59.660406,10.639358
NSR:StopPlace:6120,Kokkim,60.056833,11.408143
NSR:StopPlace:6121,Kjelsås stasjon,59.965662,10.782258
NSR:StopPlace:6122,Fjellhus,59.920929,10.825235
NSR:StopPlace:6123,Ole Deviks vei,59.922979,10.831026
NSR:StopPlace:6124,Kjelsås,59.964197,10.784881
NSR:StopPlace:61247,Mastemyr hotell,59.822314,10.781842
NSR:StopPlace:61249,Nybrua,59.917074,10.758314
NSR:StopPlace:6125,Kjelsåsalléen,59.963117,10.784122
NSR:StopPlace:6126,Caspar Storms vei,59.919765,10.829875
NSR:StopPlace:6127,Grenihagen,60.201339,11.481863
NSR:StopPlace:6128,Kjelsåsalléen,59.963134,10.783068
NSR:StopPlace:6129,Fretex,59.916899,10.827039
NSR:StopPlace:61292,Gopperudåsen,59.644448,11.332816
NSR:StopPlace:6130,Grefsen stadion,59.96012,10.784798
NSR:StopPlace:6134,Grefsen stadion,59.96011,10.784704
NSR:StopPlace:61354,Måna sør,59.697747,10.657505
NSR:StopPlace:6136,Brårud,60.208485,11.338609
NSR:StopPlace:6137,Lyngåsveien,59.956375,10.788671
NSR:StopPlace:6139,Brannvaktveien,59.953289,10.792394
NSR:StopPlace:6140,Hellerud,59.910065,10.82985
NSR:StopPlace:6141,Grefsenlia,59.950597,10.796825
NSR:StopPlace:6142,Hellerud,59.910475,10.831613
NSR:StopPlace:61422,Storgata,59.913957,10.751482
NSR:StopPlace:6143,Frysja,59.966794,10.773956
NSR:StopPlace:6144,Brårudfeltet,60.20766,11.332526
NSR:StopPlace:61443,Storgata,59.913919,10.751359
NSR:StopPlace:6145,Tveten gård,59.911382,10.837313
NSR:StopPlace:6146,Stillatorvet,59.966148,10.776762
NSR:StopPlace:61471,Sandmoveien,60.085778,10.867973
NSR:StopPlace:6148,Brekke,59.96919,10.774468
NSR:StopPlace:6149,Ullevål stadion,59.946816,10.7322
NSR:StopPlace:61490,Fossumsvingen,59.982332,11.255251
NSR:StopPlace:6151,Låveggveien,60.19838,11.339061
NSR:StopPlace:61530,Emma Hjorths vei,59.899749,10.495846
NSR:StopPlace:61531,Hamang terrasse,59.897014,10.500905
NSR:StopPlace:61533,Bjørnegård bru,59.893301,10.510732
NSR:StopPlace:61567,Elvetangen,60.111381,10.84791
NSR:StopPlace:61573,Leirhusbakken,60.407087,11.246213
NSR:StopPlace:6158,Blindern vgs.,59.951129,10.728831
NSR:StopPlace:6159,Nåkkves vei,59.91827,10.846073
NSR:StopPlace:6160,Blekstad,60.188833,11.352951
NSR:StopPlace:6162,Solvang,59.953919,10.728501
NSR:StopPlace:6163,Tveita,59.913994,10.842189
NSR:StopPlace:6164,Ullevål stadion,59.949713,10.731368
NSR:StopPlace:6165,Tveita T,59.913908,10.842383
NSR:StopPlace:6166,Ullevål stadion T,59.947221,10.732782
NSR:StopPlace:6167,Tveita,59.913641,10.84394
NSR:StopPlace:6168,Berg,59.951225,10.744663
NSR:StopPlace:61686,Tangerudbakken,59.561915,10.459639
NSR:StopPlace:6169,Aurstad,60.176343,11.355673
NSR:StopPlace:6170,Berg,59.951905,10.74381
NSR:StopPlace:6172,Tveita bedriftsområde,59.915925,10.84853
NSR:StopPlace:61725,Vestre Refsum,60.049838,11.17784
NSR:StopPlace:6174,Stordamveien,59.911096,10.846899
NSR:StopPlace:6175,Østhellinga,59.94739,10.749528
NSR:StopPlace:6176,Greni,60.168036,11.365346
NSR:StopPlace:6177,Tåsen allé,59.944156,10.748376
NSR:StopPlace:6178,Postkassene,59.912292,10.851358
NSR:StopPlace:6179,Tåsen,59.953654,10.752383
NSR:StopPlace:61794,Jupitervegen,60.119288,11.352531
NSR:StopPlace:6180,Haugerud,59.922196,10.854619
NSR:StopPlace:6181,Tåsen senter,59.952018,10.750758
NSR:StopPlace:6182,Haugerud T,59.921944,10.854978
NSR:StopPlace:6183,Svanfoss,60.216324,11.35493
NSR:StopPlace:61830,Oppgarden,60.319406,11.284697
NSR:StopPlace:61834,Tangenvegen,60.469288,11.173697
NSR:StopPlace:6184,Haugerudveien,59.918038,10.850941
NSR:StopPlace:6185,Bergrådveien,59.953254,10.757214
NSR:StopPlace:6186,Øvre Stabburvei,59.954065,10.760805
NSR:StopPlace:6190,Blåsbortveien,59.950826,10.760941
NSR:StopPlace:6191,Fenstad kirke,60.213302,11.378497
NSR:StopPlace:61915,Syverudveien,59.701498,10.740633
NSR:StopPlace:61922,Steinerud,60.315878,11.256242
NSR:StopPlace:6193,Godals vei,59.947617,10.76003
NSR:StopPlace:61959,Horgenveien,59.68774,10.731556
NSR:StopPlace:6196,Østhorn,59.956649,10.750155
NSR:StopPlace:6197,Trosterud,59.927175,10.865165
NSR:StopPlace:6198,Grinderveien,60.21789,11.387314
NSR:StopPlace:61988,Nybrua,59.917013,10.758241
NSR:StopPlace:6199,Havnabakken,59.959224,10.75421
NSR:StopPlace:6200,Doktor Dedichens vei,59.925125,10.859588
NSR:StopPlace:62009,Grefsenplatået,59.955922,10.785734
NSR:StopPlace:6201,Havnabakken,59.95913,10.754835
NSR:StopPlace:62010,Glads vei,59.952256,10.785329
NSR:StopPlace:62011,Doktor Smiths vei,59.949754,10.790154
NSR:StopPlace:62012,Disen,59.946285,10.787531
NSR:StopPlace:62014,Grefsenveien,59.942597,10.77317
NSR:StopPlace:62015,Biermanns gate,59.930419,10.761049
NSR:StopPlace:62016,St. Halvards plass,59.906124,10.767868
NSR:StopPlace:62017,Munkegata,59.90834,10.76794
NSR:StopPlace:62018,Oslo bussterminal,59.911032,10.759816
NSR:StopPlace:62019,Solli,59.914827,10.718877
NSR:StopPlace:6202,Haukåsen skole,59.92237,10.863531
NSR:StopPlace:62020,Niels Juels gate,59.916325,10.715296
NSR:StopPlace:62021,Lille Frogner allé,59.917954,10.712171
NSR:StopPlace:62023,Elisenberg,59.919418,10.708819
NSR:StopPlace:62025,Rosenhoff,59.930305,10.778191
NSR:StopPlace:62028,Sofienberg,59.923039,10.771813
NSR:StopPlace:62029,Lakkegata skole,59.920627,10.768482
NSR:StopPlace:6203,Nordberghjemmet,59.961358,10.744562
NSR:StopPlace:62030,Bogstadveien,59.926248,10.721476
NSR:StopPlace:62031,Heimdalsgata,59.918352,10.760808
NSR:StopPlace:62032,Holbergs plass,59.918686,10.734541
NSR:StopPlace:62034,Homansbyen,59.922565,10.726527
NSR:StopPlace:62036,Frydenlund,59.920847,10.733171
NSR:StopPlace:62037,Stensgata,59.929599,10.733036
NSR:StopPlace:62038,Dalsbergstien,59.92351,10.731621
NSR:StopPlace:62039,Bislett,59.92601,10.731097
NSR:StopPlace:6204,Fagerholt,59.923537,10.867671
NSR:StopPlace:62043,Gamle Sætreveg,60.243392,11.199252
NSR:StopPlace:62044,Smedbråtavegen,60.23983,11.187446
NSR:StopPlace:62048,Kabelgata,59.927076,10.811861
NSR:StopPlace:6205,Holstein,59.960587,10.74041
NSR:StopPlace:6207,Lutvann skole,59.925747,10.869632
NSR:StopPlace:6208,Kongleveien,59.961183,10.735311
NSR:StopPlace:62088,Oksenøya,59.898561,10.610328
NSR:StopPlace:62089,Storøya skole,59.893939,10.609888
NSR:StopPlace:6209,Lutvannsveien,59.925547,10.872865
NSR:StopPlace:6210,Nordbergveien,59.957684,10.732796
NSR:StopPlace:6211,Kringsjå,59.963706,10.734925
NSR:StopPlace:6212,Ole Messelts vei,59.924668,10.872214
NSR:StopPlace:62122,Jernbanetorget,59.909207,10.748725
NSR:StopPlace:6213,Kringsjå,59.964098,10.734257
NSR:StopPlace:6214,Trasop skole,59.904148,10.851185
NSR:StopPlace:6216,Sognsvann,59.96732,10.733915
NSR:StopPlace:62165,Lillestrøm kirke,59.958473,11.048936
NSR:StopPlace:6217,Hellerudfaret,59.905547,10.851217
NSR:StopPlace:6218,Skibakken,59.959281,10.764164
NSR:StopPlace:6219,Trasoppveien,59.910488,10.848463
NSR:StopPlace:6220,Korsvollbakken,59.958078,10.762451
NSR:StopPlace:6221,Rundtjernveien,59.915268,10.850634
NSR:StopPlace:6223,Korsvoll,59.962439,10.765523
NSR:StopPlace:6224,Hellerud terrasse,59.913286,10.856791
NSR:StopPlace:6226,Hellerudgrenda,59.912897,10.859036
NSR:StopPlace:6227,Brekkekrysset,59.967067,10.766512
NSR:StopPlace:6228,Krokstien,59.910509,10.860119
NSR:StopPlace:6229,Svensenga,59.963686,10.770303
NSR:StopPlace:6230,Grankollveien,59.911686,10.86068
NSR:StopPlace:6232,Landeroveien,59.916022,10.856997
NSR:StopPlace:6233,Frøen,59.934582,10.709103
NSR:StopPlace:6234,Alfaset,59.931087,10.856348
NSR:StopPlace:6235,Frøensalléen,59.935351,10.709865
NSR:StopPlace:6236,Steinerud,59.939135,10.70431
NSR:StopPlace:6237,Alna senter,59.927573,10.846655
NSR:StopPlace:6238,Steinerud T,59.939138,10.704484
NSR:StopPlace:6240,Alnabruveien,59.924013,10.83525
NSR:StopPlace:6241,Risalléen,59.945066,10.704653
NSR:StopPlace:6242,Tittutveien,59.925596,10.843694
NSR:StopPlace:6243,Risbakken,59.943709,10.700136
NSR:StopPlace:6244,Smalvollveien,59.924485,10.842685
NSR:StopPlace:6245,Vinderen,59.942419,10.704683
NSR:StopPlace:62457,Spetalenvegen,60.330936,11.204336
NSR:StopPlace:6246,Knud Bryns vei,59.928398,10.823805
NSR:StopPlace:6248,Vinderen T,59.942554,10.704128
NSR:StopPlace:6249,Arvesetveien,59.92874,10.847012
NSR:StopPlace:6250,Postens verksteder,59.931786,10.844354
NSR:StopPlace:62500,Kville,59.954586,11.35555
NSR:StopPlace:62502,Ånerud gård,59.962366,11.368072
NSR:StopPlace:62503,Ånerudstua,59.96533,11.373408
NSR:StopPlace:6251,Viggo Hansteens vei,59.943208,10.699557
NSR:StopPlace:62522,Minnemoen,60.404078,11.195042
NSR:StopPlace:6253,Riddervolds plass,59.918309,10.718826
NSR:StopPlace:6254,Elvestad sykehjem,60.10155,11.437106
NSR:StopPlace:6255,Gaustad,59.945835,10.710127
NSR:StopPlace:6257,Gaustad T,59.946285,10.710766
NSR:StopPlace:6258,Frydenlund,59.920898,10.733055
NSR:StopPlace:6259,Gaustad,59.945826,10.714044
NSR:StopPlace:6260,Bislett,59.925747,10.731895
NSR:StopPlace:6261,Gaustadalléen,59.945686,10.717591
NSR:StopPlace:6262,Folvell,60.097548,11.431182
NSR:StopPlace:6263,Bislett,59.925967,10.731073
NSR:StopPlace:62634,Skrubben,59.647592,10.638872
NSR:StopPlace:62637,Storhagen,60.133898,11.160685
NSR:StopPlace:6264,Rikshospitalet,59.948601,10.71822
NSR:StopPlace:6265,Stensgata,59.92951,10.733002
NSR:StopPlace:6267,Adamstuen,59.932687,10.734721
NSR:StopPlace:6268,Ris,59.94805,10.704548
NSR:StopPlace:6269,Adamstuen,59.932746,10.734756
NSR:StopPlace:6270,Lundsvegen,60.080061,11.453027
NSR:StopPlace:6271,Ris T,59.94818,10.704534
NSR:StopPlace:62716,Mostua,60.04669,10.869065
NSR:StopPlace:6272,Sofies plass,59.924235,10.734973
NSR:StopPlace:62721,Bjørnveien,59.946455,10.685422
NSR:StopPlace:6273,Slemdal,59.950875,10.694423
NSR:StopPlace:6274,St. Hanshaugen,59.923754,10.740155
NSR:StopPlace:6275,Slemdal T,59.95134,10.693613
NSR:StopPlace:6276,Fjellfotvegen sør,60.087754,11.461484
NSR:StopPlace:62775,Odins vei,59.761046,10.45829
NSR:StopPlace:6278,Grimelundsveien,59.944763,10.692693
NSR:StopPlace:62789,Lillestrøm bussterminal,59.954271,11.042874
NSR:StopPlace:6280,Tråkka,59.945616,10.688807
NSR:StopPlace:6281,Stensberggata,59.922291,10.741185
NSR:StopPlace:6282,Dalsveien,59.948259,10.688799
NSR:StopPlace:6283,Nordahl Bruns gate,59.919415,10.743647
NSR:StopPlace:6284,Stasjonsveien,59.950114,10.688828
NSR:StopPlace:6285,Gateteiet,60.08631,11.459736
NSR:StopPlace:6286,Colletts gate,59.927034,10.738727
NSR:StopPlace:6287,Holmenhavna,59.950742,10.680554
NSR:StopPlace:6288,Alexander Kiellands plass,59.928244,10.749489
NSR:StopPlace:6289,Gråkammen,59.955038,10.701613
NSR:StopPlace:62890,Vallerud Gård,60.049114,11.141128
NSR:StopPlace:6290,Telthusbakken,59.924565,10.750507
NSR:StopPlace:6292,Falck Ytters plass,59.925811,10.744763
NSR:StopPlace:6293,Stensrud,60.076699,11.449112
NSR:StopPlace:6294,Gulleråsen,59.955753,10.696762
NSR:StopPlace:62942,Formerveien,59.900706,10.843948
NSR:StopPlace:6295,Svenstua,59.957421,10.689737
NSR:StopPlace:6296,Evald Ryghs gate,59.930736,10.748918
NSR:StopPlace:6297,Lovisenberg,59.930683,10.742885
NSR:StopPlace:6298,Vettakollen,59.959888,10.695705
NSR:StopPlace:6299,Skådalen,59.961823,10.690739
NSR:StopPlace:6300,Tannlegehøyskolen,59.932894,10.742221
NSR:StopPlace:63004,Hafsteinveien,59.797442,11.4017
NSR:StopPlace:6301,Holtteien,60.067648,11.436024
NSR:StopPlace:6302,Midtstuen,59.961323,10.68302
NSR:StopPlace:6303,Ullevål sykehus,59.936266,10.731983
NSR:StopPlace:6305,Lybekkveien,59.952651,10.673867
NSR:StopPlace:6306,Krags vei,59.954908,10.666024
NSR:StopPlace:6307,Ullevål sykehus,59.936235,10.732007
NSR:StopPlace:6308,Ryghs vei,59.956148,10.662026
NSR:StopPlace:63081,Majorstuen,59.928039,10.715312
NSR:StopPlace:6309,Finholt,60.062814,11.427687
NSR:StopPlace:6311,Besserud,59.957847,10.673867
NSR:StopPlace:63114,Nordmyrvegen,60.22418,11.145981
NSR:StopPlace:6312,Vestre Aker kirke,59.934866,10.729405
NSR:StopPlace:6313,Midtstuen,59.959403,10.68447
NSR:StopPlace:63136,Østre Sundby,59.704434,10.76334
NSR:StopPlace:6314,Marienlyst,59.932267,10.724083
NSR:StopPlace:6315,Besserud T,59.957951,10.674771
NSR:StopPlace:6317,Lindern,59.934524,10.743721
NSR:StopPlace:6318,Holmenkollen,59.960214,10.663099
NSR:StopPlace:6319,Fayes gate,59.935238,10.742358
NSR:StopPlace:63195,Vansum,60.12352,11.394947
NSR:StopPlace:6320,Voksenlia,59.966937,10.654713
NSR:StopPlace:63206,Huitfeldts gate,59.915279,10.725859
NSR:StopPlace:6321,Skogen,59.975232,10.647479
NSR:StopPlace:6323,John Colletts plass,59.940933,10.729702
NSR:StopPlace:63237,Mellemveien,59.947592,11.375712
NSR:StopPlace:6324,Lillevann,59.980556,10.65288
NSR:StopPlace:6325,Bodung stasjon,60.085521,11.41998
NSR:StopPlace:6326,Soria Moria,59.975073,10.656749
NSR:StopPlace:6327,John Colletts plass,59.940321,10.729024
NSR:StopPlace:6328,Lysebu,59.979165,10.660759
NSR:StopPlace:63280,Holbergs plass,59.91777,10.734476
NSR:StopPlace:63281,Historisk museum,59.916915,10.735021
NSR:StopPlace:6329,Ullevålsalléen,59.937902,10.730231
NSR:StopPlace:6330,Voksenkollen T,59.980127,10.664035
NSR:StopPlace:63307,Farverstua,59.955013,11.388583
NSR:StopPlace:63308,Solberg,59.782792,11.411154
NSR:StopPlace:6331,Klodsbodding kapell,60.081609,11.41495
NSR:StopPlace:6332,Blindern,59.940205,10.716174
NSR:StopPlace:6333,Voksenkollen,59.980081,10.66508
NSR:StopPlace:63335,Granheim,60.003265,11.327326
NSR:StopPlace:6334,Thorleif Haugs vei,59.969948,10.669451
NSR:StopPlace:63349,Dølitangen,60.272517,11.292242
NSR:StopPlace:6336,Makrellbekken,59.941705,10.673855
NSR:StopPlace:6338,Makrellbekken,59.941844,10.672622
NSR:StopPlace:6339,Tveiten gård,60.074764,11.400021
NSR:StopPlace:6340,Universitetet Blindern,59.94205,10.72481
NSR:StopPlace:63404,Jansrud,59.681526,11.469448
NSR:StopPlace:6341,Bernhard Herres vei,59.941735,10.681715
NSR:StopPlace:6342,Forskningsparken,59.943704,10.720867
NSR:StopPlace:6343,Holmendammen,59.944557,10.679982
NSR:StopPlace:6344,Asker stasjon,59.832847,10.434753
NSR:StopPlace:6345,Holmenenga,59.948698,10.676284
NSR:StopPlace:6346,Forskningsparken T,59.943816,10.720894
NSR:StopPlace:63467,Øysjøfoss,59.948324,11.800923
NSR:StopPlace:6347,Haugen,60.071789,11.397017
NSR:StopPlace:63475,Nationaltheatret,59.914096,10.730373
NSR:StopPlace:63477,Høgtun,60.348689,11.285276
NSR:StopPlace:6348,Gressbanen,59.950739,10.675176
NSR:StopPlace:6349,Eventyrveien,59.944634,10.731658
NSR:StopPlace:6350,Holmen,59.946029,10.667379
NSR:StopPlace:6351,Domus Athletica,59.947434,10.721978
NSR:StopPlace:63512,Åvolvegen,60.177626,11.41921
NSR:StopPlace:6352,Arnebråtveien,59.950894,10.665461
NSR:StopPlace:63537,Sagmarka,60.476057,11.024338
NSR:StopPlace:6354,Amagerveien,59.952497,10.660875
NSR:StopPlace:63540,Soløstvegen,60.31626,11.219954
NSR:StopPlace:6355,Arkitekt Rivertz plass,59.934367,10.749655
NSR:StopPlace:63559,Pettersbråtan øst,60.282901,11.072556
NSR:StopPlace:6356,Framtun skole,60.060201,11.409844
NSR:StopPlace:6358,Vøyenbrua,59.932974,10.758342
NSR:StopPlace:6359,Huseby skole,59.945071,10.655738
NSR:StopPlace:6360,Hovseter,59.946392,10.655145
NSR:StopPlace:6362,Hovseter,59.9465,10.655842
NSR:StopPlace:6363,Sagene,59.937932,10.750003
NSR:StopPlace:6364,Esval,60.175905,11.419614
NSR:StopPlace:6365,Hovseter skole,59.949496,10.65654
NSR:StopPlace:6366,Voldsløkka,59.940492,10.750207
NSR:StopPlace:6368,Orebakken,59.952916,10.656515
NSR:StopPlace:6369,Bjølsen,59.942597,10.759649
NSR:StopPlace:6371,Nyhus,60.184218,11.418591
NSR:StopPlace:6372,Advokat Dehlis plass,59.939112,10.759172
NSR:StopPlace:6373,Ostadalsveien,59.945649,10.647868
NSR:StopPlace:6374,Arendalsgata,59.937427,10.758618
NSR:StopPlace:6375,Aslakveien,59.942658,10.647047
NSR:StopPlace:63754,Ødegård,59.816629,11.370332
NSR:StopPlace:6376,Badebakken,59.945706,10.760212
NSR:StopPlace:63766,Drammen sykehus Brakerøya,59.743493,10.23491
NSR:StopPlace:6377,Røa næringspark,59.941397,10.649204
NSR:StopPlace:6378,Vormlia,60.158476,11.420896
NSR:StopPlace:6379,Ullerntoppen,59.938695,10.648217
NSR:StopPlace:6380,Kristoffer Aamots bro,59.946886,10.764163
NSR:StopPlace:6381,Røa,59.946745,10.644255
NSR:StopPlace:6382,Torshov,59.934657,10.764593
NSR:StopPlace:63821,Lykkebo,59.770749,11.278257
NSR:StopPlace:6383,Røa T,59.947453,10.643048
NSR:StopPlace:6384,Torshov,59.935103,10.7645
NSR:StopPlace:6386,Helsesenteret,60.120742,11.477432
NSR:StopPlace:6387,Vogts gate,59.931672,10.763305
NSR:StopPlace:6388,Kristian Auberts vei,59.940731,10.641187
NSR:StopPlace:63882,Ringstad,59.96246,11.326285
NSR:StopPlace:6389,Torshovparken,59.933334,10.768963
NSR:StopPlace:63891,Haugli,60.003693,11.324042
NSR:StopPlace:6390,Røa kirke,59.949872,10.644405
NSR:StopPlace:63909,Tønsager,60.33605,11.271066
NSR:StopPlace:6391,Sæveruds plass,59.935199,10.774807
NSR:StopPlace:6392,Ekraveien,59.950385,10.636997
NSR:StopPlace:6393,Hagaskogvegen,60.11863,11.474257
NSR:StopPlace:6394,Sandaker senter,59.938756,10.768541
NSR:StopPlace:6395,Ekraveien,59.951664,10.636564
NSR:StopPlace:63957,Bjørkemoen,60.189207,11.449983
NSR:StopPlace:63969,Bergsvik,59.731411,11.00721
NSR:StopPlace:63972,Vestby ungdomsskole,59.59549,10.755095
NSR:StopPlace:6398,Sandaker senter,59.939334,10.769088
NSR:StopPlace:63996,Bøler,59.726083,11.176398
NSR:StopPlace:6400,Nordpolen skole,59.940295,10.772589
NSR:StopPlace:64008,Nepebråtan,59.609703,10.474707
NSR:StopPlace:64014,Sommerro,59.829234,10.830366
NSR:StopPlace:64015,Nationaltheatret,59.915152,10.73062
NSR:StopPlace:6402,Holter,60.203952,11.408274
NSR:StopPlace:64023,Hagamyren,59.674568,11.546215
NSR:StopPlace:6403,Linhusveien,59.957755,10.641589
NSR:StopPlace:64031,Rykkinntoppen,59.934245,10.476596
NSR:StopPlace:64032,Bøveien,59.766422,10.448673
NSR:StopPlace:64033,Fossumveien,59.7651,10.443462
NSR:StopPlace:64034,Dalveien,59.79158,10.481303
NSR:StopPlace:6404,Haarklous plass,59.937982,10.774161
NSR:StopPlace:64041,Grorud stasjon,59.949419,10.889071
NSR:StopPlace:64044,Svangerudvegen,60.269439,11.231804
NSR:StopPlace:64047,Presterud,60.04245,11.185196
NSR:StopPlace:6405,Grefsenveien,59.942656,10.773269
NSR:StopPlace:64058,Kjølstad,59.985867,11.336033
NSR:StopPlace:6406,Vennerstua,59.954494,10.643593
NSR:StopPlace:6407,Sinsen T,59.938874,10.779626
NSR:StopPlace:6408,Jarbakken,59.954938,10.657137
NSR:StopPlace:6409,Sandaker,59.94243,10.770402
NSR:StopPlace:6410,Nordre Jarbakken,59.956612,10.654249
NSR:StopPlace:6411,Farset,60.207819,11.405145
NSR:StopPlace:6412,Sagstua,59.960358,10.649591
NSR:StopPlace:6413,Lillo gård,59.945802,10.772759
NSR:StopPlace:6414,Himstadplassen,59.96301,10.645849
NSR:StopPlace:6416,Bogstad Camping,59.961998,10.642136
NSR:StopPlace:64169,Hallangsvingen,59.717854,10.623345
NSR:StopPlace:6417,Jerpestad,60.214908,11.398609
NSR:StopPlace:6418,Fernanda Nissen skole,59.946911,10.769614
NSR:StopPlace:6419,Peder Ankers plass,59.960796,10.640981
NSR:StopPlace:6420,Voksen skog,59.975047,10.644639
NSR:StopPlace:6421,Storo senter,59.946115,10.775563
NSR:StopPlace:6422,Grindbakken,59.970921,10.644228
NSR:StopPlace:6424,Kværnen,60.244693,11.379969
NSR:StopPlace:64245,Bålsrud,60.444174,11.194561
NSR:StopPlace:6425,Åsly,59.968642,10.64447
NSR:StopPlace:64256,Fjellhaug,60.294304,11.243375
NSR:StopPlace:6427,Liabakken,59.96632,10.644625
NSR:StopPlace:6428,Nybrua,59.918654,10.759364
NSR:StopPlace:6429,Skøyen stasjon,59.922168,10.6793
NSR:StopPlace:6430,Schous plass,59.920873,10.759306
NSR:StopPlace:6431,Inngjerdingen,60.221782,11.410289
NSR:StopPlace:6432,Skøyen stasjon,59.922865,10.678429
NSR:StopPlace:6433,Olaf Ryes plass,59.922978,10.759209
NSR:StopPlace:6434,Sjølyst,59.92087,10.675849
NSR:StopPlace:64340,Frøyhov,60.068647,11.364965
NSR:StopPlace:6435,Jakob kirke,59.917753,10.754186
NSR:StopPlace:6438,Hovland,60.234598,11.386403
NSR:StopPlace:6440,Møllerveien,59.920748,10.751418
NSR:StopPlace:64402,Åsletta,60.309145,11.299793
NSR:StopPlace:6441,Skøyen,59.92316,10.681632
NSR:StopPlace:64417,Riddervolds gate,59.917859,10.724236
NSR:StopPlace:6442,Birkelunden,59.926691,10.761108
NSR:StopPlace:6443,Thune,59.921876,10.687589
NSR:StopPlace:64435,Kjustad,59.942922,11.192649
NSR:StopPlace:6444,Birkelunden,59.927121,10.760095
NSR:StopPlace:6445,Thune,59.921819,10.687718
NSR:StopPlace:6446,Fenstad skole,60.215617,11.399399
NSR:StopPlace:6449,Sannergata,59.92836,10.759301
NSR:StopPlace:64492,Fraurud,60.297187,11.276774
NSR:StopPlace:6450,Hoff,59.925408,10.675256
NSR:StopPlace:6451,Dælenenga,59.928036,10.766426
NSR:StopPlace:6452,Hoff terrasse,59.927887,10.675329
NSR:StopPlace:64528,Sjøvik,60.234317,11.15995
NSR:StopPlace:6453,Københavngata,59.929148,10.769452
NSR:StopPlace:6454,Eggumvegen,60.203535,11.422125
NSR:StopPlace:6455,Jarlsborgveien,59.930362,10.675911
NSR:StopPlace:6456,Biermanns gate,59.930474,10.761087
NSR:StopPlace:6457,Smestaddammen,59.934448,10.678958
NSR:StopPlace:6459,Heimdalsgata,59.918394,10.760974
NSR:StopPlace:64597,Tigerplassen bensin,59.446155,10.684528
NSR:StopPlace:6461,Knatten,60.093235,11.464724
NSR:StopPlace:64622,Solvangtangen,60.315646,11.069793
NSR:StopPlace:6463,Maritim,59.918323,10.664409
NSR:StopPlace:6468,Vækerø,59.915577,10.650553
NSR:StopPlace:6469,Brauter,60.10376,11.441786
NSR:StopPlace:6470,Helgesens gate,59.921661,10.77524
NSR:StopPlace:6473,Tøyen,59.915583,10.775796
NSR:StopPlace:6476,Folmo,60.145185,11.491957
NSR:StopPlace:6477,Lilleaker,59.921009,10.63594
NSR:StopPlace:6478,Tøyen,59.914572,10.776906
NSR:StopPlace:6479,CC vest,59.91793,10.63674
NSR:StopPlace:6480,Tøyen skole,59.915039,10.773308
NSR:StopPlace:6481,Vækerøveien,59.923637,10.643231
NSR:StopPlace:6482,Østhagen,60.094516,11.476212
NSR:StopPlace:6485,Lysaker bru,59.913924,10.640463
NSR:StopPlace:6486,Tøyenparken,59.916942,10.775918
NSR:StopPlace:6487,Volvat,59.9326,10.704514
NSR:StopPlace:6488,Grønland,59.912806,10.760162
NSR:StopPlace:6489,Velvang,60.108577,11.451946
NSR:StopPlace:6490,Borgen,59.934617,10.695657
NSR:StopPlace:6492,Borgen,59.93458,10.69727
NSR:StopPlace:6493,Tøyengata,59.912351,10.764512
NSR:StopPlace:6494,Heggeli,59.935674,10.691073
NSR:StopPlace:6495,Norbygata,59.912898,10.764572
NSR:StopPlace:6496,Smestad,59.937212,10.684184
NSR:StopPlace:6497,Årnes stasjon,60.123333,11.465094
NSR:StopPlace:6498,Tøyenkirken,59.914812,10.769146
NSR:StopPlace:6499,Smestad,59.937557,10.683276
NSR:StopPlace:6503,Montebello,59.93483,10.666415
NSR:StopPlace:6504,Nes vgs.,60.125085,11.478315
NSR:StopPlace:6505,Oslo bussterminal,59.911768,10.757994
NSR:StopPlace:6506,Husebyveien,59.934853,10.675994
NSR:StopPlace:6507,Montebelloveien,59.931115,10.66711
NSR:StopPlace:6508,Runni ungdomsskole,60.129276,11.477886
NSR:StopPlace:6509,Ullernåsen,59.931488,10.655979
NSR:StopPlace:6510,Radiumhospitalet,59.928895,10.659361
NSR:StopPlace:6511,Runniteiet,60.132999,11.484908
NSR:StopPlace:6513,Blokkajordet,59.924963,10.64742
NSR:StopPlace:6515,Åsjordet,59.92885,10.648031
NSR:StopPlace:6517,Åsjordet T,59.928476,10.646107
NSR:StopPlace:6518,Rød,60.130358,11.34417
NSR:StopPlace:6520,Oslo gate,59.908361,10.769347
NSR:StopPlace:6521,Bjørnsletta,59.926523,10.63446
NSR:StopPlace:6523,Bjørnsletta,59.927766,10.638809
NSR:StopPlace:6524,Politihuset,59.910284,10.767826
NSR:StopPlace:6525,Nikevegen,60.128901,11.328292
NSR:StopPlace:6527,Harald Hårdrådes plass,59.907553,10.772686
NSR:StopPlace:6528,Lysejordet,59.933484,10.63956
NSR:StopPlace:6529,Sørenga,59.903816,10.758968
NSR:StopPlace:6530,Møllefaret,59.937658,10.640618
NSR:StopPlace:6531,Loelva,59.895514,10.756015
NSR:StopPlace:6533,Finstadteiet,60.163002,11.371008
NSR:StopPlace:6534,Wyllerløypa,59.990379,10.631222
NSR:StopPlace:6535,Oslo Hospital,59.903213,10.767492
NSR:StopPlace:6536,Wyllerveien,59.991027,10.622572
NSR:StopPlace:6537,Galgeberg,59.908246,10.780007
NSR:StopPlace:6538,Tesen,60.157849,11.377038
NSR:StopPlace:6539,Bogstad badeplass,59.969602,10.638499
NSR:StopPlace:6540,Galgeberg,59.907746,10.781659
NSR:StopPlace:6541,Bogstad gård,59.972825,10.629165
NSR:StopPlace:6542,Vålerenga,59.908771,10.78681
NSR:StopPlace:6543,Strøm,59.978791,10.622264
NSR:StopPlace:6544,Etterstadgata,59.909951,10.791028
NSR:StopPlace:6545,Zinober,59.983256,10.62165
NSR:StopPlace:6546,Tokerud,60.159901,11.365365
NSR:StopPlace:6547,Kjølberggata,59.910609,10.777394
NSR:StopPlace:6548,Årnes,59.988083,10.620577
NSR:StopPlace:6549,St. Halvards gate,59.906272,10.775063
NSR:StopPlace:6550,Bakk,59.993467,10.622395
NSR:StopPlace:6551,Søndre Solberg,59.999277,10.619549
NSR:StopPlace:6552,Kværnerbyen,59.904596,10.786372
NSR:StopPlace:6553,Gladheim,60.151709,11.353185
NSR:StopPlace:6554,Nordre Solberg,60.007853,10.619161
NSR:StopPlace:6555,Kværner,59.90194,10.787971
NSR:StopPlace:6556,Bjørnsgard,59.985843,10.621529
NSR:StopPlace:6557,Lodalen,59.90336,10.778122
NSR:StopPlace:6558,Vestre Venner,60.017898,10.590909
NSR:StopPlace:6559,Fallet,60.281812,11.488076
NSR:StopPlace:6560,Eirik Raudes vei,59.902275,10.795811
NSR:StopPlace:6561,Skansebakken,60.017918,10.583991
NSR:StopPlace:6563,Sandbråten,60.018539,10.586357
NSR:StopPlace:6565,Nordre Venner,60.017945,10.595135
NSR:StopPlace:6566,Kampen,59.912261,10.779699
NSR:StopPlace:6567,Sjøli,60.260043,11.501025
NSR:StopPlace:6568,Søndre Venner,60.017353,10.598689
NSR:StopPlace:6570,Lokalet,60.016658,10.60322
NSR:StopPlace:6571,Kampen park,59.914645,10.781394
NSR:StopPlace:6572,Sørkedalen skole,60.016888,10.612442
NSR:StopPlace:6573,Ekebergparken,59.897781,10.759734
NSR:StopPlace:6574,Brautergutua,60.094392,11.467073
NSR:StopPlace:6575,Stubberud,60.013148,10.616123
NSR:StopPlace:6577,Frognerseteren,59.977874,10.675681
NSR:StopPlace:6578,Kongshavn,59.894255,10.75854
NSR:StopPlace:6579,Frognerseteren,59.979075,10.676278
NSR:StopPlace:6580,Jomfrubråten,59.888213,10.770829
NSR:StopPlace:6581,Vangen,60.271902,11.505728
NSR:StopPlace:6582,Tryvann,59.987759,10.666716
NSR:StopPlace:6583,Ekeberghallen,59.891176,10.780671
NSR:StopPlace:6584,Engelsrud,59.973019,10.764257
NSR:StopPlace:6585,Brennenga,59.977063,10.761275
NSR:StopPlace:6586,Ekeberg camping,59.897599,10.775657
NSR:StopPlace:6587,Låkeberget,59.979967,10.757226
NSR:StopPlace:6588,Oppsalenga,60.245955,11.503649
NSR:StopPlace:6589,Brannfjellveien,59.900296,10.773567
NSR:StopPlace:6590,Skjerven,59.986103,10.752771
NSR:StopPlace:6591,Utsikten,59.900386,10.779436
NSR:StopPlace:6592,Saga,59.988575,10.752978
NSR:StopPlace:6593,Simensbrekka,59.900787,10.782099
NSR:StopPlace:6594,Hammeren,59.994012,10.752413
NSR:StopPlace:6595,Dysterud,60.193139,11.565149
NSR:StopPlace:6596,Ryenbergveien,59.901207,10.78737
NSR:StopPlace:6597,Kirkeby,59.99651,10.766197
NSR:StopPlace:6598,Sportsplassen,59.885987,10.77449
NSR:StopPlace:6599,Maridalen kirke,59.999756,10.771926
NSR:StopPlace:6601,Velhuset,60.004888,10.773868
NSR:StopPlace:6602,Hauger,60.008303,10.776086
NSR:StopPlace:6603,Bekkelagsveien,59.884257,10.769222
NSR:StopPlace:6604,Åsvangen,60.213013,11.564048
NSR:StopPlace:6605,Turterfaret,60.013428,10.77902
NSR:StopPlace:6606,Nedre Bekkelaget,59.881162,10.772909
NSR:StopPlace:6607,Brodin,60.016181,10.782408
NSR:StopPlace:6609,Sandermosveien,60.019357,10.786445
NSR:StopPlace:6610,Ulvøybrua,59.87328,10.779229
NSR:StopPlace:6611,Skar,60.026677,10.779469
NSR:StopPlace:6612,Nordli,60.220951,11.55896
NSR:StopPlace:6613,Skarsbakken,60.020218,10.777875
NSR:StopPlace:6614,Ulvøya,59.870353,10.773214
NSR:StopPlace:6616,Rugda,60.014804,10.772666
NSR:StopPlace:6617,Turtermarka,60.009319,10.766256
NSR:StopPlace:6618,Holtet,59.882348,10.783135
NSR:StopPlace:6619,Togstadhagen,60.226034,11.560383
NSR:StopPlace:6620,Maridalen skole,60.004354,10.763109
NSR:StopPlace:6622,Øvre Vaggestein,60.024,10.784331
NSR:StopPlace:6623,Åsliveien,59.879647,10.790489
NSR:StopPlace:6624,Granum,60.021445,10.785318
NSR:StopPlace:6626,Solemskogen,59.979235,10.817545
NSR:StopPlace:6627,Bekkelagshjemmet,59.885522,10.785017
NSR:StopPlace:6628,Funnefossvegen,60.183532,11.530382
NSR:StopPlace:6629,Kalland,59.97848,10.814365
NSR:StopPlace:6630,Malmøya,59.873351,10.758061
NSR:StopPlace:6631,Linderudkollen,59.97645,10.810862
NSR:StopPlace:6632,Malmøysundet,59.874634,10.759924
NSR:StopPlace:6633,Setervollveien,59.977244,10.806726
NSR:StopPlace:6634,Kirkebakken,59.87835,10.764173
NSR:StopPlace:6635,Kringlevann,59.97642,10.803683
NSR:StopPlace:6636,Idrettsplassen,60.181192,11.523821
NSR:StopPlace:6637,Mailand,59.880065,10.765365
NSR:StopPlace:6638,Grefsenkollen,59.95867,10.804118
NSR:StopPlace:6639,Trollvann,59.961593,10.803272
NSR:StopPlace:6640,Ormsundbakken,59.881693,10.770188
NSR:StopPlace:6642,Simensbråten,59.895637,10.786962
NSR:StopPlace:6644,Hunstadvegen,60.174158,11.494839
NSR:StopPlace:6645,Lyngveien,59.897411,10.792617
NSR:StopPlace:6648,Benveien,59.897512,10.797099
NSR:StopPlace:6650,Oluf Onsums vei,59.895589,10.801959
NSR:StopPlace:6651,Ekeberg hageby,59.897372,10.781508
NSR:StopPlace:6652,Frognerstrand,60.176678,11.502745
NSR:StopPlace:6653,Karlsrud,59.880428,10.805386
NSR:StopPlace:6654,Karlsrud,59.879532,10.802071
NSR:StopPlace:6655,Skogholtveien,59.879835,10.796437
NSR:StopPlace:6656,Skogbygda skole,60.228666,11.514554
NSR:StopPlace:6657,Brattlikollen,59.887377,10.801061
NSR:StopPlace:6658,Brattlikollen T,59.886399,10.800183
NSR:StopPlace:6659,Nordstrand bad,59.866549,10.783247
NSR:StopPlace:6660,Vølund,59.860743,10.785339
NSR:StopPlace:6661,Lindal,60.224155,11.513003
NSR:StopPlace:6662,Katten,59.855335,10.78443
NSR:StopPlace:6663,Ljansbakken,59.850894,10.781692
NSR:StopPlace:6664,Gladvollveien,59.848201,10.778732
NSR:StopPlace:6665,Skogbygda mat,60.22924,11.511864
NSR:StopPlace:6666,Fiskevollen,59.840701,10.778663
NSR:StopPlace:6667,Siksakveien,59.854816,10.785471
NSR:StopPlace:6668,Sørli,59.874943,10.787095
NSR:StopPlace:6669,Måsan,60.19289,11.534236
NSR:StopPlace:6670,Sørli,59.875335,10.789551
NSR:StopPlace:6671,Kastellet,59.871036,10.790366
NSR:StopPlace:6672,Kastellet,59.870097,10.791317
NSR:StopPlace:6673,Nordseter gård,59.871048,10.796708
NSR:StopPlace:6674,Verket,60.220069,11.513402
NSR:StopPlace:6675,Ringshusveien,59.872105,10.80051
NSR:StopPlace:6676,Bråten,59.867175,10.792475
NSR:StopPlace:6677,Sagen,60.215167,11.514427
NSR:StopPlace:6678,Skovheim,59.865271,10.79608
NSR:StopPlace:6679,Bråten,59.866983,10.793799
NSR:StopPlace:6680,Nordstrandhallen,59.864189,10.809321
NSR:StopPlace:6681,Freidigveien,59.865825,10.809283
NSR:StopPlace:6682,Smia,60.21372,11.51569
NSR:StopPlace:6683,Bakkerudveien,59.869136,10.807865
NSR:StopPlace:6684,Sæter,59.861396,10.798666
NSR:StopPlace:6685,Sæter,59.860817,10.801771
NSR:StopPlace:6686,Solstad,60.209468,11.521844
NSR:StopPlace:6687,Munkerud,59.860349,10.811229
NSR:StopPlace:6688,P. A. Holms vei,59.861134,10.815289
NSR:StopPlace:6689,Munkerudkleiva,59.861461,10.819991
NSR:StopPlace:6690,Øgården,59.862045,10.823494
NSR:StopPlace:6691,Halmsås,60.205042,11.522966
NSR:StopPlace:6692,Leirskallen,59.862311,10.827345
NSR:StopPlace:6694,Ljabru,59.853809,10.800526
NSR:StopPlace:6695,Ljabru,59.853849,10.801779
NSR:StopPlace:6696,Valstad,60.244299,11.352061
NSR:StopPlace:6697,Knud Øyens vei,59.851322,10.799187
NSR:StopPlace:6698,Nordstrand kirke,59.857992,10.801591
NSR:StopPlace:6699,Ingiers vei,59.849327,10.788688
NSR:StopPlace:6700,Ihle,60.256355,11.336956
NSR:StopPlace:6701,Kronveien,59.850022,10.798472
NSR:StopPlace:6702,Maikollen,59.858452,10.824323
NSR:StopPlace:6703,Granebakken,59.857161,10.825055
NSR:StopPlace:6704,Ringsby,60.191907,11.458384
NSR:StopPlace:6705,Olasrudveien,59.852474,10.827711
NSR:StopPlace:6708,Hagatoppen,60.190252,11.455109
NSR:StopPlace:6709,Gjersjøelva,59.824339,10.772168
NSR:StopPlace:6710,Hauketo stasjon,59.84612,10.803321
NSR:StopPlace:6711,Bjørkebakka,60.178729,11.44114
NSR:StopPlace:6713,Sveavegen,59.840128,10.805211
NSR:StopPlace:6714,Lerdal,59.837149,10.80662
NSR:StopPlace:6715,Ljabru hovedgård,59.849258,10.803688
NSR:StopPlace:6716,Arnestad,60.166202,11.422471
NSR:StopPlace:6717,Nebbejordet,59.843005,10.813076
NSR:StopPlace:6718,Asperudåsen,59.83994,10.799274
NSR:StopPlace:6719,Asperudtoppen,59.838686,10.800494
NSR:StopPlace:6720,Lerdalstoppen,59.836777,10.80128
NSR:StopPlace:6721,Holmlia stasjon,59.834967,10.796795
NSR:StopPlace:6722,Nordre Vågstad,60.147321,11.422185
NSR:StopPlace:6723,Skovbakken syd,59.837486,10.794545
NSR:StopPlace:6724,Ravnkroken,59.837069,10.789914
NSR:StopPlace:6725,Ravnåsen,59.838039,10.786774
NSR:StopPlace:6726,Sloreåsen,59.842217,10.794973
NSR:StopPlace:6727,Søndre Vågstad,60.143282,11.425372
NSR:StopPlace:6728,Skovbakken nord,59.840422,10.795001
NSR:StopPlace:6729,Hallagerbakken,59.841314,10.793721
NSR:StopPlace:6731,Krummedike,59.82777,10.799064
NSR:StopPlace:6732,Bjørk,60.140067,11.428166
NSR:StopPlace:6733,Nordåsveien,59.829865,10.794041
NSR:StopPlace:6734,Rosenholmveien,59.829997,10.792902
NSR:StopPlace:6735,Åstun,59.830722,10.788496
NSR:StopPlace:6736,Rotnessletta,60.124019,11.434444
NSR:StopPlace:6737,Vestskrenten,59.829562,10.781515
NSR:StopPlace:6738,Grensestien,59.827567,10.779575
NSR:StopPlace:6739,Åsbråten,59.826156,10.782306
NSR:StopPlace:6740,Prinsdal,59.834184,10.807417
NSR:StopPlace:6741,Prinsdalsbakken,59.829223,10.808796
NSR:StopPlace:6742,Brårud skoleplass,60.213542,11.333818
NSR:StopPlace:6743,Trygve Strømbergs vei,59.825798,10.809327
NSR:StopPlace:6744,Berglyveien,59.828811,10.80643
NSR:StopPlace:6745,Høgåsveien,59.830727,10.803583
NSR:StopPlace:6746,Skøyen,60.227809,11.316892
NSR:StopPlace:6747,Gamleskolen,60.219903,11.326615
NSR:StopPlace:6748,Brårud skole,60.214154,11.335753
NSR:StopPlace:6749,Sandaker,60.240373,11.308581
NSR:StopPlace:6750,Bjørnli,60.235079,11.312158
NSR:StopPlace:6751,Årnes møbler,60.126782,11.450451
NSR:StopPlace:6753,Seterstøa stasjon,60.170395,11.566962
NSR:StopPlace:6754,Funnefoss,60.169603,11.533596
NSR:StopPlace:6755,Opaker,60.179098,11.514723
NSR:StopPlace:6756,Uvesund,60.167399,11.47404
NSR:StopPlace:6757,Vormsund skole,60.159571,11.43125
NSR:StopPlace:6758,Ihlangtoppen,60.173882,11.468818
NSR:StopPlace:6759,Nes kirke,60.160161,11.447338
NSR:StopPlace:6760,Lillerommen,60.159909,11.433753
NSR:StopPlace:6761,Torseth,60.158346,11.423021
NSR:StopPlace:6762,Leirtoppen,60.165347,11.466836
NSR:StopPlace:6763,Rønnål,60.219096,11.500355
NSR:StopPlace:6764,Rustadeng,60.198995,11.470816
NSR:StopPlace:6765,Vøyen,60.193888,11.464558
NSR:StopPlace:6766,Rønnåltangen,60.228809,11.506827
NSR:StopPlace:6767,Simarud,60.038509,11.332599
NSR:StopPlace:6768,Horgen,60.066612,11.361573
NSR:StopPlace:6769,Henni,60.064861,11.324254
NSR:StopPlace:6770,Motoppen,60.055205,11.34336
NSR:StopPlace:6771,Flakstad,60.063756,11.356237
NSR:StopPlace:6772,Berg,60.076716,11.368224
NSR:StopPlace:6773,Frogner,60.087393,11.36383
NSR:StopPlace:6774,Gamle Hvam,60.103964,11.382206
NSR:StopPlace:6775,Hvam garasje,60.107074,11.393055
NSR:StopPlace:6776,Østre Mørdre,60.112952,11.407666
NSR:StopPlace:6777,Korsmo,60.119366,11.419127
NSR:StopPlace:6778,Udnes kirke,60.09565,11.395832
NSR:StopPlace:6779,Hvam vgs.,60.104473,11.377217
NSR:StopPlace:6780,Herbergåsen,60.187044,11.541917
NSR:StopPlace:6781,Industrivegen sør,60.187944,11.53961
NSR:StopPlace:6782,Smedsrud,60.156615,11.539216
NSR:StopPlace:6783,Smedsrud skole,60.163172,11.550311
NSR:StopPlace:6784,Halvorsen,60.163431,11.557334
NSR:StopPlace:6785,Bjertnestunet,60.170799,11.547631
NSR:StopPlace:6786,Bjertnesgrenda,60.176622,11.537275
NSR:StopPlace:6787,Torstukroken,60.130719,11.533171
NSR:StopPlace:6788,Skøyenteiet,60.148708,11.5319
NSR:StopPlace:6789,Husmo,60.150366,11.496653
NSR:StopPlace:6790,Foss,60.017313,11.404812
NSR:StopPlace:6791,Rustadvegen,60.026215,11.406175
NSR:StopPlace:6792,Nordbyvegen nord,60.029687,11.40698
NSR:StopPlace:6793,Ruden,60.041207,11.392126
NSR:StopPlace:6794,Konglevegen,60.085845,11.472318
NSR:StopPlace:6795,Bjørnebærvegen,60.086151,11.466167
NSR:StopPlace:6796,Røsslyngvegen,60.090091,11.478193
NSR:StopPlace:6797,Presthagen,60.119613,11.465971
NSR:StopPlace:6798,Fjukfeltet,60.112402,11.46976
NSR:StopPlace:6799,Nylænne,60.108242,11.47752
NSR:StopPlace:6800,Mogrendvegen,60.100351,11.483669
NSR:StopPlace:6801,Neskollen,60.126512,11.342174
NSR:StopPlace:6802,Styri,60.315548,11.291702
NSR:StopPlace:6803,Sørli,60.365532,11.346297
NSR:StopPlace:6804,Børstadbakken,60.332013,11.28066
NSR:StopPlace:6805,Holseter,60.352,11.337389
NSR:StopPlace:6806,Tjernsmo,60.3429,11.333427
NSR:StopPlace:6807,Maurbråten,60.335653,11.330424
NSR:StopPlace:6808,Jønsjøen,60.330523,11.317511
NSR:StopPlace:6809,Lilleborg,60.331637,11.298148
NSR:StopPlace:6810,Storbråtavegen,60.357715,11.347659
NSR:StopPlace:6811,Brennlia,60.3303,11.305194
NSR:StopPlace:6812,Sanderud,60.392421,11.212232
NSR:StopPlace:6813,Vestheim,60.39445,11.218098
NSR:StopPlace:6814,Minne industriområde,60.390928,11.211575
NSR:StopPlace:6815,Sandvoll,60.387006,11.200253
NSR:StopPlace:6816,Sætre,60.377571,11.23629
NSR:StopPlace:6817,Berger,60.375762,11.216086
NSR:StopPlace:6818,Dytterud,60.386523,11.229213
NSR:StopPlace:6819,Tansum,60.402901,11.196111
NSR:StopPlace:6820,Tosterud,60.455465,11.18938
NSR:StopPlace:6821,Byrud,60.41041,11.189184
NSR:StopPlace:6822,Stenshol,60.389656,11.198373
NSR:StopPlace:6823,Nygård,60.291223,11.198258
NSR:StopPlace:6824,Landsverk,60.308162,11.212052
NSR:StopPlace:6825,Nygård trygdebolig,60.292318,11.198895
NSR:StopPlace:6826,Bønsdalskrysset,60.28459,11.184026
NSR:StopPlace:6828,Holt,60.386385,11.265797
NSR:StopPlace:6829,Brustad,60.380824,11.264293
NSR:StopPlace:6830,Torvet,60.373155,11.269942
NSR:StopPlace:6831,Effata,60.365676,11.278718
NSR:StopPlace:6832,Holsletta,60.359932,11.280064
NSR:StopPlace:6833,Hemli,60.352674,11.284107
NSR:StopPlace:6834,Sanderhaugen,60.371005,11.275479
NSR:StopPlace:6835,Skakkland,60.345975,11.288382
NSR:StopPlace:6836,Løkenvangen,60.265916,11.222338
NSR:StopPlace:6837,Dønnum,60.254909,11.213026
NSR:StopPlace:6838,Skytterseter,60.255135,11.209778
NSR:StopPlace:6839,Linderud,60.268199,11.227201
NSR:StopPlace:6840,Hagamoen,60.260235,11.214565
NSR:StopPlace:6841,Furusetsenter,60.249515,11.207423
NSR:StopPlace:6842,Skytterveien,60.252513,11.210676
NSR:StopPlace:6843,Stubberud,60.542287,11.1884
NSR:StopPlace:6844,Dokken nord,60.365866,11.21029
NSR:StopPlace:6845,Dokken,60.362682,11.214615
NSR:StopPlace:6846,Bergly,60.351574,11.212068
NSR:StopPlace:6847,Hammerstad nord,60.336132,11.216046
NSR:StopPlace:6848,Smedstadgutua,60.345263,11.21746
NSR:StopPlace:6849,Hammerås,60.330945,11.212877
NSR:StopPlace:6850,Finstad,60.28694,11.24185
NSR:StopPlace:6851,Vardrum,60.278459,11.24301
NSR:StopPlace:6852,Yri,60.273538,11.239145
NSR:StopPlace:6853,Finsbråten,60.371363,11.358597
NSR:StopPlace:6854,Grotten,60.31135,11.297912
NSR:StopPlace:6855,Jøndal,60.303958,11.302343
NSR:StopPlace:6856,Frilsetåsen,60.291202,11.310569
NSR:StopPlace:6857,Knofsløkka,60.388432,11.359796
NSR:StopPlace:6858,Millidal,60.380356,11.352706
NSR:StopPlace:6859,Dønnum slakteri,60.313116,11.179362
NSR:StopPlace:6860,Hammerstad,60.330195,11.213893
NSR:StopPlace:6861,Myrer,60.327102,11.222572
NSR:StopPlace:6862,Vegamot,60.324052,11.229419
NSR:StopPlace:6863,Fagerli,60.322275,11.237858
NSR:StopPlace:6864,Holstangen,60.328131,11.245918
NSR:StopPlace:6865,Bygdetunet,60.327962,11.204918
NSR:StopPlace:6866,Vestvang,60.325947,11.201683
NSR:StopPlace:6867,Siggerudhagan,60.324302,11.199167
NSR:StopPlace:6868,Siggerudtoppen,60.321405,11.195937
NSR:StopPlace:6869,Brennsmork,60.318352,11.191992
NSR:StopPlace:6870,Ås nordre,60.342216,11.2038
NSR:StopPlace:6871,Ås skole,60.329622,11.216767
NSR:StopPlace:6872,Spetalenkrysset,60.355097,11.1906
NSR:StopPlace:70205,Tofte skole,59.540826,10.554531
NSR:StopPlace:80002,Lokevegen,60.164529,11.164064
NSR:StopPlace:9590,Dysterud bru,60.197515,11.576814
NSR:StopPlace:995,Trøgstad Mølla,59.643694,11.328286
NSR:StopPlace:997,Verpet,59.644816,11.338786
